Слово,Количество,Связь с реальным миром
من,2763,"Проверяемое соответствие не найдено. 2763 вхождения من объединяют предлог (2366), относительное местоимение (343), условное (37), вопросительное (13) и глагол مَنَّ (4; например, 3:164). Для этих разных значений единая внешняя количественная характеристика не определена. Разметка: https://corpus.quran.com/download/."
الله,2153,Исследование не завершено
في,1185,Проверяемое соответствие не найдено. Все 1185 вхождений — служебные формы или местоимения по QAC v0.4 (предлог; https://corpus.quran.com/download/). Их грамматическая функция не задаёт независимой измеримой величины для сравнения с частотой.
ما,1013,Исследование не завершено
إن,966,"Проверяемое соответствие не найдено. Все 966 вхождений — служебные формы или местоимения по QAC v0.4 (грамматическая частица, утвердительная частица, условная частица/местоимение, отрицательная частица; https://corpus.quran.com/download/). Их грамматическая функция не задаёт независимой измеримой величины для сравнения с частотой."
لا,812,"Проверяемое соответствие не найдено. Все 812 вхождений — служебные формы или местоимения по QAC v0.4 (отрицательная частица, запретительная частица; https://corpus.quran.com/download/). Их грамматическая функция не задаёт независимой измеримой величины для сравнения с частотой."
الذين,810,"Проверяемое соответствие не найдено. Все 810 вхождений — служебные формы или местоимения по QAC v0.4 (условная частица/местоимение, относительное местоимение; https://corpus.quran.com/download/). Их грамматическая функция не задаёт независимой измеримой величины для сравнения с частотой."
على,670,Проверяемое соответствие не найдено. Все 670 вхождений — служебные формы или местоимения по QAC v0.4 (предлог; https://corpus.quran.com/download/). Их грамматическая функция не задаёт независимой измеримой величины для сравнения с частотой.
إلا,664,Исследование не завершено
ولا,658,"Проверяемое соответствие не найдено. Все 658 вхождений — служебные формы или местоимения по QAC v0.4 (отрицательная частица, запретительная частица; https://corpus.quran.com/download/). Их грамматическая функция не задаёт независимой измеримой величины для сравнения с частотой."
وما,646,"Проверяемое соответствие не найдено. Все 646 вхождений — служебные формы или местоимения по QAC v0.4 (условная частица/местоимение, вопросительная частица/местоимение, отрицательная частица, относительное местоимение, подчинительная частица; https://corpus.quran.com/download/). Их грамматическая функция не задаёт независимой измеримой величины для сравнения с частотой."
أن,638,Исследование не завершено
قال,416,Исследование не завершено
إلى,405,Проверяемое соответствие не найдено. Все 405 вхождений — служебные формы или местоимения по QAC v0.4 (предлог; https://corpus.quran.com/download/). Их грамматическая функция не задаёт независимой измеримой величины для сравнения с частотой.
لهم,373,Проверяемое соответствие не найдено. Все 373 вхождений — служебные формы или местоимения по QAC v0.4 (личное/притяжательное местоимение; https://corpus.quran.com/download/). Их грамматическая функция не задаёт независимой измеримой величины для сравнения с частотой.
يا,350,Исследование не завершено
ومن,342,"Проверяемое соответствие не найдено. Все 342 вхождений — служебные формы или местоимения по QAC v0.4 (условная частица/местоимение, вопросительная частица/местоимение, предлог, относительное местоимение; https://corpus.quran.com/download/). Их грамматическая функция не задаёт независимой измеримой величины для сравнения с частотой."
ثم,340,Исследование не завершено
لكم,337,Проверяемое соответствие не найдено. Все 337 вхождений — служебные формы или местоимения по QAC v0.4 (личное/притяжательное местоимение; https://corpus.quran.com/download/). Их грамматическая функция не задаёт независимой измеримой величины для сравнения с частотой.
به,327,Проверяемое соответствие не найдено. Все 327 вхождений — служебные формы или местоимения по QAC v0.4 (личное/притяжательное местоимение; https://corpus.quran.com/download/). Их грамматическая функция не задаёт независимой измеримой величины для сравнения с частотой.
كان,323,Исследование не завершено
بما,296,"Проверяемое соответствие не найдено. Все 296 вхождений — служебные формы или местоимения по QAC v0.4 (относительное местоимение, подчинительная частица; https://corpus.quran.com/download/). Их грамматическая функция не задаёт независимой измеримой величины для сравнения с частотой."
قل,294,Исследование не завершено
الأرض,287,Исследование не завершено
أو,280,Проверяемое соответствие не найдено. Все 280 вхождений — служебные формы или местоимения по QAC v0.4 (союз; https://corpus.quran.com/download/). Их грамматическая функция не задаёт независимой измеримой величины для сравнения с частотой.
ذلك,280,Проверяемое соответствие не найдено. Все 280 вхождений — служебные формы или местоимения по QAC v0.4 (указательное местоимение; https://corpus.quran.com/download/). Их грамматическая функция не задаёт независимой измеримой величины для сравнения с частотой.
له,275,Проверяемое соответствие не найдено. Все 275 вхождений — служебные формы или местоимения по QAC v0.4 (личное/притяжательное местоимение; https://corpus.quran.com/download/). Их грамматическая функция не задаёт независимой измеримой величины для сравнения с частотой.
الذي,268,Проверяемое соответствие не найдено. Все 268 вхождений — служебные формы или местоимения по QAC v0.4 (относительное местоимение; https://corpus.quran.com/download/). Их грамматическая функция не задаёт независимой измеримой величины для сравнения с частотой.
هو,265,Проверяемое соответствие не найдено. Все 265 вхождений — служебные формы или местоимения по QAC v0.4 (личное/притяжательное местоимение; https://corpus.quran.com/download/). Их грамматическая функция не задаёт независимой измеримой величины для сравнения с частотой.
آمنوا,263,Исследование не завершено
هم,261,Исследование не завершено
وإن,254,"Проверяемое соответствие не найдено. Все 254 вхождений — служебные формы или местоимения по QAC v0.4 (грамматическая частица, утвердительная частица, условная частица/местоимение, отрицательная частица; https://corpus.quran.com/download/). Их грамматическая функция не задаёт независимой измеримой величины для сравнения с частотой."
قالوا,250,Исследование не завершено
كل,245,Исследование не завершено
فيها,241,Проверяемое соответствие не найдено. Все 241 вхождений — служебные формы или местоимения по QAC v0.4 (предлог; https://corpus.quran.com/download/). Их грамматическая функция не задаёт независимой измеримой величины для сравнения с частотой.
والله,240,Исследование не завершено
كانوا,229,Исследование не завершено
عن,223,Проверяемое соответствие не найдено. Все 223 вхождений — служебные формы или местоимения по QAC v0.4 (предлог; https://corpus.quran.com/download/). Их грамматическая функция не задаёт независимой измеримой величины для сравнения с частотой.
إذا,221,Исследование не завершено
ربك,220,Исследование не завершено
يوم,217,"Соответствие не воспроизведено. Частота самой формы يوم — 217. По отдельному профилю QAC лемма يوم даёт 405 вхождений, из них 375 форм единственного числа; 365 получается исключением 10 форм يومكم и يومهم. Число 356 пока не воспроизведено; методика: RECOUNT.md. Длина земного года около 365,25 суток (https://science.nasa.gov/earth/facts/)."
عليهم,214,Проверяемое соответствие не найдено. Все 214 вхождений — служебные формы или местоимения по QAC v0.4 (предлог; https://corpus.quran.com/download/). Их грамматическая функция не задаёт независимой измеримой величины для сравнения с частотой.
شيء,190,Исследование не завершено
هذا,190,Проверяемое соответствие не найдено. Все 190 вхождений — служебные формы или местоимения по QAC v0.4 (указательное местоимение; https://corpus.quran.com/download/). Их грамматическая функция не задаёт независимой измеримой величины для сравнения с частотой.
كفروا,189,Исследование не завершено
كنتم,188,Исследование не завершено
السماوات,182,Исследование не завершено
الناس,182,Исследование не завершено
لم,178,"Проверяемое соответствие не найдено. Все 178 вхождений — служебные формы или местоимения по QAC v0.4 (вопросительная частица/местоимение, отрицательная частица; https://corpus.quran.com/download/). Их грамматическая функция не задаёт независимой измеримой величины для сравнения с частотой."
وهو,171,Проверяемое соответствие не найдено. Все 171 вхождений — служебные формы или местоимения по QAC v0.4 (личное/притяжательное местоимение; https://corpus.quran.com/download/). Их грамматическая функция не задаёт независимой измеримой величины для сравнения с частотой.
فإن,168,"Проверяемое соответствие не найдено. Все 168 вхождений — служебные формы или местоимения по QAC v0.4 (грамматическая частица, условная частица/местоимение; https://corpus.quran.com/download/). Их грамматическая функция не задаёт независимой измеримой величины для сравнения с частотой."
إذ,165,Исследование не завершено
عليكم,164,Проверяемое соответствие не найдено. Все 164 вхождений — служебные формы или местоимения по QAC v0.4 (предлог; https://corpus.quran.com/download/). Их грамматическая функция не задаёт независимой измеримой величины для сравнения с частотой.
والذين,164,"Проверяемое соответствие не найдено. Все 164 вхождений — служебные формы или местоимения по QAC v0.4 (условная частица/местоимение, относительное местоимение; https://corpus.quran.com/download/). Их грамматическая функция не задаёт независимой измеримой величины для сравнения с частотой."
الكتاب,163,Исследование не завершено
والأرض,157,Исследование не завершено
إنا,156,Проверяемое соответствие не найдено. Все 156 вхождений — служебные формы или местоимения по QAC v0.4 (грамматическая частица; https://corpus.quran.com/download/). Их грамматическая функция не задаёт независимой измеримой величины для сравнения с частотой.
فلا,156,"Проверяемое соответствие не найдено. Все 156 вхождений — служебные формы или местоимения по QAC v0.4 (отрицательная частица, запретительная частица; https://corpus.quran.com/download/). Их грамматическая функция не задаёт независимой измеримой величины для сравнения с частотой."
منهم,153,Проверяемое соответствие не найдено. Все 153 вхождений — служебные формы или местоимения по QAC v0.4 (предлог; https://corpus.quran.com/download/). Их грамматическая функция не задаёт независимой измеримой величины для сравнения с частотой.
أيها,150,Исследование не завершено
عذاب,150,Исследование не завершено
بعد,149,Исследование не завершено
إنه,147,Проверяемое соответствие не найдено. Все 147 вхождений — служебные формы или местоимения по QAC v0.4 (грамматическая частица; https://corpus.quran.com/download/). Их грамматическая функция не задаёт независимой измеримой величины для сравнения с частотой.
عليه,146,Проверяемое соответствие не найдено. Все 146 вхождений — служебные формы или местоимения по QAC v0.4 (предлог; https://corpus.quran.com/download/). Их грамматическая функция не задаёт независимой измеримой величины для сравнения с частотой.
حتى,142,Исследование не завершено
بالله,139,Исследование не завершено
وهم,137,Исследование не завершено
وإذا,134,Исследование не завершено
أولئك,133,Проверяемое соответствие не найдено. Все 133 вхождений — служебные формы или местоимения по QAC v0.4 (указательное местоимение; https://corpus.quran.com/download/). Их грамматическая функция не задаёт независимой измеримой величины для сравнения с частотой.
أم,131,Исследование не завершено
إني,131,Проверяемое соответствие не найдено. Все 131 вхождений — служебные формы или местоимения по QAC v0.4 (грамматическая частица; https://corpus.quran.com/download/). Их грамматическая функция не задаёт независимой измеримой величины для сравнения с частотой.
رب,130,Исследование не завершено
موسى,129,Исследование не завершено
ولقد,129,Проверяемое соответствие не найдено. Все 129 вхождений — служебные формы или местоимения по QAC v0.4 (утвердительная частица; https://corpus.quran.com/download/). Их грамматическая функция не задаёт независимой измеримой величины для сравнения с частотой.
بل,127,Исследование не завершено
فيه,127,Проверяемое соответствие не найдено. Все 127 вхождений — служебные формы или местоимения по QAC v0.4 (предлог; https://corpus.quran.com/download/). Их грамматическая функция не задаёт независимой измеримой величины для сравнения с частотой.
قد,126,Исследование не завершено
قوم,126,Исследование не завершено
عند,119,Исследование не завершено
قبل,118,Исследование не завершено
خير,116,Исследование не завершено
لله,116,Исследование не завершено
يشاء,116,Исследование не завершено
الدنيا,115,Исследование не завершено
إنما,113,"Проверяемое соответствие не найдено. Все 113 вхождений — служебные формы или местоимения по QAC v0.4 (грамматическая частица, ограничительная частица, относительное местоимение; https://corpus.quran.com/download/). Их грамматическая функция не задаёт независимой измеримой величины для сравнения с частотой."
ولكن,112,"Проверяемое соответствие не найдено. Все 112 вхождений — служебные формы или местоимения по QAC v0.4 (грамматическая частица, частица противопоставления; https://corpus.quran.com/download/). Их грамматическая функция не задаёт независимой измеримой величины для сравнения с частотой."
ربهم,111,Исследование не завершено
مما,111,"Проверяемое соответствие не найдено. Все 111 вхождений — служебные формы или местоимения по QAC v0.4 (предлог, ограничительная частица, относительное местоимение; https://corpus.quran.com/download/). Их грамматическая функция не задаёт независимой измеримой величины для сравнения с частотой."
ولو,111,"Проверяемое соответствие не найдено. Все 111 вхождений — служебные формы или местоимения по QAC v0.4 (условная частица/местоимение, подчинительная частица; https://corpus.quran.com/download/). Их грамматическая функция не задаёт независимой измеримой величины для сравнения с частотой."
الحق,109,Исследование не завершено
السماء,109,Исследование не завершено
منكم,107,Проверяемое соответствие не найдено. Все 107 вхождений — служебные формы или местоимения по QAC v0.4 (предлог; https://corpus.quran.com/download/). Их грамматическая функция не задаёт независимой измеримой величины для сравнения с частотой.
ربنا,106,Исследование не завершено
عليم,106,Исследование не завершено
النار,102,Исследование не завершено
ربكم,102,Исследование не завершено
فلما,101,Исследование не завершено
ألا,99,Исследование не завершено
أنزل,95,Исследование не завершено
ربي,94,Исследование не завершено
لمن,94,"Проверяемое соответствие не найдено. Все 94 вхождений — служебные формы или местоимения по QAC v0.4 (условная частица/местоимение, вопросительная частица/местоимение, предлог, относительное местоимение; https://corpus.quran.com/download/). Их грамматическая функция не задаёт независимой измеримой величины для сравнения с частотой."
دون,91,Исследование не завершено
فمن,90,Исследование не завершено
منه,88,Проверяемое соответствие не найдено. Все 88 вхождений — служебные формы или местоимения по QAC v0.4 (предлог; https://corpus.quran.com/download/). Их грамматическая функция не задаёт независимой измеримой величины для сравнения с частотой.
سبيل,87,Исследование не завершено
فإذا,87,Исследование не завершено
فما,86,"Проверяемое соответствие не найдено. Все 86 вхождений — служебные формы или местоимения по QAC v0.4 (условная частица/местоимение, вопросительная частица/местоимение, отрицательная частица, относительное местоимение; https://corpus.quran.com/download/). Их грамматическая функция не задаёт независимой измеримой величины для сравнения с частотой."
كذلك,86,Проверяемое соответствие не найдено. Все 86 вхождений — служебные формы или местоимения по QAC v0.4 (указательное местоимение; https://corpus.quran.com/download/). Их грамматическая функция не задаёт независимой измеримой величины для сравнения с частотой.
منها,86,Проверяемое соответствие не найдено. Все 86 вхождений — служебные формы или местоимения по QAC v0.4 (предлог; https://corpus.quran.com/download/). Их грамматическая функция не задаёт независимой измеримой величины для сравнения с частотой.
يؤمنون,86,Исследование не завершено
العذاب,85,Исследование не завершено
وقال,85,Исследование не завершено
مبين,84,Исследование не завершено
وكان,84,Исследование не завершено
تعملون,83,Исследование не завершено
خلق,83,Исследование не завершено
لنا,83,Проверяемое соответствие не найдено. Все 83 вхождений — служебные формы или местоимения по QAC v0.4 (личное/притяжательное местоимение; https://corpus.quran.com/download/). Их грамматическая функция не задаёт независимой измеримой величины для сравнения с частотой.
يعلمون,82,Исследование не завершено
أنتم,80,Исследование не завершено
بين,80,Исследование не завершено
للذين,80,Проверяемое соответствие не найдено. Все 80 вхождений — служебные формы или местоимения по QAC v0.4 (относительное местоимение; https://corpus.quran.com/download/). Их грамматическая функция не задаёт независимой измеримой величины для сравнения с частотой.
لو,80,Исследование не завершено
بها,79,Проверяемое соответствие не найдено. Все 79 вхождений — служебные формы или местоимения по QAC v0.4 (личное/притяжательное местоимение; https://corpus.quran.com/download/). Их грамматическая функция не задаёт независимой измеримой величины для сравнения с частотой.
ألم,78,Проверяемое соответствие не найдено. Все 78 вхождений — служебные формы или местоимения по QAC v0.4 (отрицательная частица; https://corpus.quran.com/download/). Их грамматическая функция не задаёт независимой измеримой величины для сравнения с частотой.
المؤمنين,78,Исследование не завершено
إليك,77,Проверяемое соответствие не найдено. Все 77 вхождений — служебные формы или местоимения по QAC v0.4 (предлог; https://corpus.quran.com/download/). Их грамматическая функция не задаёт независимой измеримой величины для сравнения с частотой.
شيئا,77,Исследование не завершено
إليه,76,Проверяемое соответствие не найдено. Все 76 вхождений — служебные формы или местоимения по QAC v0.4 (предлог; https://corpus.quran.com/download/). Их грамматическая функция не задаёт независимой измеримой величины для сравнения с частотой.
عنهم,75,Проверяемое соответствие не найдено. Все 75 вхождений — служебные формы или местоимения по QAC v0.4 (предлог; https://corpus.quran.com/download/). Их грамматическая функция не задаёт независимой измеримой величины для сравнения с частотой.
بالحق,74,Исследование не завершено
لما,74,Исследование не завершено
إله,73,Исследование не завершено
ربه,73,Исследование не завершено
أنفسهم,72,Исследование не завершено
جهنم,72,Исследование не завершено
وإذ,72,Исследование не завершено
الآخرة,71,Исследование не завершено
لك,71,Проверяемое соответствие не найдено. Все 71 вхождений — служебные формы или местоимения по QAC v0.4 (личное/притяжательное местоимение; https://corpus.quran.com/download/). Их грамматическая функция не задаёт независимой измеримой величины для сравнения с частотой.
يعلم,71,Исследование не завершено
القيامة,70,Исследование не завершено
غير,69,Исследование не завершено
وأن,69,Исследование не завершено
فرعون,67,Исследование не завершено
هل,67,Проверяемое соответствие не найдено. Все 67 вхождений — служебные формы или местоимения по QAC v0.4 (вопросительная частица/местоимение; https://corpus.quran.com/download/). Их грамматическая функция не задаёт независимой измеримой величины для сравнения с частотой.
أنا,66,"Проверяемое соответствие не найдено. Все 66 вхождений — служебные формы или местоимения по QAC v0.4 (грамматическая частица, личное/притяжательное местоимение; https://corpus.quran.com/download/). Их грамматическая функция не задаёт независимой измеримой величины для сравнения с частотой."
ورسوله,66,Исследование не завершено
قلوبهم,65,Исследование не завершено
نحن,65,Проверяемое соответствие не найдено. Все 65 вхождений — служебные формы или местоимения по QAC v0.4 (личное/притяжательное местоимение; https://corpus.quran.com/download/). Их грамматическая функция не задаёт независимой измеримой величины для сравнения с частотой.
يومئذ,65,Исследование не завершено
الظالمين,64,Исследование не завершено
العزيز,64,Исследование не завершено
إنهم,63,Проверяемое соответствие не найдено. Все 63 вхождений — служебные формы или местоимения по QAC v0.4 (грамматическая частица; https://corpus.quran.com/download/). Их грамматическая функция не задаёт независимой измеримой величины для сравнения с частотой.
الحياة,63,Исследование не завершено
الشيطان,63,Исследование не завершено
كنا,63,Исследование не завершено
لي,63,Проверяемое соответствие не найдено. Все 63 вхождений — служебные формы или местоимения по QAC v0.4 (личное/притяжательное местоимение; https://corpus.quran.com/download/). Их грамматическая функция не задаёт независимой измеримой величины для сравнения с частотой.
أصحاب,62,Исследование не завершено
إبراهيم,62,Исследование не завершено
القوم,62,Исследование не завершено
جنات,62,Исследование не завершено
كيف,62,Исследование не завершено
الصالحات,61,Исследование не завершено
العالمين,61,Исследование не завершено
بعض,61,Исследование не завершено
رحيم,61,Исследование не завершено
وقالوا,61,Исследование не завершено
علم,60,Исследование не завершено
الليل,59,Исследование не завершено
كما,59,"Проверяемое соответствие не найдено. Все 59 вхождений — служебные формы или местоимения по QAC v0.4 (относительное местоимение, подчинительная частица; https://corpus.quran.com/download/). Их грамматическая функция не задаёт независимой измеримой величины для сравнения с частотой."
لعلكم,59,Проверяемое соответствие не найдено. Все 59 вхождений — служебные формы или местоимения по QAC v0.4 (грамматическая частица; https://corpus.quran.com/download/). Их грамматическая функция не задаёт независимой измеримой величины для сравнения с частотой.
لن,59,Проверяемое соответствие не найдено. Все 59 вхождений — служебные формы или местоимения по QAC v0.4 (отрицательная частица; https://corpus.quran.com/download/). Их грамматическая функция не задаёт независимой измеримой величины для сравнения с частотой.
الإنسان,58,Исследование не завершено
الصلاة,58,Исследование не завершено
بينهم,58,Исследование не завершено
مع,58,Исследование не завершено
التي,57,Проверяемое соответствие не найдено. Все 57 вхождений — служебные формы или местоимения по QAC v0.4 (относительное местоимение; https://corpus.quran.com/download/). Их грамматическая функция не задаёт независимой измеримой величины для сравнения с частотой.
بآياتنا,57,Исследование не завершено
جاء,57,Исследование не завершено
عليك,57,Проверяемое соответствие не найдено. Все 57 вхождений — служебные формы или местоимения по QAC v0.4 (предлог; https://corpus.quran.com/download/). Их грамматическая функция не задаёт независимой измеримой величины для сравнения с частотой.
فقد,57,Проверяемое соответствие не найдено. Все 57 вхождений — служебные формы или местоимения по QAC v0.4 (утвердительная частица; https://corpus.quran.com/download/). Их грамматическая функция не задаёт независимой измеримой величины для сравнения с частотой.
أهل,56,Исследование не завершено
الجنة,56,Исследование не завершено
تعلمون,56,Исследование не завершено
شاء,56,Исследование не завершено
يعملون,56,Исследование не завершено
أعلم,55,Исследование не завершено
أنت,55,Проверяемое соответствие не найдено. Все 55 вхождений — служебные формы или местоимения по QAC v0.4 (личное/притяжательное местоимение; https://corpus.quran.com/download/). Их грамматическая функция не задаёт независимой измеримой величины для сравнения с частотой.
قليلا,55,Исследование не завершено
لقد,54,Проверяемое соответствие не найдено. Все 54 вхождений — служебные формы или местоимения по QAC v0.4 (утвердительная частица; https://corpus.quran.com/download/). Их грамматическая функция не задаёт независимой измеримой величины для сравнения с частотой.
وعملوا,53,Исследование не завершено
آيات,52,Исследование не завершено
أليم,52,Исследование не завершено
الكافرين,52,Исследование не завершено
رسول,52,Исследование не завершено
غفور,52,Исследование не завершено
قبلهم,52,Исследование не завершено
أرسلنا,51,Исследование не завершено
بني,51,Исследование не завершено
علينا,51,Проверяемое соответствие не найдено. Все 51 вхождений — служебные формы или местоимения по QAC v0.4 (предлог; https://corpus.quran.com/download/). Их грамматическая функция не задаёт независимой измеримой величины для сравнения с частотой.
كنت,51,Исследование не завершено
لقوم,51,Исследование не завершено
للناس,51,Исследование не завершено
يقولون,51,Исследование не завершено
إنك,50,Проверяемое соответствие не найдено. Все 50 вхождений — служебные формы или местоимения по QAC v0.4 (грамматическая частица; https://corpus.quran.com/download/). Их грамматическая функция не задаёт независимой измеримой величины для сравнения с частотой.
أمة,49,Исследование не завершено
جميعا,49,Исследование не завершено
عظيم,49,Исследование не завершено
تجري,48,Исследование не завершено
آية,47,Исследование не завершено
الدين,47,Исследование не завершено
عما,47,"Проверяемое соответствие не найдено. Все 47 вхождений — служебные формы или местоимения по QAC v0.4 (предлог, относительное местоимение, подчинительная частица; https://corpus.quran.com/download/). Их грамматическая функция не задаёт независимой измеримой величины для сравнения с частотой."
كتاب,47,Исследование не завершено
ليس,47,Исследование не завершено
مثل,47,Исследование не завершено
نفس,47,Исследование не завершено
هي,47,Проверяемое соответствие не найдено. Все 47 вхождений — служебные формы или местоимения по QAC v0.4 (личное/притяжательное местоимение; https://corpus.quran.com/download/). Их грамматическая функция не задаёт независимой измеримой величины для сравнения с частотой.
ولم,47,Проверяемое соответствие не найдено. Все 47 вхождений — служебные формы или местоимения по QAC v0.4 (отрицательная частица; https://corpus.quran.com/download/). Их грамматическая функция не задаёт независимой измеримой величины для сравнения с частотой.
عليها,46,Проверяемое соответствие не найдено. Все 46 вхождений — служебные формы или местоимения по QAC v0.4 (предлог; https://corpus.quran.com/download/). Их грамматическая функция не задаёт независимой измеримой величины для сравнения с частотой.
فأولئك,46,Проверяемое соответствие не найдено. Все 46 вхождений — служебные формы или местоимения по QAC v0.4 (указательное местоимение; https://corpus.quran.com/download/). Их грамматическая функция не задаёт независимой измеримой величины для сравнения с частотой.
كثيرا,46,Исследование не завершено
هذه,46,Проверяемое соответствие не найдено. Все 46 вхождений — служебные формы или местоимения по QAC v0.4 (указательное местоимение; https://corpus.quran.com/download/). Их грамматическая функция не задаёт независимой измеримой величины для сравнения с частотой.
أفلا,45,Проверяемое соответствие не найдено. Все 45 вхождений — служебные формы или местоимения по QAC v0.4 (отрицательная частица; https://corpus.quran.com/download/). Их грамматическая функция не задаёт независимой измеримой величины для сравнения с частотой.
الرحمن,45,Исследование не завершено
الرسول,45,Исследование не завершено
جعل,45,Исследование не завершено
وأنتم,45,Проверяемое соответствие не найдено. Все 45 вхождений — служебные формы или местоимения по QAC v0.4 (личное/притяжательное местоимение; https://corpus.quran.com/download/). Их грамматическая функция не задаёт независимой измеримой величины для сравнения с частотой.
خالدين,44,Исследование не завершено
ذلكم,44,Проверяемое соответствие не найдено. Все 44 вхождений — служебные формы или местоимения по QAC v0.4 (указательное местоимение; https://corpus.quran.com/download/). Их грамматическая функция не задаёт независимой измеримой величины для сравнения с частотой.
ويوم,44,Исследование не завершено
الأنهار,43,Исследование не завершено
القرآن,43,Исследование не завершено
كذبوا,43,Исследование не завершено
وقد,43,Проверяемое соответствие не найдено. Все 43 вхождений — служебные формы или местоимения по QAC v0.4 (утвердительная частица; https://corpus.quran.com/download/). Их грамматическая функция не задаёт независимой измеримой величины для сравнения с частотой.
ولهم,43,Проверяемое соответствие не найдено. Все 43 вхождений — служебные формы или местоимения по QAC v0.4 (личное/притяжательное местоимение; https://corpus.quran.com/download/). Их грамматическая функция не задаёт независимой измеримой величины для сравнения с частотой.
يهدي,43,Исследование не завершено
إسرائيل,42,Исследование не завершено
الحكيم,42,Исследование не завершено
ظلموا,42,Исследование не завершено
واتقوا,42,Исследование не завершено
أمر,41,Исследование не завершено
أنهم,41,Проверяемое соответствие не найдено. Все 41 вхождений — служебные формы или местоимения по QAC v0.4 (грамматическая частица; https://corpus.quran.com/download/). Их грамматическая функция не задаёт независимой измеримой величины для сравнения с частотой.
اليوم,41,Исследование не завершено
بغير,41,Исследование не завершено
بهم,41,Проверяемое соответствие не найдено. Все 41 вхождений — служебные формы или местоимения по QAC v0.4 (личное/притяжательное местоимение; https://corpus.quran.com/download/). Их грамматическая функция не задаёт независимой измеримой величины для сравнения с частотой.
جاءهم,41,Исследование не завершено
فهم,41,Проверяемое соответствие не найдено. Все 41 вхождений — служебные формы или местоимения по QAC v0.4 (личное/притяжательное местоимение; https://corpus.quran.com/download/). Их грамматическая функция не задаёт независимой измеримой величины для сравнения с частотой.
لعلهم,41,Проверяемое соответствие не найдено. Все 41 вхождений — служебные формы или местоимения по QAC v0.4 (грамматическая частица; https://corpus.quran.com/download/). Их грамматическая функция не задаёт независимой измеримой величины для сравнения с частотой.
لها,41,Проверяемое соответствие не найдено. Все 41 вхождений — служебные формы или местоимения по QAC v0.4 (личное/притяжательное местоимение; https://corpus.quran.com/download/). Их грамматическая функция не задаёт независимой измеримой величины для сравнения с частотой.
هؤلاء,41,"Проверяемое соответствие не найдено. Все 41 вхождений — служебные формы или местоимения по QAC v0.4 (указательное местоимение, относительное местоимение; https://corpus.quran.com/download/). Их грамматическая функция не задаёт независимой измеримой величины для сравнения с частотой."
إليهم,40,Проверяемое соответствие не найдено. Все 40 вхождений — служебные формы или местоимения по QAC v0.4 (предлог; https://corpus.quran.com/download/). Их грамматическая функция не задаёт независимой измеримой величины для сравнения с частотой.
قوما,40,Исследование не завершено
حكيم,39,Исследование не завершено
وعلى,39,Проверяемое соответствие не найдено. Все 39 вхождений — служебные формы или местоимения по QAC v0.4 (предлог; https://corpus.quran.com/download/). Их грамматическая функция не задаёт независимой измеримой величины для сравнения с частотой.
يحب,39,Исследование не завершено
يقول,39,Исследование не завершено
أكثرهم,38,Исследование не завершено
أنفسكم,38,Исследование не завершено
الملائكة,38,Исследование не завершено
دونه,38,Исследование не завершено
ذكر,38,Исследование не завершено
عذابا,38,Исследование не завершено
كلا,38,Исследование не завершено
لولا,38,"Проверяемое соответствие не найдено. Все 38 вхождений — служебные формы или местоимения по QAC v0.4 (условная частица/местоимение, побудительная частица; https://corpus.quran.com/download/). Их грамматическая функция не задаёт независимой измеримой величины для сравнения с частотой."
هدى,38,Исследование не завершено
وعد,38,Исследование не завершено
وكذلك,38,Проверяемое соответствие не найдено. Все 38 вхождений — служебные формы или местоимения по QAC v0.4 (указательное местоимение; https://corpus.quran.com/download/). Их грамматическая функция не задаёт независимой измеримой величины для сравнения с частотой.
يريد,38,Исследование не завершено
آمنا,37,Исследование не завершено
بكم,37,Исследование не завершено
خيرا,37,Исследование не завершено
عنه,37,Проверяемое соответствие не найдено. Все 37 вхождений — служебные формы или местоимения по QAC v0.4 (предлог; https://corpus.quran.com/download/). Их грамматическая функция не задаёт независимой измеримой величины для сравнения с частотой.
قدير,37,Исследование не завершено
وجعلنا,37,Исследование не завершено
العظيم,36,Исследование не завершено
تحتها,36,Исследование не завершено
صالحا,36,Исследование не завершено
قومه,36,Исследование не завершено
أولم,35,Проверяемое соответствие не найдено. Все 35 вхождений — служебные формы или местоимения по QAC v0.4 (отрицательная частица; https://corpus.quran.com/download/). Их грамматическая функция не задаёт независимой измеримой величины для сравнения с частотой.
الساعة,35,Исследование не завершено
الموت,35,Исследование не завершено
شديد,35,Исследование не завершено
فبأي,35,Исследование не завершено
ماء,35,Исследование не завершено
منا,35,Исследование не завершено
وكانوا,35,Исследование не завершено
يكون,35,Исследование не завершено
آلاء,34,Исследование не завершено
آياتنا,34,Исследование не завершено
أولياء,34,Исследование не завершено
الرحيم,34,Исследование не завершено
بآيات,34,Исследование не завершено
بكل,34,Исследование не завершено
حق,34,Исследование не завершено
رحمة,34,Исследование не завершено
قيل,34,Исследование не завершено
مؤمنين,34,Исследование не завершено
معه,34,Исследование не завершено
أيديهم,33,Исследование не завершено
بعضهم,33,Исследование не завершено
ربكما,33,Исследование не завершено
قبلك,33,Исследование не завершено
مريم,33,Исследование не завершено
نوح,33,Исследование не завершено
وإنا,33,Проверяемое соответствие не найдено. Все 33 вхождений — служебные формы или местоимения по QAC v0.4 (грамматическая частица; https://corpus.quran.com/download/). Их грамматическая функция не задаёт независимой измеримой величины для сравнения с частотой.
وفي,33,Проверяемое соответствие не найдено. Все 33 вхождений — служебные формы или местоимения по QAC v0.4 (предлог; https://corpus.quran.com/download/). Их грамматическая функция не задаёт независимой измеримой величины для сравнения с частотой.
ولئن,33,Проверяемое соответствие не найдено. Все 33 вхождений — служебные формы или местоимения по QAC v0.4 (условная частица/местоимение; https://corpus.quran.com/download/). Их грамматическая функция не задаёт независимой измеримой величины для сравнения с частотой.
أجر,32,Исследование не завершено
أحسن,32,Исследование не завершено
أوتوا,32,Исследование не завершено
إليكم,32,Проверяемое соответствие не найдено. Все 32 вхождений — служебные формы или местоимения по QAC v0.4 (предлог; https://corpus.quran.com/download/). Их грамматическая функция не задаёт независимой измеримой величины для сравнения с частотой.
الأمر,32,Исследование не завершено
العليم,32,Исследование не завершено
صراط,32,Исследование не завершено
ولما,32,Исследование не завершено
يكن,32,Исследование не завершено
آياته,31,Исследование не завершено
أكثر,31,Исследование не завершено
إنكم,31,Проверяемое соответствие не найдено. Все 31 вхождений — служебные формы или местоимения по QAC v0.4 (грамматическая частица; https://corpus.quran.com/download/). Их грамматическая функция не задаёт независимой измеримой величины для сравнения с частотой.
الآيات,31,Исследование не завершено
الأولين,31,Исследование не завершено
بينهما,31,Исследование не завершено
تر,31,Исследование не завершено
تكذبان,31,Исследование не завершено
صادقين,31,Исследование не завершено
فضل,31,Исследование не завершено
ملك,31,Исследование не завершено
ممن,31,"Проверяемое соответствие не найдено. Все 31 вхождений — служебные формы или местоимения по QAC v0.4 (предлог, относительное местоимение; https://corpus.quran.com/download/). Их грамматическая функция не задаёт независимой измеримой величины для сравнения с частотой."
أحد,30,Исследование не завершено
المحسنين,30,Исследование не завершено
النبي,30,Исследование не завершено
سوء,30,Исследование не завершено
فإنما,30,"Проверяемое соответствие не найдено. Все 30 вхождений — служебные формы или местоимения по QAC v0.4 (грамматическая частица, ограничительная частица; https://corpus.quran.com/download/). Их грамматическая функция не задаёт независимой измеримой величины для сравнения с частотой."
ابن,29,Исследование не завершено
اتقوا,29,Исследование не завершено
الآخر,29,Исследование не завершено
بينكم,29,Исследование не завершено
جزاء,29,Исследование не завершено
جعلنا,29,Исследование не завершено
حيث,29,Исследование не завершено
حين,29,Исследование не завершено
سبيلا,29,Исследование не завершено
قالت,29,Исследование не завершено
لآيات,29,Исследование не завершено
لفي,29,Проверяемое соответствие не найдено. Все 29 вхождений — служебные формы или местоимения по QAC v0.4 (предлог; https://corpus.quran.com/download/). Их грамматическая функция не задаёт независимой измеримой величины для сравнения с частотой.
نذير,29,Исследование не завершено
واحدة,29,Исследование не завершено
وجعل,29,Исследование не завершено
أبدا,28,Исследование не завершено
أشد,28,Исследование не завершено
السبيل,28,Исследование не завершено
العلم,28,Исследование не завершено
الغيب,28,Исследование не завершено
القول,28,Исследование не завершено
الملك,28,Исследование не завершено
تلك,28,Проверяемое соответствие не найдено. Все 28 вхождений — служебные формы или местоимения по QAC v0.4 (указательное местоимение; https://corpus.quran.com/download/). Их грамматическая функция не задаёт независимой измеримой величины для сравнения с частотой.
فضله,28,Исследование не завершено
فهو,28,Проверяемое соответствие не найдено. Все 28 вхождений — служебные формы или местоимения по QAC v0.4 (личное/притяжательное местоимение; https://corpus.quran.com/download/). Их грамматическая функция не задаёт независимой измеримой величины для сравнения с частотой.
كانت,28,Исследование не завершено
لئن,28,Проверяемое соответствие не найдено. Все 28 вхождений — служебные формы или местоимения по QAC v0.4 (условная частица/местоимение; https://corpus.quran.com/download/). Их грамматическая функция не задаёт независимой измеримой величины для сравнения с частотой.
وأما,28,Исследование не завершено
ويقولون,28,Исследование не завершено
يظلمون,28,Исследование не завершено
آمن,27,Исследование не завершено
أعمالهم,27,Исследование не завершено
بصير,27,Исследование не завершено
ضلال,27,Исследование не завершено
عاقبة,27,Исследование не завершено
فقال,27,Исследование не завершено
لكل,27,Исследование не завершено
وإلى,27,Проверяемое соответствие не найдено. Все 27 вхождений — служебные формы или местоимения по QAC v0.4 (предлог; https://corpus.quran.com/download/). Их грамматическая функция не задаёт независимой измеримой величины для сравнения с частотой.
ولله,27,Исследование не завершено
يؤمن,27,Исследование не завершено
يدعون,27,Исследование не завершено
يروا,27,Исследование не завершено
الحمد,26,Исследование не завершено
الزكاة,26,Исследование не завершено
بأنهم,26,Проверяемое соответствие не найдено. Все 26 вхождений — служебные формы или местоимения по QAC v0.4 (грамматическая частица; https://corpus.quran.com/download/). Их грамматическая функция не задаёт независимой измеримой величины для сравнения с частотой.
جناح,26,Исследование не завершено
سواء,26,Исследование не завершено
فسوف,26,Исследование не завершено
مستقيم,26,Исследование не завершено
معكم,26,Исследование не завершено
نفسه,26,Исследование не завершено
وأنا,26,"Проверяемое соответствие не найдено. Все 26 вхождений — служебные формы или местоимения по QAC v0.4 (грамматическая частица, личное/притяжательное местоимение; https://corpus.quran.com/download/). Их грамматическая функция не задаёт независимой измеримой величины для сравнения с частотой."
والنهار,26,Исследование не завершено
ومنهم,26,Проверяемое соответствие не найдено. Все 26 вхождений — служебные формы или местоимения по QAC v0.4 (предлог; https://corpus.quran.com/download/). Их грамматическая функция не задаёт независимой измеримой величины для сравнения с частотой.
أنزلنا,25,Исследование не завершено
إلي,25,Проверяемое соответствие не найдено. Все 25 вхождений — служебные формы или местоимения по QAC v0.4 (предлог; https://corpus.quran.com/download/). Их грамматическая функция не задаёт независимой измеримой величины для сравнения с частотой.
النهار,25,Исследование не завершено
تكون,25,Исследование не завершено
جاءكم,25,Исследование не завершено
خبير,25,Исследование не завершено
ذو,25,Исследование не завершено
عباده,25,Исследование не завершено
كذب,25,Исследование не завершено
وأولئك,25,Проверяемое соответствие не найдено. Все 25 вхождений — служебные формы или местоимения по QAC v0.4 (указательное местоимение; https://corpus.quran.com/download/). Их грамматическая функция не задаёт независимой измеримой величины для сравнения с частотой.
ينظرون,25,Исследование не завершено
الجبال,24,Исследование не завершено
الظالمون,24,Исследование не завершено
المرسلين,24,Исследование не завершено
المشركين,24,Исследование не завершено
النساء,24,Исследование не завершено
بالبينات,24,Исследование не завершено
تعقلون,24,Исследование не завершено
خالدون,24,Исследование не завершено
عزيز,24,Исследование не завершено
عنكم,24,Проверяемое соответствие не найдено. Все 24 вхождений — служебные формы или местоимения по QAC v0.4 (предлог; https://corpus.quran.com/download/). Их грамматическая функция не задаёт независимой измеримой величины для сравнения с частотой.
عنها,24,Проверяемое соответствие не найдено. Все 24 вхождений — служебные формы или местоимения по QAC v0.4 (предлог; https://corpus.quran.com/download/). Их грамматическая функция не задаёт независимой измеримой величины для сравнения с частотой.
فيما,24,"Проверяемое соответствие не найдено. Все 24 вхождений — служебные формы или местоимения по QAC v0.4 (предлог, относительное местоимение; https://corpus.quran.com/download/). Их грамматическая функция не задаёт независимой измеримой величины для сравнения с частотой."
وإنه,24,Проверяемое соответствие не найдено. Все 24 вхождений — служебные формы или местоимения по QAC v0.4 (грамматическая частица; https://corpus.quran.com/download/). Их грамматическая функция не задаёт независимой измеримой величины для сравнения с частотой.
ورحمة,24,Исследование не завершено
ولولا,24,"Проверяемое соответствие не найдено. Все 24 вхождений — служебные формы или местоимения по QAC v0.4 (условная частица/местоимение, побудительная частица; https://corpus.quran.com/download/). Их грамматическая функция не задаёт независимой измеримой величины для сравнения с частотой."
أجل,23,Исследование не завершено
أجمعين,23,Исследование не завершено
أنه,23,Проверяемое соответствие не найдено. Все 23 вхождений — служебные формы или местоимения по QAC v0.4 (грамматическая частица; https://corpus.quran.com/download/). Их грамматическая функция не задаёт независимой измеримой величины для сравнения с частотой.
البحر,23,Исследование не завершено
الجحيم,23,Исследование не завершено
الحرام,23,Исследование не завершено
المتقين,23,Исследование не завершено
المصير,23,Исследование не завершено
بإذن,23,Исследование не завершено
تولوا,23,Исследование не завершено
حسنا,23,Исследование не завершено
رسولا,23,Исследование не завершено
عدو,23,Исследование не завершено
عنده,23,Исследование не завершено
فهل,23,Проверяемое соответствие не найдено. Все 23 вхождений — служебные формы или местоимения по QAC v0.4 (вопросительная частица/местоимение; https://corpus.quran.com/download/). Их грамматическая функция не задаёт независимой измеримой величины для сравнения с частотой.
قرية,23,Исследование не завершено
كتب,23,Исследование не завершено
للكافرين,23,Исследование не завершено
واليوم,23,Исследование не завершено
وله,23,Проверяемое соответствие не найдено. Все 23 вхождений — служебные формы или местоимения по QAC v0.4 (личное/притяжательное местоимение; https://corpus.quran.com/download/). Их грамматическая функция не задаёт независимой измеримой величины для сравнения с частотой.
آل,22,Исследование не завершено
أجرا,22,Исследование не завершено
المؤمنون,22,Исследование не завершено
المبين,22,Исследование не завершено
الهدى,22,Исследование не завершено
بشر,22,Исследование не завершено
بلى,22,Проверяемое соответствие не найдено. Все 22 вхождений — служебные формы или местоимения по QAC v0.4 (частица ответа; https://corpus.quran.com/download/). Их грамматическая функция не задаёт независимой измеримой величины для сравнения с частотой.
عظيما,22,Исследование не завершено
عليما,22,Исследование не завершено
فأما,22,Исследование не завершено
فتنة,22,Исследование не завершено
فلن,22,Проверяемое соответствие не найдено. Все 22 вхождений — служебные формы или местоимения по QAC v0.4 (отрицательная частица; https://corpus.quran.com/download/). Их грамматическая функция не задаёт независимой измеримой величины для сравнения с частотой.
ماذا,22,Проверяемое соответствие не найдено. Все 22 вхождений — служебные формы или местоимения по QAC v0.4 (вопросительная частица/местоимение; https://corpus.quran.com/download/). Их грамматическая функция не задаёт независимой измеримой величины для сравнения с частотой.
نزل,22,Исследование не завершено
وإليه,22,Проверяемое соответствие не найдено. Все 22 вхождений — служебные формы или местоимения по QAC v0.4 (предлог; https://corpus.quran.com/download/). Их грамматическая функция не задаёт независимой измеримой величины для сравнения с частотой.
ولن,22,Проверяемое соответствие не найдено. Все 22 вхождений — служебные формы или местоимения по QAC v0.4 (отрицательная частица; https://corpus.quran.com/download/). Их грамматическая функция не задаёт независимой измеримой величины для сравнения с частотой.
يأتي,22,Исследование не завершено
يرجعون,22,Исследование не завершено
يعقلون,22,Исследование не завершено
اتخذوا,21,Исследование не завершено
الفلك,21,Исследование не завершено
بالآخرة,21,Исследование не завершено
بعده,21,Исследование не завершено
تكن,21,Исследование не завершено
تكونوا,21,Исследование не завершено
حرم,21,Исследование не завершено
خلقنا,21,Исследование не завершено
سميع,21,Исследование не завершено
عسى,21,Исследование не завершено
مسمى,21,Исследование не завершено
نار,21,Исследование не завершено
وقل,21,Исследование не завершено
وكفى,21,Исследование не завершено
ولي,21,Исследование не завершено
يشعرون,21,Исследование не завершено
يوسف,21,Исследование не завершено
آدم,20,Исследование не завершено
أحدا,20,Исследование не завершено
أخاف,20,Исследование не завершено
أموالهم,20,Исследование не завершено
أول,20,Исследование не завершено
أولو,20,Исследование не завершено
أيام,20,Исследование не завершено
الشمس,20,Исследование не завершено
العرش,20,Исследование не завершено
بالمعروف,20,Исследование не завершено
بعضكم,20,Исследование не завершено
تدعون,20,Исследование не завершено
تعبدون,20,Исследование не завершено
رحيما,20,Исследование не завершено
شهيدا,20,Исследование не завершено
عملوا,20,Исследование не завершено
غفورا,20,Исследование не завершено
كريم,20,Исследование не завершено
كفر,20,Исследование не завершено
لآية,20,Исследование не завершено
مثلا,20,Исследование не завершено
والقمر,20,Исследование не завершено
يسمعون,20,Исследование не завершено
ينفقون,20,Исследование не завершено
آتينا,19,Исследование не завершено
أنما,19,"Проверяемое соответствие не найдено. Все 19 вхождений — служебные формы или местоимения по QAC v0.4 (грамматическая частица, отрицательная частица, ограничительная частица, относительное местоимение, подчинительная частица; https://corpus.quran.com/download/). Их грамматическая функция не задаёт независимой измеримой величины для сравнения с частотой."
إلينا,19,Проверяемое соответствие не найдено. Все 19 вхождений — служебные формы или местоимения по QAC v0.4 (предлог; https://corpus.quran.com/download/). Их грамматическая функция не задаёт независимой измеримой величины для сравнения с частотой.
البر,19,"Недостаточно данных. 19 вхождений объединяют «добродетель» (2:177, الْبِرَّ) и «сушу» (5:96, الْبَرِّ). Сопоставление всех 19 с площадью суши некорректно без разметки значений каждого вхождения."
الجن,19,Исследование не завершено
الذكر,19,Исследование не завершено
السميع,19,Исследование не завершено
الصالحين,19,Исследование не завершено
المجرمين,19,Исследование не завершено
تتقون,19,Исследование не завершено
ترجعون,19,Исследование не завершено
ترى,19,Исследование не завершено
تشكرون,19,Исследование не завершено
ذي,19,Исследование не завершено
سلام,19,Исследование не завершено
قوة,19,Исследование не завершено
قولا,19,Исследование не завершено
لهو,19,Исследование не завершено
نارا,19,Исследование не завершено
نجزي,19,Исследование не завершено
نشاء,19,Исследование не завершено
والآخرة,19,Исследование не завершено
ولكم,19,Проверяемое соответствие не найдено. Все 19 вхождений — служебные формы или местоимения по QAC v0.4 (личное/притяжательное местоимение; https://corpus.quran.com/download/). Их грамматическая функция не задаёт независимой измеримой величины для сравнения с частотой.
يشركون,19,Исследование не завершено
أراد,18,Исследование не завершено
أكبر,18,Исследование не завершено
الرسل,18,Исследование не завершено
جاءتهم,18,Исследование не завершено
جنة,18,Исследование не завершено
خلقكم,18,Исследование не завершено
ذا,18,Исследование не завершено
ضل,18,Исследование не завершено
فقالوا,18,Исследование не завершено
فقل,18,Исследование не завершено
قبلكم,18,Исследование не завершено
كلمة,18,Исследование не завершено
للمتقين,18,Исследование не завершено
واحد,18,Исследование не завершено
واعلموا,18,Исследование не завершено
يتقون,18,Исследование не завершено
يحيي,18,Исследование не завершено
يغفر,18,Исследование не завершено
يفترون,18,Исследование не завершено
آلهة,17,Исследование не завершено
أظلم,17,Исследование не завершено
أفمن,17,"Проверяемое соответствие не найдено. Все 17 вхождений — служебные формы или местоимения по QAC v0.4 (предлог, относительное местоимение; https://corpus.quran.com/download/). Их грамматическая функция не задаёт независимой измеримой величины для сравнения с частотой."
أمرا,17,Исследование не завершено
اعبدوا,17,Исследование не завершено
الصادقين,17,Исследование не завершено
القرى,17,Исследование не завершено
الكافرون,17,Исследование не завершено
الماء,17,Исследование не завершено
الملأ,17,Исследование не завершено
بأن,17,"Проверяемое соответствие не найдено. Все 17 вхождений — служебные формы или местоимения по QAC v0.4 (грамматическая частица, подчинительная частица; https://corpus.quran.com/download/). Их грамматическая функция не задаёт независимой измеримой величины для сравнения с частотой."
بعدهم,17,Исследование не завершено
بيننا,17,Исследование не завершено
تجد,17,Исследование не завершено
تذكرون,17,Исследование не завершено
حسنة,17,Исследование не завершено
حقا,17,Исследование не завершено
ذات,17,Исследование не завершено
ريب,17,Исследование не завершено
طائفة,17,Исследование не завершено
عاد,17,Исследование не завершено
فاتقوا,17,Исследование не завершено
قبله,17,Исследование не завершено
كبيرا,17,Исследование не завершено
لوط,17,Исследование не завершено
مغفرة,17,Исследование не завершено
وجوههم,17,Исследование не завершено
ولد,17,Исследование не завершено
يبين,17,Исследование не завершено
يحكم,17,Исследование не завершено
يخرج,17,Исследование не завершено
يديه,17,Исследование не завершено
يضل,17,Исследование не завершено
يفعل,17,Исследование не завершено
ينزل,17,Исследование не завершено
آتيناهم,16,Исследование не завершено
أمرنا,16,Исследование не завершено
أهلكنا,16,Исследование не завершено
أهلها,16,Исследование не завершено
أولي,16,Исследование не завершено
إلها,16,Исследование не завершено
الألباب,16,Исследование не завершено
الحساب,16,Исследование не завершено
الصدور,16,Исследование не завершено
العقاب,16,Исследование не завершено
الفوز,16,Исследование не завершено
الموتى,16,Исследование не завершено
بينات,16,Исследование не завершено
تأتيهم,16,Исследование не завершено
تتلى,16,Исследование не завершено
حكيما,16,Исследование не завершено
خوف,16,Исследование не завершено
رحمته,16,Исследование не завершено
سمعنا,16,Исследование не завершено
علي,16,Исследование не завершено
عمل,16,Исследование не завершено
عيسى,16,Исследование не завершено
فكيف,16,Проверяемое соответствие не найдено. Все 16 вхождений — служебные формы или местоимения по QAC v0.4 (вопросительная частица/местоимение; https://corpus.quran.com/download/). Их грамматическая функция не задаёт независимой измеримой величины для сравнения с частотой.
فلم,16,"Проверяемое соответствие не найдено. Все 16 вхождений — служебные формы или местоимения по QAC v0.4 (вопросительная частица/местоимение, отрицательная частица; https://corpus.quran.com/download/). Их грамматическая функция не задаёт независимой измеримой величины для сравнения с частотой."
فيهم,16,Проверяемое соответствие не найдено. Все 16 вхождений — служебные формы или местоимения по QAC v0.4 (предлог; https://corpus.quran.com/download/). Их грамматическая функция не задаёт независимой измеримой величины для сравнения с частотой.
قدمت,16,Исследование не завершено
كذبت,16,Исследование не завершено
كسبت,16,Исследование не завершено
متاع,16,Исследование не завершено
نعمة,16,Исследование не завершено
وكنا,16,Исследование не завершено
وهدى,16,Исследование не завершено
يوما,16,Исследование не завершено
أخرى,15,Исследование не завершено
أنى,15,Исследование не завершено
أني,15,Проверяемое соответствие не найдено. Все 15 вхождений — служебные формы или местоимения по QAC v0.4 (грамматическая частица; https://corpus.quran.com/download/). Их грамматическая функция не задаёт независимой измеримой величины для сравнения с частотой.
أيمانكم,15,Исследование не завершено
أيمانهم,15,Исследование не завершено
إنها,15,Проверяемое соответствие не найдено. Все 15 вхождений — служебные формы или местоимения по QAC v0.4 (грамматическая частица; https://corpus.quran.com/download/). Их грамматическая функция не задаёт независимой измеримой величины для сравнения с частотой.
اتخذ,15,Исследование не завершено
التوراة,15,Исследование не завершено
المسجد,15,Исследование не завершено
المنافقين,15,Исследование не завершено
ببعض,15,Исследование не завершено
بصيرا,15,Исследование не завершено
تقولوا,15,Исследование не завершено
خلت,15,Исследование не завершено
رزقا,15,Исследование не завершено
رسلنا,15,Исследование не завершено
شر,15,Исследование не завершено
شك,15,Исследование не завершено
فإنه,15,Проверяемое соответствие не найдено. Все 15 вхождений — служебные формы или местоимения по QAC v0.4 (грамматическая частица; https://corpus.quran.com/download/). Их грамматическая функция не задаёт независимой измеримой величины для сравнения с частотой.
فوق,15,Исследование не завершено
قلوب,15,Исследование не завершено
كافرون,15,Исследование не завершено
كذبا,15,Исследование не завершено
كسبوا,15,Исследование не завершено
كلوا,15,Исследование не завершено
للمؤمنين,15,Исследование не завершено
ليقولن,15,Исследование не завершено
ملكت,15,Исследование не завершено
وآتوا,15,Исследование не завершено
واذكر,15,Исследование не завершено
والذي,15,Проверяемое соответствие не найдено. Все 15 вхождений — служебные формы или местоимения по QAC v0.4 (относительное местоимение; https://corpus.quran.com/download/). Их грамматическая функция не задаёт независимой измеримой величины для сравнения с частотой.
وبئس,15,Исследование не завершено
وقيل,15,Исследование не завершено
ونحن,15,Проверяемое соответствие не найдено. Все 15 вхождений — служебные формы или местоимения по QAC v0.4 (личное/притяжательное местоимение; https://corpus.quran.com/download/). Их грамматическая функция не задаёт независимой измеримой величины для сравнения с частотой.
وهذا,15,Проверяемое соответствие не найдено. Все 15 вхождений — служебные формы или местоимения по QAC v0.4 (указательное местоимение; https://corpus.quran.com/download/). Их грамматическая функция не задаёт независимой измеримой величины для сравнения с частотой.
يأتيهم,15,Исследование не завершено
يجعل,15,Исследование не завершено
يستطيعون,15,Исследование не завершено
يكفر,15,Исследование не завершено
أرأيتم,14,Исследование не завершено
أزواجا,14,Исследование не завершено
أليما,14,Исследование не завершено
أنزلناه,14,Исследование не завершено
أنكم,14,Проверяемое соответствие не найдено. Все 14 вхождений — служебные формы или местоимения по QAC v0.4 (грамматическая частица; https://corpus.quran.com/download/). Их грамматическая функция не задаёт независимой измеримой величины для сравнения с частотой.
أهله,14,Исследование не завершено
أوتي,14,Исследование не завершено
أوحينا,14,Исследование не завершено
أين,14,Исследование не завершено
اسم,14,Исследование не завершено
افترى,14,Исследование не завершено
الأنعام,14,Исследование не завершено
الأولى,14,Исследование не завершено
الخلق,14,Исследование не завершено
السوء,14,Исследование не завершено
السيئات,14,Исследование не завершено
الظلمات,14,Исследование не завершено
الفضل,14,Исследование не завершено
الكذب,14,Исследование не завершено
المدينة,14,Исследование не завершено
بالقسط,14,Исследование не завершено
بعيد,14,Исследование не завершено
بهذا,14,Проверяемое соответствие не найдено. Все 14 вхождений — служебные формы или местоимения по QAC v0.4 (указательное местоимение; https://corpus.quran.com/download/). Их грамматическая функция не задаёт независимой измеримой величины для сравнения с частотой.
بينة,14,Исследование не завершено
دابة,14,Исследование не завершено
داوود,14,Исследование не завершено
رسوله,14,Исследование не завершено
سبحانه,14,Исследование не завершено
سبع,14,Исследование не завершено
سنة,14,Исследование не завершено
عباد,14,Исследование не завершено
عندنا,14,Исследование не завершено
قريب,14,Исследование не завершено
قلنا,14,Исследование не завершено
قلوبكم,14,Исследование не завершено
مرة,14,Исследование не завершено
مسلمون,14,Исследование не завершено
معرضون,14,Исследование не завершено
معهم,14,Исследование не завершено
مكان,14,Исследование не завершено
نفسا,14,Исследование не завершено
وأطيعوا,14,Исследование не завершено
وأنت,14,Проверяемое соответствие не найдено. Все 14 вхождений — служебные формы или местоимения по QAC v0.4 (личное/притяжательное местоимение; https://corpus.quran.com/download/). Их грамматическая функция не задаёт независимой измеримой величины для сравнения с частотой.
وإني,14,Проверяемое соответствие не найдено. Все 14 вхождений — служебные формы или местоимения по QAC v0.4 (грамматическая частица; https://corpus.quran.com/download/). Их грамматическая функция не задаёт независимой измеримой величины для сравнения с частотой.
والملائكة,14,Исследование не завершено
وكل,14,Исследование не завершено
ويل,14,Исследование не завершено
يخلق,14,Исследование не завершено
يرد,14,Исследование не завершено
يستهزئون,14,Исследование не завершено
يكسبون,14,Исследование не завершено
يوحى,14,Исследование не завершено
أدراك,13,Исследование не завершено
أعبد,13,Исследование не завершено
أليس,13,Исследование не завершено
ادخلوا,13,Исследование не завершено
الآخرين,13,Исследование не завершено
الأمور,13,Исследование не завершено
الحسنى,13,Исследование не завершено
الخاسرين,13,Исследование не завершено
الدار,13,Исследование не завершено
الرزق,13,Исследование не завершено
الشياطين,13,Исследование не завершено
الكفار,13,Исследование не завершено
المجرمون,13,Исследование не завершено
بعذاب,13,Исследование не завершено
بغتة,13,Исследование не завершено
تتخذوا,13,Исследование не завершено
توعدون,13,Исследование не завершено
ثمود,13,Исследование не завершено
حرج,13,Исследование не завершено
رجل,13,Исследование не завершено
سبحان,13,Исследование не завершено
سبيله,13,Исследование не завершено
سلطان,13,Исследование не завершено
شركاء,13,Исследование не завершено
صبروا,13,Исследование не завершено
عالم,13,Исследование не завершено
غيره,13,Исследование не завершено
فانظر,13,Исследование не завершено
فريق,13,Исследование не завершено
فلولا,13,"Проверяемое соответствие не найдено. Все 13 вхождений — служебные формы или местоимения по QAC v0.4 (условная частица/местоимение, побудительная частица; https://corpus.quran.com/download/). Их грамматическая функция не задаёт независимой измеримой величины для сравнения с частотой."
فوقهم,13,Исследование не завершено
فيقول,13,Исследование не завершено
كمثل,13,Исследование не завершено
لقومه,13,Исследование не завершено
للعالمين,13,Исследование не завершено
لهن,13,Проверяемое соответствие не найдено. Все 13 вхождений — служебные формы или местоимения по QAC v0.4 (личное/притяжательное местоимение; https://corpus.quran.com/download/). Их грамматическая функция не задаёт независимой измеримой величины для сравнения с частотой.
مبينا,13,Исследование не завершено
وأنه,13,Проверяемое соответствие не найдено. Все 13 вхождений — служебные формы или местоимения по QAC v0.4 (грамматическая частица; https://corpus.quran.com/download/). Их грамматическая функция не задаёт независимой измеримой величины для сравнения с частотой.
وإما,13,Исследование не завершено
واذكروا,13,Исследование не завершено
وجدنا,13,Исследование не завершено
وذلك,13,Проверяемое соответствие не найдено. Все 13 вхождений — служебные формы или местоимения по QAC v0.4 (указательное местоимение; https://corpus.quran.com/download/). Их грамматическая функция не задаёт независимой измеримой величины для сравнения с частотой.
وقالت,13,Исследование не завершено
وكيلا,13,Исследование не завершено
ولدا,13,Исследование не завершено
وليا,13,Исследование не завершено
يحزنون,13,Исследование не завершено
يريدون,13,Исследование не завершено
يفعلون,13,Исследование не завершено
يفقهون,13,Исследование не завершено
يكونوا,13,Исследование не завершено
ينصرون,13,Исследование не завершено
أجرهم,12,Исследование не завершено
أخذ,12,Исследование не завершено
أخذنا,12,Исследование не завершено
أرسلناك,12,Исследование не завершено
أشركوا,12,Исследование не завершено
أفلم,12,Проверяемое соответствие не найдено. Все 12 вхождений — служебные формы или местоимения по QAC v0.4 (отрицательная частица; https://corpus.quran.com/download/). Их грамматическая функция не задаёт независимой измеримой величины для сравнения с частотой.
أمرهم,12,Исследование не завершено
أمن,12,Исследование не завершено
أهواءهم,12,Исследование не завершено
اتبعوا,12,Исследование не завершено
البيت,12,Исследование не завершено
الحي,12,Исследование не завершено
القربى,12,Исследование не завершено
المفلحون,12,Исследование не завершено
اليمين,12,Исследование не завершено
بآية,12,Исследование не завершено
بأمره,12,Исследование не завершено
بالغيب,12,Исследование не завершено
بذات,12,Исследование не завершено
بشرا,12,Исследование не завершено
بي,12,Проверяемое соответствие не найдено. Все 12 вхождений — служебные формы или местоимения по QAC v0.4 (личное/притяжательное местоимение; https://corpus.quran.com/download/). Их грамматическая функция не задаёт независимой измеримой величины для сравнения с частотой.
تاب,12,Исследование не завершено
ترك,12,Исследование не завершено
تسمع,12,Исследование не завершено
تكفرون,12,Исследование не завершено
حدود,12,Исследование не завершено
خبيرا,12,Исследование не завершено
خلفهم,12,Исследование не завершено
درجات,12,Исследование не завершено
رأى,12,Исследование не завершено
سحر,12,Исследование не завершено
سيئة,12,Исследование не завершено
شهداء,12,Исследование не завершено
شهيد,12,Исследование не завершено
عبادي,12,Исследование не завершено
قتل,12,Исследование не завершено
قول,12,Исследование не завершено
كتابا,12,Исследование не завершено
كلما,12,Исследование не завершено
كم,12,Проверяемое соответствие не найдено. Все 12 вхождений — служебные формы или местоимения по QAC v0.4 (вопросительная частица/местоимение; https://corpus.quran.com/download/). Их грамматическая функция не задаёт независимой измеримой величины для сравнения с частотой.
للمكذبين,12,Исследование не завершено
مرض,12,Исследование не завершено
مهين,12,Исследование не завершено
نصيرا,12,Исследование не завершено
هارون,12,Исследование не завершено
وأنزل,12,Исследование не завершено
وأنزلنا,12,Исследование не завершено
وترى,12,Исследование не завершено
وثمود,12,Исследование не завершено
وراء,12,Исследование не завершено
ورسله,12,Исследование не завершено
ويعلم,12,Исследование не завершено
يؤمنوا,12,Исследование не завершено
يستوي,12,Исследование не завершено
يضلل,12,Исследование не завершено
يكفرون,12,Исследование не завершено
أإذا,11,Исследование не завершено
أحق,11,Исследование не завершено
أسألكم,11,Исследование не завершено
أضل,11,Исследование не завершено
أموالكم,11,Исследование не завершено
أمين,11,Исследование не завершено
أنفقوا,11,Исследование не завершено
إبليس,11,Исследование не завершено
ابتغاء,11,Исследование не завершено
استكبروا,11,Исследование не завершено
البلاغ,11,Исследование не завершено
البينات,11,Исследование не завершено
الثمرات,11,Исследование не завершено
الخاسرون,11,Исследование не завершено
السمع,11,Исследование не завершено
الغفور,11,Исследование не завершено
الفاسقين,11,Исследование не завершено
الكفر,11,Исследование не завершено
المسلمين,11,Исследование не завершено
بالذي,11,Проверяемое соответствие не найдено. Все 11 вхождений — служебные формы или местоимения по QAC v0.4 (относительное местоимение; https://corpus.quran.com/download/). Их грамматическая функция не задаёт независимой измеримой величины для сравнения с частотой.
بيني,11,Исследование не завершено
تأكلون,11,Исследование не завершено
تفلحون,11,Исследование не завершено
تقول,11,Исследование не завершено
تقوم,11,Исследование не завершено
ثلاثة,11,Исследование не завершено
جاءك,11,Исследование не завершено
حميم,11,Исследование не завершено
دين,11,Исследование не завершено
ذهب,11,Исследование не завершено
رسل,11,Исследование не завершено
رسلهم,11,Исследование не завершено
زين,11,Исследование не завершено
ساء,11,Исследование не завершено
سجدا,11,Исследование не завершено
سلطانا,11,Исследование не завершено
شديدا,11,Исследование не завершено
صدق,11,Исследование не завершено
طعام,11,Исследование не завершено
عبادنا,11,Исследование не завершено
عدن,11,Исследование не завершено
عدوا,11,Исследование не завершено
عليهن,11,Проверяемое соответствие не найдено. Все 11 вхождений — служебные формы или местоимения по QAC v0.4 (предлог; https://corpus.quran.com/download/). Их грамматическая функция не задаёт независимой измеримой величины для сравнения с частотой.
عنا,11,Проверяемое соответствие не найдено. Все 11 вхождений — служебные формы или местоимения по QAC v0.4 (предлог; https://corpus.quran.com/download/). Их грамматическая функция не задаёт независимой измеримой величины для сравнения с частотой.
فأنى,11,Проверяемое соответствие не найдено. Все 11 вхождений — служебные формы или местоимения по QAC v0.4 (вопросительная частица/местоимение; https://corpus.quran.com/download/). Их грамматическая функция не задаёт независимой измеримой величины для сравнения с частотой.
فاصبر,11,Исследование не завершено
فذوقوا,11,Исследование не завершено
فمنهم,11,Проверяемое соответствие не найдено. Все 11 вхождений — служебные формы или местоимения по QAC v0.4 (предлог; https://corpus.quran.com/download/). Их грамматическая функция не задаёт независимой измеримой величины для сравнения с частотой.
فيكم,11,Проверяемое соответствие не найдено. Все 11 вхождений — служебные формы или местоимения по QAC v0.4 (предлог; https://corpus.quran.com/download/). Их грамматическая функция не задаёт независимой измеримой величины для сравнения с частотой.
كأنهم,11,Проверяемое соответствие не найдено. Все 11 вхождений — служебные формы или местоимения по QAC v0.4 (грамматическая частица; https://corpus.quran.com/download/). Их грамматическая функция не задаёт независимой измеримой величины для сравнения с частотой.
كثيرة,11,Исследование не завершено
كن,11,Исследование не завершено
للظالمين,11,Исследование не завершено
مؤمن,11,Исследование не завершено
مثله,11,Исследование не завершено
مرجعكم,11,Исследование не завершено
مصدقا,11,Исследование не завершено
معك,11,Исследование не завершено
معي,11,Исследование не завершено
مني,11,Исследование не завершено
موتها,11,Исследование не завершено
نطفة,11,Исследование не завершено
هزوا,11,Исследование не завершено
وأصحاب,11,Исследование не завершено
وأطيعون,11,Исследование не завершено
وأقيموا,11,Исследование не завершено
وإنهم,11,Проверяемое соответствие не найдено. Все 11 вхождений — служебные формы или местоимения по QAC v0.4 (грамматическая частица; https://corpus.quran.com/download/). Их грамматическая функция не задаёт независимой измеримой величины для сравнения с частотой.
واتبعوا,11,Исследование не завершено
والحكمة,11,Исследование не завершено
والمؤمنات,11,Исследование не завершено
وبشر,11,Исследование не завершено
وتلك,11,Проверяемое соответствие не найдено. Все 11 вхождений — служебные формы или местоимения по QAC v0.4 (указательное местоимение; https://corpus.quran.com/download/). Их грамматическая функция не задаёт независимой измеримой величины для сравнения с частотой.
وجهه,11,Исследование не завершено
وربك,11,Исследование не завершено
وسخر,11,Исследование не завершено
وعمل,11,Исследование не завершено
ومما,11,"Проверяемое соответствие не найдено. Все 11 вхождений — служебные формы или местоимения по QAC v0.4 (предлог, относительное местоимение; https://corpus.quran.com/download/). Их грамматическая функция не задаёт независимой измеримой величины для сравнения с частотой."
ويا,11,Исследование не завершено
ويعقوب,11,Исследование не завершено
ويقول,11,Исследование не завершено
يبصرون,11,Исследование не завершено
يتخذ,11,Исследование не завершено
يذكرون,11,Исследование не завершено
يرجون,11,Исследование не завершено
يقولوا,11,Исследование не завершено
يوقنون,11,Исследование не завершено
آباءنا,10,Исследование не завершено
آخر,10,Исследование не завершено
آياتي,10,Исследование не завершено
أخرج,10,Исследование не завершено
أخيه,10,Исследование не завершено
أذن,10,Исследование не завершено
أرسل,10,Исследование не завершено
أمره,10,Исследование не завершено
أيديكم,10,Исследование не завершено
اتبع,10,Исследование не завершено
اثنين,10,Исследование не завершено
الأحزاب,10,Исследование не завершено
الأعراب,10,Исследование не завершено
الأمثال,10,Исследование не завершено
الباطل,10,Исследование не завершено
الحميد,10,Исследование не завершено
الرياح,10,Исследование не завершено
الصابرين,10,Исследование не завершено
الصور,10,Исследование не завершено
الطيبات,10,Исследование не завершено
الطير,10,Исследование не завершено
الظن,10,Исследование не завершено
القرون,10,Исследование не завершено
القرية,10,Исследование не завершено
الكاذبين,10,Исследование не завершено
المسيح,10,Исследование не завершено
المفسدين,10,Исследование не завершено
المنكر,10,Исследование не завершено
النعيم,10,Исследование не завершено
النور,10,Исследование не завершено
انظر,10,Исследование не завершено
بأسنا,10,Исследование не завершено
بحمد,10,Исследование не завершено
بك,10,Проверяемое соответствие не найдено. Все 10 вхождений — служебные формы или местоимения по QAC v0.4 (личное/притяжательное местоимение; https://corpus.quran.com/download/). Их грамматическая функция не задаёт независимой измеримой величины для сравнения с частотой.
بلغ,10,Исследование не завершено
بمن,10,Проверяемое соответствие не найдено. Все 10 вхождений — служебные формы или местоимения по QAC v0.4 (относительное местоимение; https://corpus.quran.com/download/). Их грамматическая функция не задаёт независимой измеримой величины для сравнения с частотой.
بيوت,10,Исследование не завершено
تابوا,10,Исследование не завершено
تبين,10,Исследование не завершено
تكذبون,10,Исследование не завершено
تنزيل,10,Исследование не завершено
ثمنا,10,Исследование не завершено
جاءت,10,Исследование не завершено
حديث,10,Исследование не завершено
حكما,10,Исследование не завершено
حليم,10,Исследование не завершено
حنيفا,10,Исследование не завершено
دعوا,10,Исследование не завершено
دينكم,10,Исследование не завершено
دينهم,10,Исследование не завершено
ذرية,10,Исследование не завершено
ذكرا,10,Исследование не завершено
رأوا,10,Исследование не завершено
رزقناهم,10,Исследование не завершено
سليمان,10,Исследование не завершено
صدورهم,10,Исследование не завершено
عين,10,Исследование не завершено
فأتوا,10,Исследование не завершено
فأخذتهم,10,Исследование не завершено
فإنا,10,Проверяемое соответствие не найдено. Все 10 вхождений — служебные формы или местоимения по QAC v0.4 (грамматическая частица; https://corpus.quran.com/download/). Их грамматическая функция не задаёт независимой измеримой величины для сравнения с частотой.
فإنهم,10,Проверяемое соответствие не найдено. Все 10 вхождений — служебные формы или местоимения по QAC v0.4 (грамматическая частица; https://corpus.quran.com/download/). Их грамматическая функция не задаёт независимой измеримой величины для сравнения с частотой.
فالذين,10,Проверяемое соответствие не найдено. Все 10 вхождений — служебные формы или местоимения по QAC v0.4 (относительное местоимение; https://corpus.quran.com/download/). Их грамматическая функция не задаёт независимой измеримой величины для сравнения с частотой.
فريقا,10,Исследование не завершено
فله,10,Проверяемое соответствие не найдено. Все 10 вхождений — служебные формы или местоимения по QAC v0.4 (личное/притяжательное местоимение; https://corpus.quran.com/download/). Их грамматическая функция не задаёт независимой измеримой величины для сравнения с частотой.
فيكون,10,Исследование не завершено
قضى,10,Исследование не завершено
قليل,10,Исследование не завершено
كأن,10,"Проверяемое соответствие не найдено. Все 10 вхождений — служебные формы или местоимения по QAC v0.4 (грамматическая частица, подчинительная частица; https://corpus.quran.com/download/). Их грамматическая функция не задаёт независимой измеримой величины для сравнения с частотой."
كبير,10,Исследование не завершено
كثير,10,Исследование не завершено
لنفسه,10,Исследование не завершено
لهما,10,Проверяемое соответствие не найдено. Все 10 вхождений — служебные формы или местоимения по QAC v0.4 (личное/притяжательное местоимение; https://corpus.quran.com/download/). Их грамматическая функция не задаёт независимой измеримой величины для сравнения с частотой.
مجرمين,10,Исследование не завершено
مصيبة,10,Исследование не завершено
منهما,10,Проверяемое соответствие не найдено. Все 10 вхождений — служебные формы или местоимения по QAC v0.4 (предлог; https://corpus.quran.com/download/). Их грамматическая функция не задаёт независимой измеримой величины для сравнения с частотой.
نؤمن,10,Исследование не завершено
نصيب,10,Исследование не завершено
هادوا,10,Исследование не завершено
وأنفسهم,10,Исследование не завершено
والشهادة,10,Исследование не завершено
وبينكم,10,Исследование не завершено
وجاء,10,Исследование не завершено
وجاهدوا,10,Исследование не завершено
وجه,10,Исследование не завершено
وربكم,10,Исследование не завершено
وكذبوا,10,Исследование не завершено
وكلا,10,Исследование не завершено
وهي,10,Проверяемое соответствие не найдено. Все 10 вхождений — служебные формы или местоимения по QAC v0.4 (личное/притяжательное местоимение; https://corpus.quran.com/download/). Их грамматическая функция не задаёт независимой измеримой величины для сравнения с частотой.
ويغفر,10,Исследование не завершено
يأت,10,Исследование не завершено
يتفكرون,10,Исследование не завершено
يجدون,10,Исследование не завершено
يختلفون,10,Исследование не завершено
يدي,10,Исследование не завершено
يرسل,10,Исследование не завершено
يعمل,10,Исследование не завершено
يغني,10,Исследование не завершено
يملكون,10,Исследование не завершено
يهتدون,10,Исследование не завершено
يوعدون,10,Исследование не завершено
أإنا,9,Проверяемое соответствие не найдено. Все 9 вхождений — служебные формы или местоимения по QAC v0.4 (грамматическая частица; https://corpus.quran.com/download/). Их грамматическая функция не задаёт независимой измеримой величины для сравнения с частотой.
أبصارهم,9,Исследование не завершено
أجري,9,Исследование не завершено
أدنى,9,Исследование не завершено
أساطير,9,Исследование не завершено
أعمالكم,9,Исследование не завершено
أغنى,9,Исследование не завершено
أقرب,9,Исследование не завершено
أقول,9,Исследование не завершено
أكون,9,Исследование не завершено
أمم,9,Исследование не завершено
أنزلت,9,Исследование не завершено
أوحي,9,Исследование не завершено
إما,9,Исследование не завершено
اختلفوا,9,Исследование не завершено
اذكروا,9,Исследование не завершено
استوى,9,Исследование не завершено
الأبصار,9,Исследование не завершено
الأعلى,9,Исследование не завершено
الخير,9,Исследование не завершено
الفاسقون,9,Исследование не завершено
النبيين,9,Исследование не завершено
الوعد,9,Исследование не завершено
بإذنه,9,Исследование не завершено
بالباطل,9,Исследование не завершено
بربهم,9,Исследование не завершено
بريء,9,Исследование не завершено
بعضا,9,Исследование не завершено
بغافل,9,Исследование не завершено
بيوتا,9,Исследование не завершено
تؤمنوا,9,Исследование не завершено
تبصرون,9,Исследование не завершено
تجزون,9,Исследование не завершено
تخرج,9,Исследование не завершено
تخف,9,Исследование не завершено
ترابا,9,Исследование не завершено
تشاء,9,Исследование не завершено
تعلم,9,Исследование не завершено
تفعلوا,9,Исследование не завершено
تكونن,9,Исследование не завершено
تولى,9,Исследование не завершено
دخلوا,9,Исследование не завершено
ديارهم,9,Исследование не завершено
رواسي,9,Исследование не завершено
سبحانك,9,Исследование не завершено
سريع,9,Исследование не завершено
سنين,9,Исследование не завершено
ضرا,9,Исследование не завершено
ضلوا,9,Исследование не завершено
طيبة,9,Исследование не завершено
ظالمين,9,Исследование не завершено
عذابي,9,Исследование не завершено
علما,9,Исследование не завершено
عندك,9,Исследование не завершено
فأخذهم,9,Исследование не завершено
فأصبحوا,9,Исследование не завершено
فإنك,9,Проверяемое соответствие не найдено. Все 9 вхождений — служебные формы или местоимения по QAC v0.4 (грамматическая частица; https://corpus.quran.com/download/). Их грамматическая функция не задаёт независимой измеримой величины для сравнения с частотой.
فضلا,9,Исследование не завершено
فعل,9,Исследование не завершено
فليتوكل,9,Исследование не завершено
فويل,9,Исследование не завершено
فيهن,9,Проверяемое соответствие не найдено. Все 9 вхождений — служебные формы или местоимения по QAC v0.4 (предлог; https://corpus.quran.com/download/). Их грамматическая функция не задаёт независимой измеримой величины для сравнения с частотой.
قرآنا,9,Исследование не завершено
قريبا,9,Исследование не завершено
قلتم,9,Исследование не завершено
قومك,9,Исследование не завершено
كالذين,9,Проверяемое соответствие не найдено. Все 9 вхождений — служебные формы или местоимения по QAC v0.4 (относительное местоимение; https://corpus.quran.com/download/). Их грамматическая функция не задаёт независимой измеримой величины для сравнения с частотой.
كره,9,Исследование не завершено
كمن,9,Проверяемое соответствие не найдено. Все 9 вхождений — служебные формы или местоимения по QAC v0.4 (относительное местоимение; https://corpus.quran.com/download/). Их грамматическая функция не задаёт независимой измеримой величины для сравнения с частотой.
كونوا,9,Исследование не завершено
لأبيه,9,Исследование не завершено
لأولي,9,Исследование не завершено
لبعض,9,Исследование не завершено
لكاذبون,9,Исследование не завершено
للرحمن,9,Исследование не завершено
للملائكة,9,Исследование не завершено
متى,9,Проверяемое соответствие не найдено. Все 9 вхождений — служебные формы или местоимения по QAC v0.4 (вопросительная частица/местоимение; https://corpus.quran.com/download/). Их грамматическая функция не задаёт независимой измеримой величины для сравнения с частотой.
مثوى,9,Исследование не завершено
مدين,9,Исследование не завершено
مسلمين,9,Исследование не завершено
معلوم,9,Исследование не завершено
مكانا,9,Исследование не завершено
ملة,9,Исследование не завершено
ميثاق,9,Исследование не завершено
نبأ,9,Исследование не завершено
نجعل,9,Исследование не завершено
نصير,9,Исследование не завершено
نعم,9,Исследование не завершено
نفسك,9,Исследование не завершено
نفسي,9,Исследование не завершено
نفعا,9,Исследование не завершено
نورا,9,Исследование не завершено
هنالك,9,Исследование не завершено
وآتيناه,9,Исследование не завершено
وإسحاق,9,Исследование не завершено
وإسماعيل,9,Исследование не завершено
واتبع,9,Исследование не завершено
والإنس,9,Исследование не завершено
والبحر,9,Исследование не завершено
والرسول,9,Исследование не завершено
والسماء,9,Исследование не завершено
والشمس,9,Исследование не завершено
والمساكين,9,Исследование не завершено
وبين,9,Исследование не завершено
وكم,9,Исследование не завершено
ولعلكم,9,Проверяемое соответствие не найдено. Все 9 вхождений — служебные формы или местоимения по QAC v0.4 (грамматическая частица; https://corpus.quran.com/download/). Их грамматическая функция не задаёт независимой измеримой величины для сравнения с частотой.
ويقدر,9,Исследование не завершено
ويميت,9,Исследование не завершено
ويهدي,9,Исследование не завершено
يبسط,9,Исследование не завершено
يتبعون,9,Исследование не завершено
يتوب,9,Исследование не завершено
يذكر,9,Исследование не завершено
يسألونك,9,Исследование не завершено
يشرك,9,Исследование не завершено
يشكرون,9,Исследование не завершено
يعبدون,9,Исследование не завершено
يفلح,9,Исследование не завершено
آتاهم,8,Исследование не завершено
آخرين,8,Исследование не завершено
آمنتم,8,Исследование не завершено
أبت,8,Исследование не завершено
أبواب,8,Исследование не завершено
أخاهم,8,Исследование не завершено
أريد,8,Исследование не завершено
أعرض,8,Исследование не завершено
أقسم,8,Исследование не завершено
ألف,8,Исследование не завершено
ألقوا,8,Исследование не завершено
أما,8,Исследование не завершено
أمري,8,Исследование не завершено
أنباء,8,Исследование не завершено
أنثى,8,Исследование не завершено
أولى,8,Исследование не завершено
إياه,8,Проверяемое соответствие не найдено. Все 8 вхождений — служебные формы или местоимения по QAC v0.4 (личное/притяжательное местоимение; https://corpus.quran.com/download/). Их грамматическая функция не задаёт независимой измеримой величины для сравнения с частотой.
ادعوا,8,Исследование не завершено
الإثم,8,Исследование не завершено
الخيرات,8,Исследование не завершено
الريح,8,Исследование не завершено
السحرة,8,Исследование не завершено
السعير,8,Исследование не завершено
العزة,8,Исследование не завершено
الغني,8,Исследование не завершено
القتال,8,Исследование не завершено
الكبير,8,Исследование не завершено
اللاتي,8,Проверяемое соответствие не найдено. Все 8 вхождений — служебные формы или местоимения по QAC v0.4 (относительное местоимение; https://corpus.quran.com/download/). Их грамматическая функция не задаёт независимой измеримой величины для сравнения с частотой.
المخلصين,8,Исследование не завершено
الميت,8,Исследование не завершено
اليم,8,Исследование не завершено
اليهود,8,Исследование не завершено
بأموالهم,8,Исследование не завершено
برب,8,Исследование не завершено
بسلطان,8,Исследование не завершено
بغيا,8,Исследование не завершено
تأكلوا,8,Исследование не завершено
تالله,8,Исследование не завершено
تتبع,8,Исследование не завершено
تتبعوا,8,Исследование не завершено
تحشرون,8,Исследование не завершено
ترحمون,8,Исследование не завершено
تطع,8,Исследование не завершено
تنفقوا,8,Исследование не завершено
توليتم,8,Исследование не завершено
خسروا,8,Исследование не завершено
خلقناكم,8,Исследование не завершено
دار,8,Исследование не завершено
ذكروا,8,Исследование не завершено
ذوقوا,8,Исследование не завершено
رجالا,8,Исследование не завершено
رزقكم,8,Исследование не завершено
رسلا,8,Исследование не завершено
ساعة,8,Исследование не завершено
شكور,8,Исследование не завершено
صبرا,8,Исследование не завершено
ضرب,8,Исследование не завершено
طين,8,Исследование не завершено
ظلمات,8,Исследование не завершено
ظن,8,Исследование не завершено
عربيا,8,Исследование не завершено
علمت,8,Исследование не завершено
عليهما,8,Проверяемое соответствие не найдено. Все 8 вхождений — служебные формы или местоимения по QAC v0.4 (предлог; https://corpus.quran.com/download/). Их грамматическая функция не задаёт независимой измеримой величины для сравнения с частотой.
عملا,8,Исследование не завершено
عنك,8,Проверяемое соответствие не найдено. Все 8 вхождений — служебные формы или местоимения по QAC v0.4 (предлог; https://corpus.quran.com/download/). Их грамматическая функция не задаёт независимой измеримой величины для сравнения с частотой.
عهد,8,Исследование не завершено
غضب,8,Исследование не завершено
فاليوم,8,Исследование не завершено
فكان,8,Исследование не завершено
فكذبوه,8,Исследование не завершено
فيهما,8,Проверяемое соответствие не найдено. Все 8 вхождений — служебные формы или местоимения по QAC v0.4 (предлог; https://corpus.quran.com/download/). Их грамматическая функция не задаёт независимой измеримой величины для сравнения с частотой.
قولهم,8,Исследование не завершено
كافرين,8,Исследование не завершено
كفار,8,Исследование не завершено
لبثتم,8,Исследование не завершено
لذو,8,Исследование не завершено
لغفور,8,Исследование не завершено
لقاء,8,Исследование не завершено
لقضي,8,Исследование не завершено
ليتني,8,Исследование не завершено
ليلة,8,Исследование не завершено
ليوم,8,Исследование не завершено
مائة,8,Исследование не завершено
مال,8,Исследование не завершено
مثقال,8,Исследование не завершено
مقيم,8,Исследование не завершено
نبيا,8,Исследование не завершено
نصيبا,8,Исследование не завершено
نعمت,8,Исследование не завершено
نقول,8,Исследование не завершено
نور,8,Исследование не завершено
وأصلح,8,Исследование не завершено
وأقاموا,8,Исследование не завершено
وأنفقوا,8,Исследование не завершено
وأهله,8,Исследование не завершено
وأوحينا,8,Исследование не завершено
وابن,8,Исследование не завершено
واسع,8,Исследование не завершено
والإنجيل,8,Исследование не завершено
والكتاب,8,Исследование не завершено
وتتقوا,8,Исследование не завершено
وجعلوا,8,Исследование не завершено
وجوه,8,Исследование не завершено
ورب,8,Исследование не завершено
وضل,8,Исследование не завершено
وعيون,8,Исследование не завершено
وقولوا,8,Исследование не завершено
وقوم,8,Исследование не завершено
وكنتم,8,Исследование не завершено
ولكل,8,Исследование не завершено
ومنها,8,Проверяемое соответствие не найдено. Все 8 вхождений — служебные формы или местоимения по QAC v0.4 (предлог; https://corpus.quran.com/download/). Их грамматическая функция не задаёт независимой измеримой величины для сравнения с частотой.
ونذر,8,Исследование не завершено
ونذيرا,8,Исследование не завершено
وهارون,8,Исследование не завершено
ووهبنا,8,Исследование не завершено
ويجعل,8,Исследование не завершено
يأتيكم,8,Исследование не завершено
يبعثون,8,Исследование не завершено
يجد,8,Исследование не завершено
يخافون,8,Исследование не завершено
يدخل,8,Исследование не завершено
يدعو,8,Исследование не завершено
يرون,8,Исследование не завершено
يسير,8,Исследование не завершено
يشأ,8,Исследование не завершено
يعبد,8,Исследование не завершено
يك,8,Исследование не завершено
يملك,8,Исследование не завершено
ينفع,8,Исследование не завершено
يهد,8,Исследование не завершено
آباؤنا,7,Исследование не завершено
آذانهم,7,Исследование не завершено
آمنت,7,Исследование не завершено
آمنين,7,Исследование не завершено
أأنتم,7,Проверяемое соответствие не найдено. Все 7 вхождений — служебные формы или местоимения по QAC v0.4 (личное/притяжательное местоимение; https://corpus.quran.com/download/). Их грамматическая функция не задаёт независимой измеримой величины для сравнения с частотой.
أبانا,7,Исследование не завершено
أتبع,7,Исследование не завершено
أحدكم,7,Исследование не завершено
أحدهم,7,Исследование не завершено
أحل,7,Исследование не завершено
أذى,7,Исследование не завершено
أربعة,7,Исследование не завершено
أزواج,7,Исследование не завершено
أسلم,7,Исследование не завершено
أعد,7,Исследование не завершено
أفرأيتم,7,Исследование не завершено
أمرت,7,Исследование не завершено
أنعمت,7,Исследование не завершено
أولادكم,7,Исследование не завершено
إثما,7,Исследование не завершено
إلهكم,7,Исследование не завершено
إيمانا,7,Исследование не завершено
اعملوا,7,Исследование не завершено
اغفر,7,Исследование не завершено
افتراه,7,Исследование не завершено
الأعمى,7,Исследование не завершено
الإيمان,7,Исследование не завершено
الحج,7,Исследование не завершено
الحكم,7,Исследование не завершено
الخبيث,7,Исследование не завершено
الربا,7,Исследование не завершено
الرجال,7,Исследование не завершено
الشاكرين,7,Исследование не завершено
الشجرة,7,Исследование не завершено
الصيحة,7,Исследование не завершено
الضر,7,Исследование не завершено
الطور,7,Исследование не завершено
الغابرين,7,Исследование не завершено
الفصل,7,Исследование не завершено
الكبر,7,Исследование не завершено
الكيل,7,Исследование не завершено
المؤمنات,7,Исследование не завершено
المرسلون,7,Исследование не завершено
المسرفين,7,Исследование не завершено
المنافقون,7,Исследование не завершено
المنذرين,7,Исследование не завершено
النفس,7,Исследование не завершено
اهتدى,7,Исследование не завершено
بأس,7,Исследование не завершено
بالتي,7,Проверяемое соответствие не найдено. Все 7 вхождений — служебные формы или местоимения по QAC v0.4 (относительное местоимение; https://corpus.quran.com/download/). Их грамматическая функция не задаёт независимой измеримой величины для сравнения с частотой.
بالهدى,7,Исследование не завершено
بذنوبهم,7,Исследование не завершено
برحمة,7,Исследование не завершено
بكرة,7,Исследование не завершено
بلقاء,7,Исследование не завершено
بمعجزين,7,Исследование не завершено
تجدوا,7,Исследование не завершено
تحت,7,Исследование не завершено
تحزن,7,Исследование не завершено
تذكرة,7,Исследование не завершено
تراب,7,Исследование не завершено
تستعجلون,7,Исследование не завершено
تشركون,7,Исследование не завершено
تعالوا,7,Исследование не завершено
تعبدوا,7,Исследование не завершено
تقتلوا,7,Исследование не завершено
تك,7,Исследование не завершено
تنزل,7,Исследование не завершено
تنظرون,7,Исследование не завершено
توكلت,7,Исследование не завершено
ثواب,7,Исследование не завершено
جاءه,7,Исследование не завершено
جعلناه,7,Исследование не завершено
حبا,7,Исследование не завершено
حزب,7,Исследование не завершено
حساب,7,Исследование не завершено
حم,7,Исследование не завершено
خالق,7,Исследование не завершено
خزائن,7,Исследование не завершено
خفتم,7,Исследование не завершено
خلقا,7,Исследование не завершено
خلوا,7,Исследование не завершено
دعاء,7,Исследование не завершено
ربها,7,Исследование не завершено
رجلا,7,Исследование не завершено
رزقناكم,7,Исследование не завершено
رشدا,7,Исследование не завершено
سألتهم,7,Исследование не завершено
ساحر,7,Исследование не завершено
سبقت,7,Исследование не завершено
ستة,7,Исследование не завершено
سعيرا,7,Исследование не завершено
سلاما,7,Исследование не завершено
سورة,7,Исследование не завершено
سوف,7,Исследование не завершено
سيئاتهم,7,Исследование не завершено
شعيبا,7,Исследование не завершено
صفا,7,Исследование не завершено
طيبات,7,Исследование не завершено
ظالمون,7,Исследование не завершено
ظلما,7,Исследование не завершено
عبادك,7,Исследование не завершено
عدل,7,Исследование не завершено
عزيزا,7,Исследование не завершено
علمنا,7,Исследование не завершено
عندهم,7,Исследование не завершено
عوجا,7,Исследование не завершено
غني,7,Исследование не завершено
فأرسلنا,7,Исследование не завершено
فأعرض,7,Исследование не завершено
فإما,7,Исследование не завершено
فئة,7,Исследование не завершено
فاذكروا,7,Исследование не завершено
فاسقون,7,Исследование не завершено
فبئس,7,Исследование не завершено
فتكون,7,Исследование не завершено
فكلوا,7,Исследование не завершено
فليس,7,Исследование не завершено
فينبئكم,7,Исследование не завершено
قدر,7,Исследование не завершено
قومهم,7,Исследование не завершено
كفورا,7,Исследование не завершено
كله,7,Исследование не завершено
كيد,7,Исследование не завершено
لدنك,7,Исследование не завершено
لديهم,7,Исследование не завершено
لعلي,7,Исследование не завершено
لعنة,7,Исследование не завершено
لكما,7,Проверяемое соответствие не найдено. Все 7 вхождений — служебные формы или местоимения по QAC v0.4 (личное/притяжательное местоимение; https://corpus.quran.com/download/). Их грамматическая функция не задаёт независимой измеримой величины для сравнения с частотой.
للحق,7,Исследование не завершено
ليجزي,7,Исследование не завершено
مؤمنا,7,Исследование не завершено
مالا,7,Исследование не завершено
متاعا,7,Исследование не завершено
متكئين,7,Исследование не завершено
مثلكم,7,Исследование не завершено
محيط,7,Исследование не завершено
مخلصين,7,Исследование не завершено
مريب,7,Исследование не завершено
مس,7,Исследование не завершено
مقام,7,Исследование не завершено
ملكا,7,Исследование не завершено
منهن,7,Проверяемое соответствие не найдено. Все 7 вхождений — служебные формы или местоимения по QAC v0.4 (предлог; https://corpus.quran.com/download/). Их грамматическая функция не задаёт независимой измеримой величины для сравнения с частотой.
نادى,7,Исследование не завершено
ناصرين,7,Исследование не завершено
نبي,7,Исследование не завершено
نسوا,7,Исследование не завершено
نصر,7,Исследование не завершено
نوحا,7,Исследование не завершено
هن,7,Проверяемое соответствие не найдено. Все 7 вхождений — служебные формы или местоимения по QAC v0.4 (личное/притяжательное местоимение; https://corpus.quran.com/download/). Их грамматическая функция не задаёт независимой измеримой величины для сравнения с частотой.
وآتينا,7,Исследование не завершено
وآمنوا,7,Исследование не завершено
وأبقى,7,Исследование не завершено
وأعتدنا,7,Исследование не завершено
وأعد,7,Исследование не завершено
واستغفر,7,Исследование не завершено
واصبر,7,Исследование не завершено
والأبصار,7,Исследование не завершено
والليل,7,Исследование не завершено
والمؤمنون,7,Исследование не завершено
واليتامى,7,Исследование не завершено
وبنات,7,Исследование не завершено
وتركنا,7,Исследование не завершено
وتعالى,7,Исследование не завершено
وتوكل,7,Исследование не завершено
وتولى,7,Исследование не завершено
وجنوده,7,Исследование не завершено
وجهك,7,Исследование не завершено
وحاق,7,Исследование не завершено
وذكرى,7,Исследование не завершено
ورحمته,7,Исследование не завершено
وظنوا,7,Исследование не завершено
وعاد,7,Исследование не завершено
وعدا,7,Исследование не завершено
وعده,7,Исследование не завершено
وعيسى,7,Исследование не завершено
وقومه,7,Исследование не завершено
يأكلون,7,Исследование не завершено
يبعث,7,Исследование не завершено
يتذكر,7,Исследование не завершено
يتذكرون,7,Исследование не завершено
يتساءلون,7,Исследование не завершено
يتلو,7,Исследование не завершено
يتلى,7,Исследование не завершено
يجحدون,7,Исследование не завершено
يخفف,7,Исследование не завершено
يرى,7,Исследование не завершено
يسبحون,7,Исследование не завершено
يستكبرون,7,Исследование не завершено
يسمع,7,Исследование не завершено
يسيرا,7,Исследование не завершено
يسيروا,7,Исследование не завершено
يصفون,7,Исследование не завершено
يعمهون,7,Исследование не завершено
يعيده,7,Исследование не завершено
آتاكم,6,Исследование не завершено
آثارهم,6,Исследование не завершено
أتاك,6,Исследование не завершено
أتى,6,Исследование не завершено
أجلهم,6,Исследование не завершено
أجورهن,6,Исследование не завершено
أخرجنا,6,Исследование не завершено
أرأيت,6,Исследование не завершено
أرسلت,6,Исследование не завершено
أزواجكم,6,Исследование не завершено
أعتدنا,6,Исследование не завершено
أعوذ,6,Исследование не завершено
أعين,6,Исследование не завершено
أعينهم,6,Исследование не завершено
أفأنت,6,Проверяемое соответствие не найдено. Все 6 вхождений — служебные формы или местоимения по QAC v0.4 (личное/притяжательное местоимение; https://corpus.quran.com/download/). Их грамматическая функция не задаёт независимой измеримой величины для сравнения с частотой.
أقل,6,Исследование не завершено
ألقى,6,Исследование не завершено
أمهاتكم,6,Исследование не завершено
أندادا,6,Исследование не завершено
أنصار,6,Исследование не завершено
أهدى,6,Исследование не завершено
أولادهم,6,Исследование не завершено
أي,6,Исследование не завершено
أيان,6,Исследование не завершено
أيهم,6,Проверяемое соответствие не найдено. Все 6 вхождений — служебные формы или местоимения по QAC v0.4 (вопросительная частица/местоимение; https://corpus.quran.com/download/). Их грамматическая функция не задаёт независимой измеримой величины для сравнения с частотой.
إثم,6,Исследование не завершено
إحسانا,6,Исследование не завершено
إسحاق,6,Исследование не завершено
إنني,6,Проверяемое соответствие не найдено. Все 6 вхождений — служебные формы или местоимения по QAC v0.4 (грамматическая частица; https://corpus.quran.com/download/). Их грамматическая функция не задаёт независимой измеримой величины для сравнения с частотой.
إيمانكم,6,Исследование не завершено
إيمانهم,6,Исследование не завершено
اجعل,6,Исследование не завершено
ادع,6,Исследование не завершено
اسجدوا,6,Исследование не завершено
اشتروا,6,Исследование не завершено
الأرحام,6,Исследование не завершено
الأليم,6,Исследование не завершено
الأنثيين,6,Исследование не завершено
الأولون,6,Исследование не завершено
الإنس,6,Исследование не завершено
الباب,6,Исследование не завершено
البصر,6,Исследование не завершено
التقوى,6,Исследование не завершено
التواب,6,Исследование не завершено
الجاهلين,6,Исследование не завершено
الحديث,6,Исследование не завершено
الحسنة,6,Исследование не завершено
الخبير,6,Исследование не завершено
الخلد,6,Исследование не завершено
الذكرى,6,Исследование не завершено
الراحمين,6,Исследование не завершено
الرحمة,6,Исследование не завершено
السجن,6,Исследование не завершено
السجود,6,Исследование не завершено
السحر,6,Исследование не завершено
السلم,6,Исследование не завершено
الشاهدين,6,Исследование не завершено
الشمال,6,Исследование не завершено
الصدقات,6,Исследование не завершено
الصراط,6,Исследование не завершено
الصم,6,Исследование не завершено
الضالين,6,Исследование не завершено
الضلالة,6,Исследование не завершено
الطاغوت,6,Исследование не завершено
الطعام,6,Исследование не завершено
العجل,6,Исследование не завершено
العلي,6,Исследование не завершено
الفتنة,6,Исследование не завершено
الفساد,6,Исследование не завершено
القلوب,6,Исследование не завершено
القهار,6,Исследование не завершено
الكبرى,6,Исследование не завершено
الم,6,Исследование не завершено
المتقون,6,Исследование не завершено
المشرق,6,Исследование не завершено
المكذبين,6,Исследование не завершено
النجوم,6,Исследование не завершено
الواحد,6,Исследование не завершено
اليقين,6,Исследование не завершено
امرأت,6,Исследование не завершено
بأفواههم,6,Исследование не завершено
بالذين,6,Проверяемое соответствие не найдено. Все 6 вхождений — служебные формы или местоимения по QAC v0.4 (относительное местоимение; https://corpus.quran.com/download/). Их грамматическая функция не задаёт независимой измеримой величины для сравнения с частотой.
بالعدل,6,Исследование не завершено
بالعذاب,6,Исследование не завершено
بالليل,6,Исследование не завершено
بالمؤمنين,6,Исследование не завершено
بخير,6,Исследование не завершено
بشيء,6,Исследование не завершено
بعباده,6,Исследование не завершено
بعثنا,6,Исследование не завершено
بعدها,6,Исследование не завершено
بعيدا,6,Исследование не завершено
بقوة,6,Исследование не завершено
بمؤمنين,6,Исследование не завершено
بمثل,6,Исследование не завершено
بمعروف,6,Исследование не завершено
بيضاء,6,Исследование не завершено
بيوتكم,6,Исследование не завершено
تأكل,6,Исследование не завершено
تبارك,6,Исследование не завершено
تجارة,6,Исследование не завершено
تحبون,6,Исследование не завершено
تحمل,6,Исследование не завершено
تختلفون,6,Исследование не завершено
تدخلوا,6,Исследование не завершено
ترجع,6,Исследование не завершено
تغني,6,Исследование не завершено
تفعلون,6,Исследование не завершено
تقولون,6,Исследование не завершено
تهتدون,6,Исследование не завершено
ثلاث,6,Исследование не завершено
جئت,6,Исследование не завершено
جاءنا,6,Исследование не завершено
جاءوا,6,Исследование не завершено
جديد,6,Исследование не завершено
جعلكم,6,Исследование не завершено
حبطت,6,Исследование не завершено
حرمنا,6,Исследование не завершено
حفيظ,6,Исследование не завершено
حميد,6,Исследование не завершено
خزي,6,Исследование не завершено
خسر,6,Исследование не завершено
خشية,6,Исследование не завершено
خلقت,6,Исследование не завершено
خلقه,6,Исследование не завершено
ذرة,6,Исследование не завершено
ذكرى,6,Исследование не завершено
ذنوبكم,6,Исследование не завершено
رءوسهم,6,Исследование не завершено
رءوف,6,Исследование не завершено
رأيت,6,Исследование не завершено
رجال,6,Исследование не завершено
رحمت,6,Исследование не завершено
رزق,6,Исследование не завершено
رزقهم,6,Исследование не завершено
رقبة,6,Исследование не завершено
زعمتم,6,Исследование не завершено
زوج,6,Исследование не завершено
زينة,6,Исследование не завершено
سخر,6,Исследование не завершено
سرا,6,Исследование не завершено
سمعوا,6,Исследование не завершено
سوءا,6,Исследование не завершено
سيئات,6,Исследование не завершено
شجرة,6,Исследование не завершено
شفاعة,6,Исследование не завершено
صالح,6,Исследование не завершено
صلاتهم,6,Исследование не завершено
صيحة,6,Исследование не завершено
ضر,6,Исследование не завершено
ضلالا,6,Исследование не завершено
طغى,6,Исследование не завершено
طيبا,6,Исследование не завершено
ظلم,6,Исследование не завершено
عبدا,6,Исследование не завершено
عبدنا,6,Исследование не завершено
عبده,6,Исследование не завершено
عرض,6,Исследование не завершено
عشر,6,Исследование не завершено
عفا,6,Исследование не завершено
علمتم,6,Исследование не завершено
عندي,6,Исследование не завершено
عني,6,Проверяемое соответствие не найдено. Все 6 вхождений — служебные формы или местоимения по QAC v0.4 (предлог; https://corpus.quran.com/download/). Их грамматическая функция не задаёт независимой измеримой величины для сравнения с частотой.
عينا,6,Исследование не завершено
غافلون,6,Исследование не завершено
غيب,6,Исследование не завершено
فآمنوا,6,Исследование не завершено
فأخرجنا,6,Исследование не завершено
فأنجيناه,6,Исследование не завершено
فإني,6,Проверяемое соответствие не найдено. Все 6 вхождений — служебные формы или местоимения по QAC v0.4 (грамматическая частица; https://corpus.quran.com/download/). Их грамматическая функция не задаёт независимой измеримой величины для сравнения с частотой.
فاسقين,6,Исследование не завершено
فاطر,6,Исследование не завершено
فاعلموا,6,Исследование не завершено
فاعلين,6,Исследование не завершено
فاغفر,6,Исследование не завершено
فاكهة,6,Исследование не завершено
فالله,6,Исследование не завершено
فبما,6,"Проверяемое соответствие не найдено. Все 6 вхождений — служебные формы или местоимения по QAC v0.4 (относительное местоимение, дополнительная частица; https://corpus.quran.com/download/). Их грамматическая функция не задаёт независимой измеримой величины для сравнения с частотой."
فذرهم,6,Исследование не завершено
فسبح,6,Исследование не завершено
فقلنا,6,Исследование не завершено
فلله,6,Исследование не завершено
فلهم,6,Проверяемое соответствие не найдено. Все 6 вхождений — служебные формы или местоимения по QAC v0.4 (личное/притяжательное местоимение; https://corpus.quran.com/download/). Их грамматическая функция не задаёт независимой измеримой величины для сравнения с частотой.
فوقكم,6,Исследование не завершено
فينظروا,6,Исследование не завершено
قتلوا,6,Исследование не завершено
قديرا,6,Исследование не завершено
قرضا,6,Исследование не завершено
قضي,6,Исследование не завершено
قلوبنا,6,Исследование не завершено
كبر,6,Исследование не завершено
كفرتم,6,Исследование не завершено
كيدا,6,Исследование не завершено
لأنفسكم,6,Исследование не завершено
لدنا,6,Исследование не завершено
لكان,6,Исследование не завершено
لكن,6,Проверяемое соответствие не найдено. Все 6 вхождений — служебные формы или местоимения по QAC v0.4 (частица противопоставления; https://corpus.quran.com/download/). Их грамматическая функция не задаёт независимой измеримой величины для сравнения с частотой.
للإنسان,6,Исследование не завершено
مآب,6,Исследование не завершено
مؤمنة,6,Исследование не завершено
مؤمنون,6,Исследование не завершено
ماله,6,Исследование не завершено
مثلنا,6,Исследование не завершено
مجنون,6,Исследование не завершено
مدبرين,6,Исследование не завершено
مدكر,6,Исследование не завершено
مستقيما,6,Исследование не завершено
مسه,6,Исследование не завершено
معروفا,6,Исследование не завершено
معنا,6,Исследование не завершено
مفعولا,6,Исследование не завершено
مكر,6,Исследование не завершено
ملائكة,6,Исследование не завершено
منك,6,Проверяемое соответствие не найдено. Все 6 вхождений — служебные формы или местоимения по QAC v0.4 (предлог; https://corpus.quran.com/download/). Их грамматическая функция не задаёт независимой измеримой величины для сравнения с частотой.
موازينه,6,Исследование не завершено
نرى,6,Исследование не завершено
نزلا,6,Исследование не завершено
نزلنا,6,Исследование не завершено
نساء,6,Исследование не завершено
نعبد,6,Исследование не завершено
نعلم,6,Исследование не завершено
نعمتي,6,Исследование не завершено
هواه,6,Исследование не завершено
هودا,6,Исследование не завершено
وأجر,6,Исследование не завершено
وأحسن,6,Исследование не завершено
وأصلحوا,6,Исследование не завершено
وأطعنا,6,Исследование не завершено
وأكثرهم,6,Исследование не завершено
وأمرت,6,Исследование не завершено
وإنك,6,Проверяемое соответствие не найдено. Все 6 вхождений — служебные формы или местоимения по QAC v0.4 (грамматическая частица; https://corpus.quran.com/download/). Их грамматическая функция не задаёт независимой измеримой величины для сравнения с частотой.
واتخذوا,6,Исследование не завершено
واشربوا,6,Исследование не завершено
والأنعام,6,Исследование не завершено
والجبال,6,Исследование не завершено
والميزان,6,Исследование не завершено
وبما,6,"Проверяемое соответствие не найдено. Все 6 вхождений — служебные формы или местоимения по QAC v0.4 (относительное местоимение, подчинительная частица; https://corpus.quran.com/download/). Их грамматическая функция не задаёт независимой измеримой величины для сравнения с частотой."
وبنين,6,Исследование не завершено
وبينهم,6,Исследование не завершено
وجنات,6,Исследование не завершено
وجوهكم,6,Исследование не завершено
وحده,6,Исследование не завершено
وخلق,6,Исследование не завершено
وذكر,6,Исследование не завершено
ورزق,6,Исследование не завершено
وزر,6,Исследование не завершено
وسبح,6,Исследование не завершено
وصدوا,6,Исследование не завершено
وصية,6,Исследование не завершено
وقلنا,6,Исследование не завершено
وكأين,6,Исследование не завершено
وكثير,6,Исследование не завершено
ولوطا,6,Исследование не завершено
وليعلم,6,Исследование не завершено
ومأواهم,6,Исследование не завершено
وملئه,6,Исследование не завершено
ومنكم,6,Проверяемое соответствие не найдено. Все 6 вхождений — служебные формы или местоимения по QAC v0.4 (предлог; https://corpus.quran.com/download/). Их грамматическая функция не задаёт независимой измеримой величины для сравнения с частотой.
ونادى,6,Исследование не завершено
ويسألونك,6,Исследование не завершено
ويعذب,6,Исследование не завершено
ويلنا,6,Исследование не завершено
يأتكم,6,Исследование не завершено
يؤتيه,6,Исследование не завершено
يؤفكون,6,Исследование не завершено
يبتغون,6,Исследование не завершено
يبدأ,6,Исследование не завершено
يخرجوا,6,Исследование не завершено
يخشون,6,Исследование не завершено
يخشى,6,Исследование не завершено
يخلف,6,Исследование не завершено
يدخلون,6,Исследование не завершено
يسارعون,6,Исследование не завершено
يسبح,6,Исследование не завершено
يستمعون,6,Исследование не завершено
يسرا,6,Исследование не завершено
يسعى,6,Исследование не завершено
يصدون,6,Исследование не завершено
يطع,6,Исследование не завершено
يعذبهم,6,Исследование не завершено
يعلنون,6,Исследование не завершено
يغشى,6,Исследование не завершено
يقاتلون,6,Исследование не завершено
يقبل,6,Исследование не завершено
يكاد,6,Исследование не завершено
يكذبون,6,Исследование не завершено
يمشي,6,Исследование не завершено
يمكرون,6,Исследование не завершено
ينبغي,6,Исследование не завершено
آباؤكم,5,Исследование не завершено
آتيناه,5,Исследование не завершено
آلهتنا,5,Исследование не завершено
أإله,5,Исследование не завершено
أئمة,5,Исследование не завершено
أبناء,5,Исследование не завершено
أبناءهم,5,Исследование не завершено
أتاهم,5,Исследование не завершено
أثيم,5,Исследование не завершено
أجئتنا,5,Исследование не завершено
أجلهن,5,Исследование не завершено
أحسنوا,5,Исследование не завершено
أخرجوا,5,Исследование не завершено
أرض,5,Исследование не завершено
أرى,5,Исследование не завершено
أزواجهم,5,Исследование не завершено
أشده,5,Исследование не завершено
أشرك,5,Исследование не завершено
أشهر,5,Исследование не завершено
أصاب,5,Исследование не завершено
أصابهم,5,Исследование не завершено
أطيعوا,5,Исследование не завершено
أعداء,5,Исследование не завершено
أعمى,5,Исследование не завершено
أملك,5,Исследование не завершено
أموال,5,Исследование не завершено
أناس,5,Исследование не завершено
أنشأكم,5,Исследование не завершено
أنعم,5,Исследование не завершено
أهلك,5,Исследование не завершено
أواب,5,Исследование не завершено
أوتيتم,5,Исследование не завершено
إحداهما,5,Исследование не завершено
إناثا,5,Исследование не завершено
إننا,5,Проверяемое соответствие не найдено. Все 5 вхождений — служебные формы или местоимения по QAC v0.4 (грамматическая частица; https://corpus.quran.com/download/). Их грамматическая функция не задаёт независимой измеримой величины для сравнения с частотой.
ائتوني,5,Исследование не завершено
اتقى,5,Исследование не завершено
اذهب,5,Исследование не завершено
استضعفوا,5,Исследование не завершено
استطعتم,5,Исследование не завершено
اسمه,5,Исследование не завершено
الآن,5,Исследование не завершено
الأبرار,5,Исследование не завершено
الأخرى,5,Исследование не завершено
الأدبار,5,Исследование не завершено
الأرائك,5,Исследование не завершено
الأسماء,5,Исследование не завершено
الأنفس,5,Исследование не завершено
البلاد,5,Исследование не завершено
الحاكمين,5,Исследование не завершено
الحريق,5,Исследование не завершено
الحكمة,5,Исследование не завершено
الحميم,5,Исследование не завершено
الخزي,5,Исследование не завершено
الدعاء,5,Исследование не завершено
الر,5,Исследование не завершено
الرازقين,5,Исследование не завершено
الروح,5,Исследование не завершено
الساجدين,5,Исследование не завершено
السبت,5,Исследование не завершено
السفهاء,5,Исследование не завершено
السلام,5,Исследование не завершено
السيئة,5,Исследование не завершено
الشر,5,Исследование не завершено
الشفاعة,5,Исследование не завершено
الطيب,5,Исследование не завершено
الغالبون,5,Исследование не завершено
الغرور,5,Исследование не завершено
الفاحشة,5,Исследование не завершено
الفجر,5,Исследование не завершено
القبور,5,Исследование не завершено
القتل,5,Исследование не завершено
القمر,5,Исследование не завершено
اللهم,5,Исследование не завершено
المستقيم,5,Исследование не завершено
المهاد,5,Исследование не завершено
الميعاد,5,Исследование не завершено
اليتامى,5,Исследование не завершено
اليتيم,5,Исследование не завершено
امرأته,5,Исследование не завершено
امرئ,5,Исследование не завершено
بأنفسهم,5,Исследование не завершено
بئس,5,Исследование не завершено
باركنا,5,Исследование не завершено
بالإثم,5,Исследование не завершено
بالإيمان,5,Исследование не завершено
بالحسنة,5,Исследование не завершено
بالسيئة,5,Исследование не завершено
بالظالمين,5,Исследование не завершено
بالعباد,5,Исследование не завершено
بالقول,5,Исследование не завершено
بربك,5,Исследование не завершено
بربكم,5,Исследование не завершено
بسيماهم,5,Исследование не завершено
بصائر,5,Исследование не завершено
بظلام,5,Исследование не завершено
بقدر,5,Исследование не завершено
بلاء,5,Исследование не завершено
بلغت,5,Исследование не завершено
بوكيل,5,Исследование не завершено
بيت,5,Исследование не завершено
بيده,5,Исследование не завершено
بيوم,5,Исследование не завершено
تأويل,5,Исследование не завершено
تأويله,5,Исследование не завершено
تؤمنون,5,Исследование не завершено
تبديلا,5,Исследование не завершено
تجعل,5,Исследование не завершено
تجعلوا,5,Исследование не завершено
تحتهم,5,Исследование не завершено
تحسبن,5,Исследование не завершено
تخرجون,5,Исследование не завершено
تريدون,5,Исследование не завершено
تزر,5,Исследование не завершено
تسألون,5,Исследование не завершено
تصبروا,5,Исследование не завершено
تصبهم,5,Исследование не завершено
تطيعوا,5,Исследование не завершено
تظلمون,5,Исследование не завершено
تعثوا,5,Исследование не завершено
تعلموا,5,Исследование не завершено
تقربوا,5,Исследование не завершено
تكتمون,5,Исследование не завершено
توبوا,5,Исследование не завершено
جاءتكم,5,Исследование не завершено
جاءوك,5,Исследование не завершено
جاثمين,5,Исследование не завершено
جان,5,Исследование не завершено
جانب,5,Исследование не завершено
جاهدوا,5,Исследование не завершено
جرم,5,Исследование не завершено
جزاؤهم,5,Исследование не завершено
جعله,5,Исследование не завершено
جند,5,Исследование не завершено
جهد,5,Исследование не завершено
حبة,5,Исследование не завершено
حجارة,5,Исследование не завершено
حديثا,5,Исследование не завершено
حسابهم,5,Исследование не завершено
حضر,5,Исследование не завершено
حقت,5,Исследование не завершено
حمل,5,Исследование не завершено
حوله,5,Исследование не завершено
حيا,5,Исследование не завершено
خاسرين,5,Исследование не завершено
خاشعة,5,Исследование не завершено
خاف,5,Исследование не завершено
خاوية,5,Исследование не завершено
خذوا,5,Исследование не завершено
خرجوا,5,Исследование не завершено
خطوات,5,Исследование не завершено
خفت,5,Исследование не завершено
خلاف,5,Исследование не завершено
خلقوا,5,Исследование не завершено
ذكري,5,Исследование не завершено
رأيتهم,5,Исследование не завершено
رجلين,5,Исследование не завершено
رسالات,5,Исследование не завершено
رسله,5,Исследование не завершено
رضي,5,Исследование не завершено
زكريا,5,Исследование не завершено
ساجدين,5,Исследование не завершено
سرر,5,Исследование не завершено
سفر,5,Исследование не завершено
سلف,5,Исследование не завершено
سماوات,5,Исследование не завершено
سيئاتكم,5,Исследование не завершено
سيروا,5,Исследование не завершено
شئتم,5,Исследование не завершено
شئنا,5,Исследование не завершено
شرب,5,Исследование не завершено
شركائي,5,Исследование не завершено
شفيع,5,Исследование не завершено
شقاق,5,Исследование не завершено
شهادة,5,Исследование не завершено
صدقوا,5,Исследование не завершено
صراطا,5,Исследование не завершено
ضعف,5,Исследование не завершено
طغيانهم,5,Исследование не завершено
ظننتم,5,Исследование не завершено
ظهورهم,5,Исследование не завершено
عبد,5,Исследование не завершено
عشرة,5,Исследование не завершено
عملت,5,Исследование не завершено
غرورا,5,Исследование не завершено
غفلة,5,Исследование не завершено
غليظ,5,Исследование не завершено
فأرسل,5,Исследование не завершено
فأصبح,5,Исследование не завершено
فاحكم,5,Исследование не завершено
فاستكبروا,5,Исследование не завершено
فاعبدوه,5,Исследование не завершено
فانظروا,5,Исследование не завершено
فتاب,5,Исследование не завершено
فترى,5,Исследование не завершено
فتنا,5,Исследование не завершено
فجعلناهم,5,Исследование не завершено
فريضة,5,Исследование не завершено
فسجدوا,5,Исследование не завершено
فضلنا,5,Исследование не завершено
فعسى,5,Исследование не завершено
فعلوه,5,Исследование не завершено
فكانت,5,Исследование не завершено
فكانوا,5,Исследование не завершено
فنعم,5,Исследование не завершено
فهي,5,Проверяемое соответствие не найдено. Все 5 вхождений — служебные формы или местоимения по QAC v0.4 (личное/притяжательное местоимение; https://corpus.quran.com/download/). Их грамматическая функция не задаёт независимой измеримой величины для сравнения с частотой.
فينا,5,Проверяемое соответствие не найдено. Все 5 вхождений — служебные формы или местоимения по QAC v0.4 (предлог; https://corpus.quran.com/download/). Их грамматическая функция не задаёт независимой измеримой величины для сравнения с частотой.
قائمة,5,Исследование не завершено
قدره,5,Исследование не завершено
قرن,5,Исследование не завершено
قلبه,5,Исследование не завершено
قلت,5,Исследование не завершено
قميصه,5,Исследование не завершено
قومي,5,Исследование не завершено
كأنه,5,Проверяемое соответствие не найдено. Все 5 вхождений — служебные формы или местоимения по QAC v0.4 (грамматическая частица; https://corpus.quran.com/download/). Их грамматическая функция не задаёт независимой измеримой величины для сравнения с частотой.
كارهون,5,Исследование не завершено
كافة,5,Исследование не завершено
كالذي,5,Проверяемое соответствие не найдено. Все 5 вхождений — служебные формы или местоимения по QAC v0.4 (относительное местоимение; https://corpus.quran.com/download/). Их грамматическая функция не задаёт независимой измеримой величины для сравнения с частотой.
كتابه,5,Исследование не завершено
كرها,5,Исследование не завершено
كسفا,5,Исследование не завершено
كفور,5,Исследование не завершено
كفى,5,Исследование не завершено
كلمت,5,Исследование не завершено
كلها,5,Исследование не завершено
لآدم,5,Исследование не завершено
لبئس,5,Исследование не завершено
لبني,5,Исследование не завершено
لتنذر,5,Исследование не завершено
لدينا,5,Исследование не завершено
لرءوف,5,Исследование не завершено
لربهم,5,Исследование не завершено
لسان,5,Исследование не завершено
لست,5,Исследование не завершено
لشيء,5,Исследование не завершено
لعبرة,5,Исследование не завершено
لعنهم,5,Исследование не завершено
للذكر,5,Исследование не завершено
للعبيد,5,Исследование не завершено
لمبعوثون,5,Исследование не завершено
لنحن,5,Проверяемое соответствие не найдено. Все 5 вхождений — служебные формы или местоимения по QAC v0.4 (личное/притяжательное местоимение; https://corpus.quran.com/download/). Их грамматическая функция не задаёт независимой измеримой величины для сравнения с частотой.
لنكونن,5,Исследование не завершено
ليحكم,5,Исследование не завершено
ليضل,5,Исследование не завершено
ليعلم,5,Исследование не завершено
ليغفر,5,Исследование не завершено
ليلا,5,Исследование не завершено
مأواهم,5,Исследование не завершено
متنا,5,Исследование не завершено
مثلها,5,Исследование не завершено
مثلهم,5,Исследование не завершено
محضرون,5,Исследование не завершено
مرتين,5,Исследование не завершено
مرجعهم,5,Исследование не завершено
مرية,5,Исследование не завершено
مساكنهم,5,Исследование не завершено
مستقر,5,Исследование не завершено
مشفقون,5,Исследование не завершено
مصبحين,5,Исследование не завершено
مصدق,5,Исследование не завершено
مطهرة,5,Исследование не завершено
معرضين,5,Исследование не завершено
معروف,5,Исследование не завершено
مفسدين,5,Исследование не завершено
مكرهم,5,Исследование не завершено
منافع,5,Исследование не завершено
منذر,5,Исследование не завершено
منكرون,5,Исследование не завершено
مهتدون,5,Исследование не завершено
مودة,5,Исследование не завершено
مولاكم,5,Исследование не завершено
ميتا,5,Исследование не завершено
نسائكم,5,Исследование не завершено
نصارى,5,Исследование не завершено
نعدهم,5,Исследование не завершено
نعمل,5,Исследование не завершено
نعيم,5,Исследование не завершено
نفصل,5,Исследование не завершено
نقص,5,Исследование не завершено
نكير,5,Исследование не завершено
نهوا,5,Исследование не завершено
هاجروا,5,Исследование не завершено
هاد,5,Исследование не завершено
هدانا,5,Исследование не завершено
وآباؤكم,5,Исследование не завершено
وأسروا,5,Исследование не завершено
وأضل,5,Исследование не завершено
وأمر,5,Исследование не завершено
وأمطرنا,5,Исследование не завершено
وأنهم,5,Проверяемое соответствие не найдено. Все 5 вхождений — служебные формы или местоимения по QAC v0.4 (грамматическая частица; https://corpus.quran.com/download/). Их грамматическая функция не задаёт независимой измеримой величины для сравнения с частотой.
وأوفوا,5,Исследование не завершено
واتل,5,Исследование не завершено
واجعل,5,Исследование не завершено
واحدا,5,Исследование не завершено
وازرة,5,Исследование не завершено
واشكروا,5,Исследование не завершено
والبصير,5,Исследование не завершено
والضراء,5,Исследование не завершено
والطير,5,Исследование не завершено
والعدوان,5,Исследование не завершено
والقرآن,5,Исследование не завершено
والمغرب,5,Исследование не завершено
والمنافقات,5,Исследование не завершено
والناس,5,Исследование не завершено
والنصارى,5,Исследование не завершено
وبشرى,5,Исследование не завершено
وبينك,5,Исследование не завершено
وجعلناهم,5,Исследование не завершено
وحسن,5,Исследование не завершено
وحين,5,Исследование не завершено
ورضوا,5,Исследование не завершено
ورضوان,5,Исследование не завершено
ورفعنا,5,Исследование не завершено
وسعها,5,Исследование не завершено
وسوف,5,Исследование не завершено
وصدق,5,Исследование не завершено
وعدنا,5,Исследование не завершено
وعظاما,5,Исследование не завершено
وعلما,5,Исследование не завершено
وعن,5,Проверяемое соответствие не найдено. Все 5 вхождений — служебные формы или местоимения по QAC v0.4 (предлог; https://corpus.quran.com/download/). Их грамматическая функция не задаёт независимой измеримой величины для сравнения с частотой.
وغير,5,Исследование не завершено
وفرعون,5,Исследование не завершено
وقاتلوا,5,Исследование не завершено
وقرا,5,Исследование не завершено
وقضي,5,Исследование не завершено
وقع,5,Исследование не завершено
وكذب,5,Исследование не завершено
وكلوا,5,Исследование не завершено
وكيف,5,Проверяемое соответствие не найдено. Все 5 вхождений — служебные формы или местоимения по QAC v0.4 (вопросительная частица/местоимение; https://corpus.quran.com/download/). Их грамматическая функция не задаёт независимой измеримой величины для сравнения с частотой.
وكيل,5,Исследование не завершено
ولحم,5,Исследование не завершено
ولعذاب,5,Исследование не завершено
وللكافرين,5,Исследование не завершено
ولمن,5,Проверяемое соответствие не найдено. Все 5 вхождений — служебные формы или местоимения по QAC v0.4 (относительное местоимение; https://corpus.quran.com/download/). Их грамматическая функция не задаёт независимой измеримой величины для сравнения с частотой.
وليس,5,Исследование не завершено
ومغفرة,5,Исследование не завершено
وملائكته,5,Исследование не завершено
وممن,5,"Проверяемое соответствие не найдено. Все 5 вхождений — служебные формы или местоимения по QAC v0.4 (предлог, относительное местоимение; https://corpus.quran.com/download/). Их грамматическая функция не задаёт независимой измеримой величины для сравнения с частотой."
وموسى,5,Исследование не завершено
وموعظة,5,Исследование не завершено
ونفخ,5,Исследование не завершено
ويؤتون,5,Исследование не завершено
ويزيدهم,5,Исследование не завершено
ويقتلون,5,Исследование не завершено
وينزل,5,Исследование не завершено
يأتوا,5,Исследование не завершено
يأتين,5,Исследование не завершено
يأكل,5,Исследование не завершено
يأمر,5,Исследование не завершено
يأمركم,5,Исследование не завершено
يبلغ,5,Исследование не завершено
يتبع,5,Исследование не завершено
يتلون,5,Исследование не завершено
يتوكلون,5,Исследование не завершено
يجادل,5,Исследование не завершено
يجادلون,5,Исследование не завершено
يجدوا,5,Исследование не завершено
يحزنك,5,Исследование не завершено
يحشرهم,5,Исследование не завершено
يحل,5,Исследование не завершено
يحلفون,5,Исследование не завершено
يحيى,5,Исследование не завершено
يحييكم,5,Исследование не завершено
يخاف,5,Исследование не завершено
يخرجون,5,Исследование не завершено
يخلقون,5,Исследование не завершено
يدك,5,Исследование не завершено
يرجع,5,Исследование не завершено
يرزقكم,5,Исследование не завершено
يسأل,5,Исследование не завершено
يستأخرون,5,Исследование не завершено
يستبشرون,5,Исследование не завершено
يستجيبوا,5,Исследование не завершено
يشاءون,5,Исследование не завершено
يشتهون,5,Исследование не завершено
يشهد,5,Исследование не завершено
يصنعون,5,Исследование не завершено
يضاعف,5,Исследование не завершено
يظلم,5,Исследование не завершено
يظنون,5,Исследование не завершено
يعدكم,5,Исследование не завершено
يعدلون,5,Исследование не завершено
يعقوب,5,Исследование не завершено
يعلمه,5,Исследование не завершено
يعلموا,5,Исследование не завершено
يفسقون,5,Исследование не завершено
يفصل,5,Исследование не завершено
يقاتلوكم,5,Исследование не завершено
يقتلون,5,Исследование не завершено
يقوم,5,Исследование не завершено
يكتبون,5,Исследование не завершено
يكتمون,5,Исследование не завершено
يكذب,5,Исследование не завершено
يلعبون,5,Исследование не завершено
يمشون,5,Исследование не завершено
يموت,5,Исследование не завершено
ينفق,5,Исследование не завершено
يود,5,Исследование не завершено
يومكم,5,Исследование не завершено
يومهم,5,Исследование не завершено
آباءهم,4,Исследование не завершено
آباؤهم,4,Исследование не завершено
آبائكم,4,Исследование не завершено
آتنا,4,Исследование не завершено
آتيتموهن,4,Исследование не завершено
آتيكم,4,Исследование не завершено
آذان,4,Исследование не завершено
آلهتكم,4,Исследование не завершено
أئنكم,4,Проверяемое соответствие не найдено. Все 4 вхождений — служебные формы или местоимения по QAC v0.4 (грамматическая частица; https://corpus.quran.com/download/). Их грамматическая функция не задаёт независимой измеримой величины для сравнения с частотой.
أبناءكم,4,Исследование не завершено
أبي,4,Исследование не завершено
أبيكم,4,Исследование не завершено
أجد,4,Исследование не завершено
أجورهم,4,Исследование не завершено
أحاط,4,Исследование не завершено
أحب,4,Исследование не завершено
أحدهما,4,Исследование не завершено
أحياء,4,Исследование не завершено
أخاه,4,Исследование не завершено
أخوهم,4,Исследование не завершено
أخي,4,Исследование не завершено
أدبر,4,Исследование не завершено
أدري,4,Исследование не завершено
أذقنا,4,Исследование не завершено
أذلة,4,Исследование не завершено
أرادوا,4,Исследование не завершено
أراكم,4,Исследование не завершено
أربعين,4,Исследование не завершено
أرحم,4,Исследование не завершено
أردنا,4,Исследование не завершено
أرسلتم,4,Исследование не завершено
أزكى,4,Исследование не завершено
أساور,4,Исследование не завершено
أسر,4,Исследование не завершено
أسلموا,4,Исследование не завершено
أصابكم,4,Исследование не завершено
أعدت,4,Исследование не завершено
أعمل,4,Исследование не завершено
أعناقهم,4,Исследование не завершено
أغرقنا,4,Исследование не завершено
أغير,4,Исследование не завершено
أفرأيت,4,Исследование не завершено
أفغير,4,Исследование не завершено
أفلح,4,Исследование не завершено
أفواههم,4,Исследование не завершено
أكلها,4,Исследование не завершено
أكن,4,Исследование не завершено
أكنة,4,Исследование не завершено
ألوانه,4,Исследование не завершено
أمثالكم,4,Исследование не завершено
أمركم,4,Исследование не завершено
أمنتم,4,Исследование не завершено
أنذر,4,Исследование не завершено
أنفقتم,4,Исследование не завершено
أنها,4,Проверяемое соответствие не найдено. Все 4 вхождений — служебные формы или местоимения по QAC v0.4 (грамматическая частица; https://corpus.quran.com/download/). Их грамматическая функция не задаёт независимой измеримой величины для сравнения с частотой.
أهؤلاء,4,Проверяемое соответствие не найдено. Все 4 вхождений — служебные формы или местоимения по QAC v0.4 (указательное местоимение; https://corpus.quran.com/download/). Их грамматическая функция не задаёт независимой измеримой величины для сравнения с частотой.
أهلكناها,4,Исследование не завершено
أهلكناهم,4,Исследование не завершено
أوفوا,4,Исследование не завершено
أيحسب,4,Исследование не завершено
أيكم,4,Исследование не завершено
إحدى,4,Исследование не завершено
إخوانهن,4,Исследование не завершено
إخوة,4,Исследование не завершено
إفك,4,Исследование не завершено
إليها,4,Проверяемое соответствие не найдено. Все 4 вхождений — служебные формы или местоимения по QAC v0.4 (предлог; https://corpus.quran.com/download/). Их грамматическая функция не задаёт независимой измеримой величины для сравнения с частотой.
إماما,4,Исследование не завершено
ائتنا,4,Исследование не завершено
اتبعك,4,Исследование не завершено
اتخذتم,4,Исследование не завершено
اثنتين,4,Исследование не завершено
استجابوا,4,Исследование не завершено
استطاعوا,4,Исследование не завершено
استقاموا,4,Исследование не завершено
اضطر,4,Исследование не завершено
اعتدى,4,Исследование не завершено
الأكبر,4,Исследование не завершено
الأيكة,4,Исследование не завершено
الإسلام,4,Исследование не завершено
الإنجيل,4,Исследование не завершено
البحرين,4,Исследование не завершено
البصير,4,Исследование не завершено
البلد,4,Исследование не завершено
البنات,4,Исследование не завершено
البيوت,4,Исследование не завершено
التوبة,4,Исследование не завершено
الجاهلية,4,Исследование не завершено
الجمعان,4,Исследование не завершено
الجهر,4,Исследование не завершено
الحرث,4,Исследование не завершено
الخوف,4,Исследование не завершено
الرجس,4,Исследование не завершено
الرجفة,4,Исследование не завершено
الرعب,4,Исследование не завершено
الشهر,4,Исследование не завершено
العداوة,4,Исследование не завершено
العمر,4,Исследование не завершено
العمي,4,Исследование не завершено
الغالبين,4,Исследование не завершено
الغيوب,4,Исследование не завершено
الفائزون,4,Исследование не завершено
الفتح,4,Исследование не завершено
الفرقان,4,Исследование не завершено
القاعدين,4,Исследование не завершено
القدس,4,Исследование не завершено
القصص,4,Исследование не завершено
القيم,4,Исследование не завершено
الكلم,4,Исследование не завершено
الكهف,4,Исследование не завершено
المأوى,4,Исследование не завершено
المال,4,Исследование не завершено
المبطلون,4,Исследование не завершено
المحراب,4,Исследование не завершено
المحصنات,4,Исследование не завершено
المرء,4,Исследование не завершено
المسكين,4,Исследование не завершено
المعتدين,4,Исследование не завершено
المقربون,4,Исследование не завершено
المقربين,4,Исследование не завершено
الممترين,4,Исследование не завершено
الميتة,4,Исследование не завершено
النجوى,4,Исследование не завершено
النذر,4,Исследование не завершено
النصارى,4,Исследование не завершено
الهدي,4,Исследование не завершено
الهوى,4,Исследование не завершено
انتقام,4,Исследование не завершено
انتهوا,4,Исследование не завершено
اهبطوا,4,Исследование не завершено
اهتدوا,4,Исследование не завершено
بآياته,4,Исследование не завершено
بآياتي,4,Исследование не завершено
بأحسن,4,Исследование не завершено
بأعيننا,4,Исследование не завершено
بإذني,4,Исследование не завершено
باب,4,Исследование не завершено
باسم,4,Исследование не завершено
بالأمس,4,Исследование не завершено
بالسوء,4,Исследование не завершено
بالصبر,4,Исследование не завершено
بالعشي,4,Исследование не завершено
بالكتاب,4,Исследование не завершено
بالكفر,4,Исследование не завершено
بالمهتدين,4,Исследование не завершено
بالنذر,4,Исследование не завершено
بجهالة,4,Исследование не завершено
بحمده,4,Исследование не завершено
بربي,4,Исследование не завершено
برهانكم,4,Исследование не завершено
بروح,4,Исследование не завершено
بسوء,4,Исследование не завершено
بشرى,4,Исследование не завершено
بشيرا,4,Исследование не завершено
بضر,4,Исследование не завершено
بطون,4,Исследование не завершено
بظلم,4,Исследование не завершено
بعث,4,Исследование не завершено
بعدا,4,Исследование не завершено
بعدي,4,Исследование не завершено
بعزيز,4,Исследование не завершено
بعلمه,4,Исследование не завершено
بعهد,4,Исследование не завершено
بغضب,4,Исследование не завершено
بغلام,4,Исследование не завершено
بفاحشة,4,Исследование не завершено
بقرة,4,Исследование не завершено
بكفرهم,4,Исследование не завершено
بلدة,4,Исследование не завершено
بماء,4,Исследование не завершено
بنا,4,Проверяемое соответствие не найдено. Все 4 вхождений — служебные формы или местоимения по QAC v0.4 (личное/притяжательное местоимение; https://corpus.quran.com/download/). Их грамматическая функция не задаёт независимой измеримой величины для сравнения с частотой.
بنعمة,4,Исследование не завершено
بهتانا,4,Исследование не завершено
بوالديه,4,Исследование не завершено
بيمينه,4,Исследование не завершено
تأتينا,4,Исследование не завершено
تؤفكون,4,Исследование не завершено
تبت,4,Исследование не завершено
تبدوا,4,Исследование не завершено
تبع,4,Исследование не завершено
تتلو,4,Исследование не завершено
تتولوا,4,Исследование не завершено
تجهلون,4,Исследование не завершено
تحكمون,4,Исследование не завершено
تخافون,4,Исследование не завершено
تدري,4,Исследование не завершено
تدع,4,Исследование не завершено
تدعوهم,4,Исследование не завершено
تزعمون,4,Исследование не завершено
تزكى,4,Исследование не завершено
تسألهم,4,Исследование не завершено
تستطيع,4,Исследование не завершено
تشعرون,4,Исследование не завершено
تصفون,4,Исследование не завершено
تعدلوا,4,Исследование не завершено
تعدنا,4,Исследование не завершено
تغن,4,Исследование не завершено
تفسدوا,4,Исследование не завершено
تقبل,4,Исследование не завершено
تقتلون,4,Исследование не завершено
تقدموا,4,Исследование не завершено
تكسبون,4,Исследование не завершено
تكفروا,4,Исследование не завершено
تكلم,4,Исследование не завершено
تنزيلا,4,Исследование не завершено
تنكحوا,4,Исследование не завершено
توكلنا,4,Исследование не завершено
ثبورا,4,Исследование не завершено
ثقلت,4,Исследование не завершено
ثمرات,4,Исследование не завершено
ثوابا,4,Исследование не завершено
جئتكم,4,Исследование не завершено
جئنا,4,Исследование не завершено
جسدا,4,Исследование не завершено
جميلا,4,Исследование не завершено
جناحك,4,Исследование не завершено
جنود,4,Исследование не завершено
جواب,4,Исследование не завершено
حاصبا,4,Исследование не завершено
حجاب,4,Исследование не завершено
حرث,4,Исследование не завершено
حسابا,4,Исследование не завершено
حسيبا,4,Исследование не завершено
حظ,4,Исследование не завершено
حل,4,Исследование не завершено
حلالا,4,Исследование не завершено
حملنا,4,Исследование не завершено
حياة,4,Исследование не завершено
خالصة,4,Исследование не завершено
خضر,4,Исследование не завершено
خلائف,4,Исследование не завершено
خلفه,4,Исследование не завершено
خلقناه,4,Исследование не завершено
خلقهم,4,Исследование не завершено
خوفا,4,Исследование не завершено
دابر,4,Исследование не завершено
دارهم,4,Исследование не завершено
درجة,4,Исследование не завершено
دعا,4,Исследование не завершено
دعواهم,4,Исследование не завершено
دعوة,4,Исследование не завершено
دونهم,4,Исследование не завершено
دياركم,4,Исследование не завершено
دينا,4,Исследование не завершено
ذريته,4,Исследование не завершено
ذريتهم,4,Исследование не завершено
ذريتي,4,Исследование не завершено
ذلة,4,Исследование не завершено
ذنوبنا,4,Исследование не завершено
رآه,4,Исследование не завершено
راجعون,4,Исследование не завершено
راضية,4,Исследование не завершено
رجس,4,Исследование не завершено
رجيم,4,Исследование не завершено
رحم,4,Исследование не завершено
رحمتنا,4,Исследование не завершено
رزقه,4,Исследование не завершено
رسولنا,4,Исследование не завершено
رضوا,4,Исследование не завершено
ريح,4,Исследование не завершено
ريحا,4,Исследование не завершено
زوجها,4,Исследование не завершено
زوجين,4,Исследование не завершено
زينا,4,Исследование не завершено
سببا,4,Исследование не завершено
سبح,4,Исследование не завершено
سبق,4,Исследование не завершено
سبلا,4,Исследование не завершено
سحابا,4,Исследование не завершено
سقر,4,Исследование не завершено
سماعون,4,Исследование не завершено
سميعا,4,Исследование не завершено
سوآتهما,4,Исследование не завершено
سويا,4,Исследование не завершено
سيقول,4,Исследование не завершено
سيقولون,4,Исследование не завершено
شراب,4,Исследование не завершено
شعائر,4,Исследование не завершено
شعيب,4,Исследование не завершено
شهد,4,Исследование не завершено
شهدنا,4,Исследование не завершено
شهر,4,Соответствие не воспроизведено для этой словоформы: شهر — 4. В отдельном профиле QAC лемма شهر имеет 12 форм единственного числа; это условное совпадение с 12 месяцами исламского календаря (https://www.timeanddate.com/calendar/islamic-calendar.html). Все числа леммы вместе дают 21; см. RECOUNT.md.
شيطان,4,Исследование не завершено
شيعا,4,Исследование не завершено
صالحين,4,Исследование не завершено
صبار,4,Исследование не завершено
صدرك,4,Исследование не завершено
صدقة,4,Исследование не завершено
صدور,4,Исследование не завершено
صدوركم,4,Исследование не завершено
صرفنا,4,Исследование не завершено
صعيدا,4,Исследование не завершено
صلصال,4,Исследование не завершено
صنعوا,4,Исследование не завершено
ضعفا,4,Исследование не завершено
ضعيفا,4,Исследование не завершено
طغيانا,4,Исследование не завершено
طلقتم,4,Исследование не завершено
طوعا,4,Исследование не завершено
ظالمة,4,Исследование не завершено
ظهر,4,Исследование не завершено
ظهيرا,4,Исследование не завершено
عابدون,4,Исследование не завершено
عام,4,Исследование не завершено
عامل,4,Исследование не завершено
عاهدتم,4,Исследование не завершено
عاهدوا,4,Исследование не завершено
عجبا,4,Исследование не завершено
عدة,4,Исследование не завершено
عزم,4,Исследование не завершено
عصيت,4,Исследование не завершено
عطاء,4,Исследование не завершено
عظاما,4,Исследование не завершено
عفوا,4,Исследование не завершено
عقاب,4,Исследование не завершено
عقبى,4,Исследование не завершено
علام,4,Исследование не завершено
علقة,4,Исследование не завершено
علمكم,4,Исследование не завершено
علمه,4,Исследование не завершено
علمها,4,Исследование не завершено
علوا,4,Исследование не завершено
عمله,4,Исследование не завершено
عنهما,4,Проверяемое соответствие не найдено. Все 4 вхождений — служебные формы или местоимения по QAC v0.4 (предлог; https://corpus.quran.com/download/). Их грамматическая функция не задаёт независимой измеримой величины для сравнения с частотой.
عهدا,4,Исследование не завершено
غافلين,4,Исследование не завершено
غدا,4,Исследование не завершено
غلام,4,Исследование не завершено
غيركم,4,Исследование не завершено
فأت,4,Исследование не завершено
فأحيا,4,Исследование не завершено
فأخذناهم,4,Исследование не завершено
فأنبتنا,4,Исследование не завершено
فاتقون,4,Исследование не завершено
فاحشة,4,Исследование не завершено
فاختلف,4,Исследование не завершено
فاخرج,4,Исследование не завершено
فاسأل,4,Исследование не завершено
فاستجبنا,4,Исследование не завершено
فاستعذ,4,Исследование не завершено
فانتقمنا,4,Исследование не завершено
فتحا,4,Исследование не завершено
فتحنا,4,Исследование не завершено
فتربصوا,4,Исследование не завершено
فتعالى,4,Исследование не завершено
فتولى,4,Исследование не завершено
فحق,4,Исследование не завершено
فذكر,4,Исследование не завершено
فرض,4,Исследование не завершено
فساء,4,Исследование не завершено
فسيقولون,4,Исследование не завершено
فصل,4,Исследование не завершено
فصلت,4,Исследование не завершено
فصيام,4,Исследование не завершено
فضة,4,Исследование не завершено
فعلوا,4,Исследование не завершено
فعليه,4,Проверяемое соответствие не найдено. Все 4 вхождений — служебные формы или местоимения по QAC v0.4 (предлог; https://corpus.quran.com/download/). Их грамматическая функция не задаёт независимой измеримой величины для сравнения с частотой.
فلنفسه,4,Исследование не завершено
فلينظر,4,Исследование не завершено
فيومئذ,4,Исследование не завершено
قائما,4,Исследование не завершено
قاتلوا,4,Исследование не завершено
قاموا,4,Исследование не завершено
قدم,4,Исследование не завершено
قرار,4,Исследование не завершено
قربى,4,Исследование не завершено
قومنا,4,Исследование не завершено
قوي,4,Исследование не завершено
قياما,4,Исследование не завершено
كادوا,4,Исследование не завершено
كذاب,4,Исследование не завершено
كرة,4,Исследование не завершено
كريما,4,Исследование не завершено
كشفنا,4,Исследование не завершено
كفرا,4,Исследование не завершено
كي,4,Проверяемое соответствие не найдено. Все 4 вхождений — служебные формы или местоимения по QAC v0.4 (подчинительная частица; https://corpus.quran.com/download/). Их грамматическая функция не задаёт независимой измеримой величины для сравнения с частотой.
لأجل,4,Исследование не завершено
لأملأن,4,Исследование не завершено
لإخوانهم,4,Исследование не завершено
لبثت,4,Исследование не завершено
لبثوا,4,Исследование не завершено
لبشر,4,Исследование не завершено
لتأتون,4,Исследование не завершено
لتبتغوا,4,Исследование не завершено
لتسكنوا,4,Исследование не завершено
لحق,4,Исследование не завершено
لحما,4,Исследование не завершено
لدي,4,Исследование не завершено
لرب,4,Исследование не завершено
لرسول,4,Исследование не завершено
لشديد,4,Исследование не завершено
لصادقون,4,Исследование не завершено
لطيف,4,Исследование не завершено
لغير,4,Исследование не завершено
لقاءنا,4,Исследование не завершено
لكنا,4,Исследование не завершено
لكيلا,4,"Проверяемое соответствие не найдено. Все 4 вхождений — служебные формы или местоимения по QAC v0.4 (отрицательная частица, подчинительная частица; https://corpus.quran.com/download/). Их грамматическая функция не задаёт независимой измеримой величины для сравнения с частотой."
للتقوى,4,Исследование не завершено
للذي,4,Проверяемое соответствие не найдено. Все 4 вхождений — служебные формы или местоимения по QAC v0.4 (относительное местоимение; https://corpus.quran.com/download/). Их грамматическая функция не задаёт независимой измеримой величины для сравнения с частотой.
للمشركين,4,Исследование не завершено
لنعلم,4,Исследование не завершено
لنفسي,4,Исследование не завершено
لوطا,4,Исследование не завершено
ليؤمنوا,4,Исследование не завершено
ليبلوكم,4,Исследование не завершено
ليقولون,4,Исследование не завершено
لينذر,4,Исследование не завершено
ليوسف,4,Исследование не завершено
مبارك,4,Исследование не завершено
مباركا,4,Исследование не завершено
مبشرين,4,Исследование не завершено
متقابلين,4,Исследование не завершено
متم,4,Исследование не завершено
محسن,4,Исследование не завершено
محمد,4,Исследование не завершено
محيص,4,Исследование не завершено
مختلف,4,Исследование не завершено
مختلفا,4,Исследование не завершено
مخلصا,4,Исследование не завершено
مر,4,Исследование не завершено
مرد,4,Исследование не завершено
مرضات,4,Исследование не завершено
مرضى,4,Исследование не завершено
مسئولا,4,Исследование не завершено
مستقرا,4,Исследование не завершено
مسلمة,4,Исследование не завершено
مسني,4,Исследование не завершено
مشركين,4,Исследование не завершено
مطر,4,Исследование не завершено
مقرنين,4,Исследование не завершено
مكانتكم,4,Исследование не завершено
مكرا,4,Исследование не завершено
مكين,4,Исследование не завершено
ملكوت,4,Исследование не завершено
ممنون,4,Исследование не завершено
منع,4,Исследование не завершено
منكن,4,Проверяемое соответствие не найдено. Все 4 вхождений — служебные формы или местоимения по QAC v0.4 (предлог; https://corpus.quran.com/download/). Их грамматическая функция не задаёт независимой измеримой величины для сравнения с частотой.
منيب,4,Исследование не завершено
مهينا,4,Исследование не завершено
موج,4,Исследование не завершено
موعدا,4,Исследование не завершено
مولى,4,Исследование не завершено
ميثاقكم,4,Исследование не завершено
ميثاقهم,4,Исследование не завершено
نادمين,4,Исследование не завершено
ناقة,4,Исследование не завершено
نبات,4,Исследование не завершено
نتبع,4,Исследование не завершено
نجينا,4,Исследование не завершено
نخيل,4,Исследование не завершено
ندعو,4,Исследование не завершено
نذيرا,4,Исследование не завершено
نراك,4,Исследование не завершено
نرسل,4,Исследование не завершено
نريد,4,Исследование не завершено
نرينك,4,Исследование не завершено
نصب,4,Исследование не завершено
نصرف,4,Исследование не завершено
نعمته,4,Исследование не завершено
نفورا,4,Исследование не завершено
نكن,4,Исследование не завершено
نوحي,4,Исследование не завершено
نودي,4,Исследование не завершено
ها,4,Исследование не завершено
هاتوا,4,Исследование не завершено
هاهنا,4,Проверяемое соответствие не найдено. Все 4 вхождений — служебные формы или местоимения по QAC v0.4 (указательное местоимение; https://corpus.quran.com/download/). Их грамматическая функция не задаёт независимой измеримой величины для сравнения с частотой.
هب,4,Исследование не завершено
هداكم,4,Исследование не завершено
هداهم,4,Исследование не завершено
هلك,4,Исследование не завершено
هنيئا,4,Исследование не завершено
هود,4,Исследование не завершено
وآتيناهم,4,Исследование не завершено
وآخرون,4,Исследование не завершено
وآمن,4,Исследование не завершено
وآية,4,Исследование не завершено
وأبصارهم,4,Исследование не завершено
وأجل,4,Исследование не завершено
وأخر,4,Исследование не завершено
وأخيه,4,Исследование не завершено
وأرجلكم,4,Исследование не завершено
وأزواجهم,4,Исследование не завершено
وأصيلا,4,Исследование не завершено
وأعرض,4,Исследование не завершено
وأغرقنا,4,Исследование не завершено
وأقسموا,4,Исследование не завершено
وألقينا,4,Исследование не завершено
وأمه,4,Исследование не завершено
وأنفسكم,4,Исследование не завершено
وأهلها,4,Исследование не завершено
وأولو,4,Исследование не завершено
وأيديكم,4,Исследование не завершено
وإبراهيم,4,Исследование не завершено
وإياكم,4,Проверяемое соответствие не найдено. Все 4 вхождений — служебные формы или местоимения по QAC v0.4 (личное/притяжательное местоимение; https://corpus.quran.com/download/). Их грамматическая функция не задаёт независимой измеримой величины для сравнения с частотой.
واتخذ,4,Исследование не завершено
واتقوه,4,Исследование не завершено
واختلاف,4,Исследование не завершено
وادعوا,4,Исследование не завершено
واستكبروا,4,Исследование не завершено
واسعة,4,Исследование не завершено
واسمعوا,4,Исследование не завершено
واعتصموا,4,Исследование не завершено
واغفر,4,Исследование не завершено
والأسباط,4,Исследование не завершено
والأفئدة,4,Исследование не завершено
والأنثى,4,Исследование не завершено
والبغضاء,4,Исследование не завершено
والدم,4,Исследование не завершено
والزيتون,4,Исследование не завершено
والصابرين,4,Исследование не завершено
والمشركين,4,Исследование не завершено
والمنافقين,4,Исследование не завершено
وبال,4,Исследование не завершено
وبالوالدين,4,Исследование не завершено
وبدا,4,Исследование не завершено
وتواصوا,4,Исследование не завершено
وجد,4,Исследование не завершено
وجعلني,4,Исследование не завершено
وذروا,4,Исследование не завершено
وزين,4,Исследование не завершено
وساءت,4,Исследование не завершено
وسع,4,Исследование не завершено
وسليمان,4,Исследование не завершено
وصاكم,4,Исследование не завершено
وضرب,4,Исследование не завершено
وطمعا,4,Исследование не завершено
وعذاب,4,Исследование не завершено
وعشيا,4,Исследование не завершено
وعلانية,4,Исследование не завершено
وغضب,4,Исследование не завершено
وفضل,4,Исследование не завершено
وكانت,4,Исследование не завершено
وكفرا,4,Исследование не завершено
وكنت,4,Исследование не завершено
ولبئس,4,Исследование не завершено
ولتبتغوا,4,Исследование не завершено
ولكني,4,Проверяемое соответствие не найдено. Все 4 вхождений — служебные формы или местоимения по QAC v0.4 (грамматическая частица; https://corpus.quran.com/download/). Их грамматическая функция не задаёт независимой измеримой величины для сравнения с частотой.
وللمؤمنين,4,Исследование не завершено
ولوا,4,Исследование не завершено
وماتوا,4,Исследование не завершено
ومنذرين,4,Исследование не завершено
ونجيناه,4,Исследование не завершено
ونساء,4,Исследование не завершено
ونعم,4,Исследование не завершено
وهاجروا,4,Исследование не завершено
وهامان,4,Исследование не завершено
ويأمرون,4,Исследование не завершено
ويرسل,4,Исследование не завершено
ويصدون,4,Исследование не завершено
ويعبدون,4,Исследование не завершено
وينهون,4,Исследование не завершено
ويولج,4,Исследование не завершено
يأتوك,4,Исследование не завершено
يأتون,4,Исследование не завершено
يأتيه,4,Исследование не завершено
يؤاخذكم,4,Исследование не завершено
يؤت,4,Исследование не завершено
يؤتكم,4,Исследование не завершено
يؤتون,4,Исследование не завершено
يؤخذ,4,Исследование не завершено
يؤذن,4,Исследование не завершено
يؤذون,4,Исследование не завершено
يبدل,4,Исследование не завершено
يبغون,4,Исследование не завершено
يتق,4,Исследование не завершено
يتوفاكم,4,Исследование не завершено
يتوفى,4,Исследование не завершено
يتول,4,Исследование не завершено
يجري,4,Исследование не завершено
يحبون,4,Исследование не завершено
يحسبون,4,Исследование не завершено
يحكمون,4,Исследование не завершено
يحلون,4,Исследование не завершено
يختصمون,4,Исследование не завершено
يخفى,4,Исследование не завершено
يخوضوا,4,Исследование не завершено
يدبر,4,Исследование не завершено
يدخله,4,Исследование не завершено
يدعوكم,4,Исследование не завершено
يذهبكم,4,Исследование не завершено
يرجو,4,Исследование не завершено
يرزق,4,Исследование не завершено
يرضى,4,Исследование не завершено
يزيد,4,Исследование не завершено
يسألون,4,Исследование не завершено
يسجدون,4,Исследование не завершено
يسرنا,4,Исследование не завершено
يسرون,4,Исследование не завершено
يشترون,4,Исследование не завершено
يشهدون,4,Исследование не завершено
يصلون,4,Исследование не завершено
يصلونها,4,Исследование не завершено
يضرب,4,Исследование не завершено
يضيع,4,Исследование не завершено
يعذبكم,4,Исследование не завершено
يعرفون,4,Исследование не завершено
يعظكم,4,Исследование не завершено
يعمر,4,Исследование не завершено
يغلبوا,4,Исследование не завершено
يغنوا,4,Исследование не завершено
يقاتلونكم,4,Исследование не завершено
يقدر,4,Исследование не завершено
يقضي,4,Исследование не завершено
يقيمون,4,Исследование не завершено
يمسهم,4,Исследование не завершено
يميتكم,4,Исследование не завершено
يناديهم,4,Исследование не завершено
ينصركم,4,Исследование не завершено
ينطقون,4,Исследование не завершено
ينظر,4,Исследование не завершено
ينفخ,4,Исследование не завершено
ينفعكم,4,Исследование не завершено
ينفعهم,4,Исследование не завершено
ينقضون,4,Исследование не завершено
ينقلب,4,Исследование не завершено
يهدون,4,Исследование не завершено
يهلك,4,Исследование не завершено
يوحي,4,Исследование не завершено
يولج,4,Исследование не завершено
آباءكم,3,Исследование не завершено
آبائهم,3,Исследование не завершено
آتيتم,3,Исследование не завершено
آتيناكم,3,Исследование не завершено
آذن,3,Исследование не завершено
آناء,3,Исследование не завершено
آنست,3,Исследование не завершено
آياتك,3,Исследование не завершено
أبلغتكم,3,Исследование не завершено
أبوابها,3,Исследование не завершено
أبى,3,Исследование не завершено
أتأتون,3,Исследование не завершено
أتاكم,3,Исследование не завершено
أتاها,3,Исследование не завершено
أتقولون,3,Исследование не завершено
أتوا,3,Исследование не завершено
أجرموا,3,Исследование не завершено
أجره,3,Исследование не завершено
أجلا,3,Исследование не завершено
أجلها,3,Исследование не завершено
أجمعون,3,Исследование не завершено
أخت,3,Исследование не завершено
أخذتهم,3,Исследование не завершено
أدبارهم,3,Исследование не завершено
أدعو,3,Исследование не завершено
أدلكم,3,Исследование не завершено
أربابا,3,Исследование не завершено
أربع,3,Исследование не завершено
أرجلهم,3,Исследование не завершено
أردتم,3,Исследование не завершено
أرضكم,3,Исследование не завершено
أرضنا,3,Исследование не завершено
أروني,3,Исследование не завершено
أسس,3,Исследование не завершено
أسفا,3,Исследование не завершено
أسفل,3,Исследование не завершено
أسماء,3,Исследование не завершено
أسوة,3,Исследование не завершено
أشياءهم,3,Исследование не завершено
أصابك,3,Исследование не завершено
أظن,3,Исследование не завершено
أعرضوا,3,Исследование не завершено
أعقابكم,3,Исследование не завершено
أعمالنا,3,Исследование не завершено
أعناب,3,Исследование не завершено
أغنياء,3,Исследование не завершено
أف,3,Исследование не завершено
أفاء,3,Исследование не завершено
أفرغ,3,Исследование не завершено
أقدامنا,3,Исследование не завершено
أقم,3,Исследование не завершено
ألسنتهم,3,Исследование не завершено
ألقي,3,Исследование не завершено
ألن,3,"Проверяемое соответствие не найдено. Все 3 вхождений — служебные формы или местоимения по QAC v0.4 (отрицательная частица, подчинительная частица; https://corpus.quran.com/download/). Их грамматическая функция не задаёт независимой измеримой величины для сравнения с частотой."
أمدا,3,Исследование не завершено
أمرها,3,Исследование не завершено
أمروا,3,Исследование не завершено
أمسك,3,Исследование не завершено
أمك,3,Исследование не завершено
أمه,3,Исследование не завершено
أمهاتهم,3,Исследование не завершено
أنؤمن,3,Исследование не завершено
أناب,3,Исследование не завершено
أنبئكم,3,Исследование не завершено
أنذروا,3,Исследование не завершено
أنزله,3,Исследование не завершено
أنشأنا,3,Исследование не завершено
أنعمنا,3,Исследование не завершено
أنك,3,Проверяемое соответствие не найдено. Все 3 вхождений — служебные формы или местоимения по QAC v0.4 (грамматическая частица; https://corpus.quran.com/download/). Их грамматическая функция не задаёт независимой измеримой величины для сравнения с частотой.
أهلهم,3,Исследование не завершено
أهم,3,Проверяемое соответствие не найдено. Все 3 вхождений — служебные формы или местоимения по QAC v0.4 (личное/притяжательное местоимение; https://corpus.quran.com/download/). Их грамматическая функция не задаёт независимой измеримой величины для сравнения с частотой.
أهواء,3,Исследование не завершено
أوحى,3,Исследование не завершено
أوفى,3,Исследование не завершено
أولا,3,Проверяемое соответствие не найдено. Все 3 вхождений — служебные формы или местоимения по QAC v0.4 (отрицательная частица; https://corpus.quran.com/download/). Их грамматическая функция не задаёт независимой измеримой величины для сравнения с частотой.
أياما,3,Исследование не завершено
أيديهن,3,Исследование не завершено
أيمان,3,Исследование не завершено
أينما,3,Исследование не завершено
أيه,3,Исследование не завершено
إسماعيل,3,Исследование не завершено
إنس,3,Исследование не завершено
إيمانها,3,Исследование не завершено
اتبعت,3,Исследование не завершено
اتبعوه,3,Исследование не завершено
اتخذت,3,Исследование не завершено
ارتضى,3,Исследование не завершено
ارجع,3,Исследование не завершено
ارجعوا,3,Исследование не завершено
استطعت,3,Исследование не завершено
استغفروا,3,Исследование не завершено
استهزئ,3,Исследование не завершено
اصطفى,3,Исследование не завершено
اضرب,3,Исследование не завершено
اعلموا,3,Исследование не завершено
اقتلوا,3,Исследование не завершено
اقرأ,3,Исследование не завершено
الأجداث,3,Исследование не завершено
الأحاديث,3,Исследование не завершено
الأسباب,3,Исследование не завершено
الأغلال,3,Исследование не завершено
الألواح,3,Исследование не завершено
الأموال,3,Исследование не завершено
الأمين,3,Исследование не завершено
الأنبياء,3,Исследование не завершено
الأيمن,3,Исследование не завершено
البرق,3,Исследование не завершено
البشرى,3,Исследование не завершено
البطون,3,Исследование не завершено
البعث,3,Исследование не завершено
البعيد,3,Исследование не завершено
البقر,3,Исследование не завершено
البيع,3,Исследование не завершено
التقى,3,Исследование не завершено
الجمع,3,Исследование не завершено
الجوار,3,Исследование не завершено
الحاقة,3,Исследование не завершено
الحجر,3,Исследование не завершено
الحديد,3,Исследование не завершено
الحر,3,Исследование не завершено
الحواريون,3,Исследование не завершено
الحوت,3,Исследование не завершено
الخروج,3,Исследование не завершено
الخمر,3,Исследование не завершено
الخنزير,3,Исследование не завершено
الداع,3,Исследование не завершено
الذئب,3,Исследование не завершено
الذل,3,Исследование не завершено
الرؤيا,3,Исследование не завершено
الرجز,3,Исследование не завершено
الرشد,3,Исследование не завершено
الرقاب,3,Исследование не завершено
السبع,3,Исследование не завершено
السدس,3,Исследование не завершено
السفينة,3,Исследование не завершено
الشهوات,3,Исследование не завершено
الصاعقة,3,Исследование не завершено
الصالحون,3,Исследование не завершено
الصحف,3,Исследование не завершено
الصيام,3,Исследование не завершено
الصيد,3,Исследование не завершено
الضالون,3,Исследование не завершено
الضعفاء,3,Исследование не завершено
الضلال,3,Исследование не завершено
الطرف,3,Исследование не завершено
الطين,3,Исследование не завершено
الظل,3,Исследование не завершено
العاجلة,3,Исследование не завершено
العاملين,3,Исследование не завершено
العسر,3,Исследование не завершено
العظام,3,Исследование не завершено
الغفار,3,Исследование не завершено
الغم,3,Исследование не завершено
الغمام,3,Исследование не завершено
الغي,3,Исследование не завершено
الغيظ,3,Исследование не завершено
الفريقين,3,Исследование не завершено
الفقراء,3,Исследование не завершено
القارعة,3,Исследование не завершено
القدر,3,Исследование не завершено
القرار,3,Исследование не завершено
القرنين,3,Исследование не завершено
القوة,3,Исследование не завершено
القوي,3,Исследование не завершено
القيوم,3,Исследование не завершено
الكاذبون,3,Исследование не завершено
الكرب,3,Исследование не завершено
الكريم,3,Исследование не завершено
اللعنة,3,Исследование не завершено
المتكبرين,3,Исследование не завершено
المتوكلون,3,Исследование не завершено
المجاهدين,3,Исследование не завершено
المحيض,3,Исследование не завершено
المخلفون,3,Исследование не завершено
المدائن,3,Исследование не завершено
المشأمة,3,Исследование не завершено
المشحون,3,Исследование не завершено
المشركون,3,Исследование не завершено
المقسطين,3,Исследование не завершено
المن,3,Исследование не завершено
المنتظرين,3,Исследование не завершено
المنظرين,3,Исследование не завершено
المهد,3,Исследование не завершено
المولى,3,Исследование не завершено
الميزان,3,Исследование не завершено
الميمنة,3,Исследование не завершено
الناصحين,3,Исследование не завершено
الناقة,3,Исследование не завершено
النشأة,3,Исследование не завершено
النصر,3,Исследование не завершено
النكاح,3,Исследование не завершено
الهون,3,Исследование не завершено
الوارثين,3,Исследование не завершено
الوالدان,3,Исследование не завершено
الوهاب,3,Исследование не завершено
امرأة,3,Исследование не завершено
انصرني,3,Исследование не завершено
انظروا,3,Исследование не завершено
انفروا,3,Исследование не завершено
انقلبوا,3,Исследование не завершено
بأموالكم,3,Исследование не завершено
بأهلك,3,Исследование не завершено
بأيديهم,3,Исследование не завершено
بإحسان,3,Исследование не завершено
بئسما,3,Исследование не завершено
باغ,3,Исследование не завершено
بالحسنى,3,Исследование не завершено
بالحياة,3,Исследование не завершено
بالدين,3,Исследование не завершено
بالرحمن,3,Исследование не завершено
بالصلاة,3,Исследование не завершено
بالغدو,3,Исследование не завершено
بالفحشاء,3,Исследование не завершено
بالكافرين,3,Исследование не завершено
باللغو,3,Исследование не завершено
بالناس,3,Исследование не завершено
بالواد,3,Исследование не завершено
بتأويله,3,Исследование не завершено
بدلنا,3,Исследование не завершено
بذكر,3,Исследование не завершено
بذلك,3,Проверяемое соответствие не найдено. Все 3 вхождений — служебные формы или местоимения по QAC v0.4 (указательное местоимение; https://corpus.quran.com/download/). Их грамматическая функция не задаёт независимой измеримой величины для сравнения с частотой.
برسل,3,Исследование не завершено
برهان,3,Исследование не завершено
بسحر,3,Исследование не завершено
بسلام,3,Исследование не завершено
بسم,3,Исследование не завершено
بطونهم,3,Исследование не завершено
بعبادي,3,Исследование не завершено
بعصاك,3,Исследование не завершено
بعضنا,3,Исследование не завершено
بعضه,3,Исследование не завершено
بعضها,3,Исследование не завершено
بعلم,3,Исследование не завершено
بقادر,3,Исследование не завершено
بقلب,3,Исследование не завершено
بقول,3,Исследование не завершено
بقوم,3,Исследование не завершено
بكتاب,3,Исследование не завершено
بكلماته,3,Исследование не завершено
بمعذبين,3,Исследование не завершено
بناء,3,Исследование не завершено
بنصره,3,Исследование не завершено
بهما,3,Проверяемое соответствие не найдено. Все 3 вхождений — служебные формы или местоимения по QAC v0.4 (личное/притяжательное местоимение; https://corpus.quran.com/download/). Их грамматическая функция не задаёт независимой измеримой величины для сравнения с частотой.
بهن,3,Проверяемое соответствие не найдено. Все 3 вхождений — служебные формы или местоимения по QAC v0.4 (личное/притяжательное местоимение; https://corpus.quran.com/download/). Их грамматическая функция не задаёт независимой измеримой величины для сравнения с частотой.
بهيمة,3,Исследование не завершено
بياتا,3,Исследование не завершено
بيتي,3,Исследование не завершено
بيع,3,Исследование не завершено
بينا,3,Исследование не завершено
تأتي,3,Исследование не завершено
تأمرون,3,Исследование не завершено
تؤمن,3,Исследование не завершено
تبخسوا,3,Исследование не завершено
تبدون,3,Исследование не завершено
تبعك,3,Исследование не завершено
تتبعون,3,Исследование не завершено
تتخذون,3,Исследование не завершено
تتذكرون,3,Исследование не завершено
تتفكرون,3,Исследование не завершено
تجعلنا,3,Исследование не завершено
تحزنوا,3,Исследование не завершено
تحويلا,3,Исследование не завершено
تخفوه,3,Исследование не завершено
تدعوا,3,Исследование не завершено
تذر,3,Исследование не завершено
ترونها,3,Исследование не завершено
تروها,3,Исследование не завершено
تريد,3,Исследование не завершено
تسألوا,3,Исследование не завершено
تستغفر,3,Исследование не завершено
تستكبرون,3,Исследование не завершено
تسرون,3,Исследование не завершено
تسع,3,Исследование не завершено
تسعى,3,Исследование не завершено
تشتروا,3,Исследование не завершено
تشرك,3,Исследование не завершено
تشركوا,3,Исследование не завершено
تشهد,3,Исследование не завершено
تشهدون,3,Исследование не завершено
تصيبهم,3,Исследование не завершено
تضرعا,3,Исследование не завершено
تضع,3,Исследование не завершено
تطغوا,3,Исследование не завершено
تطلع,3,Исследование не завершено
تظلم,3,Исследование не завершено
تعالى,3,Исследование не завершено
تعبد,3,Исследование не завершено
تعتدوا,3,Исследование не завершено
تعتذروا,3,Исследование не завершено
تعجبك,3,Исследование не завершено
تعجل,3,Исследование не завершено
تعدوا,3,Исследование не завершено
تعفوا,3,Исследование не завершено
تعلنون,3,Исследование не завершено
تغفر,3,Исследование не завершено
تفرقوا,3,Исследование не завершено
تقدير,3,Исследование не завершено
تقر,3,Исследование не завершено
تقطع,3,Исследование не завершено
تقلب,3,Исследование не завершено
تقيا,3,Исследование не завершено
تكاد,3,Исследование не завершено
تكرهوا,3,Исследование не завершено
تكسب,3,Исследование не завершено
تلقاء,3,Исследование не завершено
تلقف,3,Исследование не завершено
تمتعوا,3,Исследование не завершено
تمسوها,3,Исследование не завершено
تمسوهن,3,Исследование не завершено
تمنى,3,Исследование не завершено
تميد,3,Исследование не завершено
تنبت,3,Исследование не завершено
تنته,3,Исследование не завершено
تنصرون,3,Исследование не завершено
تنفع,3,Исследование не завершено
تهدي,3,Исследование не завершено
تهنوا,3,Исследование не завершено
تهوى,3,Исследование не завершено
توابا,3,Исследование не завершено
ثمانية,3,Исследование не завершено
ثمره,3,Исследование не завершено
جئناك,3,Исследование не завершено
جاءني,3,Исследование не завершено
جاءوكم,3,Исследование не завершено
جاءوها,3,Исследование не завершено
جامع,3,Исследование не завершено
جاهد,3,Исследование не завершено
جبار,3,Исследование не завершено
جبارا,3,Исследование не завершено
جبل,3,Исследование не завершено
جزاؤه,3,Исследование не завершено
جعلناك,3,Исследование не завершено
جعلناها,3,Исследование не завершено
جعلوا,3,Исследование не завершено
جمعا,3,Исследование не завершено
جميع,3,Исследование не завершено
جنتان,3,Исследование не завершено
جهرة,3,Исследование не завершено
حاجة,3,Исследование не завершено
حاشرين,3,Исследование не завершено
حافظين,3,Исследование не завершено
حجة,3,Исследование не завершено
حرما,3,Исследование не завершено
حرمت,3,Исследование не завершено
حسب,3,Исследование не завершено
حسبتم,3,Исследование не завершено
حسبنا,3,Исследование не завершено
حسرة,3,Исследование не завершено
حسن,3,Исследование не завершено
حطاما,3,Исследование не завершено
حظا,3,Исследование не завершено
حفيظا,3,Исследование не завершено
حقه,3,Исследование не завершено
حكم,3,Исследование не завершено
حلية,3,Исследование не завершено
حليما,3,Исследование не завершено
حمإ,3,Исследование не завершено
حملته,3,Исследование не завершено
حميما,3,Исследование не завершено
حولها,3,Исследование не завершено
حياتنا,3,Исследование не завершено
خاب,3,Исследование не завершено
خاشعين,3,Исследование не завершено
خالدا,3,Исследование не завершено
خذ,3,Исследование не завершено
خزنتها,3,Исследование не завершено
خسارا,3,Исследование не завершено
خشي,3,Исследование не завершено
خلاق,3,Исследование не завершено
خلفاء,3,Исследование не завершено
خلقناهم,3,Исследование не завершено
خليلا,3,Исследование не завершено
خيفة,3,Исследование не завершено
دائرة,3,Исследование не завершено
دبر,3,Исследование не завершено
دخلت,3,Исследование не завершено
دخلتم,3,Исследование не завершено
دكا,3,Исследование не завершено
دمت,3,Исследование не завершено
دوني,3,Исследование не завершено
ذائقة,3,Исследование не завершено
رأسه,3,Исследование не завершено
ربهما,3,Исследование не завершено
رجز,3,Исследование не завершено
رجزا,3,Исследование не завершено
ردوا,3,Исследование не завершено
رزقها,3,Исследование не завершено
رضوان,3,Исследование не завершено
رغدا,3,Исследование не завершено
روح,3,Исследование не завершено
روحنا,3,Исследование не завершено
زادهم,3,Исследование не завершено
زرعا,3,Исследование не завершено
زينتهن,3,Исследование не завершено
سبعة,3,Исследование не завершено
سبيلي,3,Исследование не завершено
ستجدني,3,Исследование не завершено
سجيل,3,Исследование не завершено
سخروا,3,Исследование не завершено
سخريا,3,Исследование не завершено
سدا,3,Исследование не завершено
سراجا,3,Исследование не завершено
سعى,3,Исследование не завершено
سكينته,3,Исследование не завершено
سمعهم,3,Исследование не завершено
سميتموها,3,Исследование не завершено
سنت,3,Исследование не завершено
سندس,3,Исследование не завершено
سولت,3,Исследование не завершено
سيعلمون,3,Исследование не завершено
سيهدين,3,Исследование не завершено
شأن,3,Исследование не завершено
شئت,3,Исследование не завершено
شاعر,3,Исследование не завершено
شاكرا,3,Исследование не завершено
شاهد,3,Исследование не завершено
شاهدا,3,Исследование не завершено
شجر,3,Исследование не завершено
شرك,3,Исследование не завершено
شركاءكم,3,Исследование не завершено
شركائكم,3,Исследование не завершено
شريك,3,Исследование не завершено
شطر,3,Исследование не завершено
شفعاء,3,Исследование не завершено
شقيا,3,Исследование не завершено
شكورا,3,Исследование не завершено
شيعته,3,Исследование не завершено
صاعقة,3,Исследование не завершено
صحف,3,Исследование не завершено
صدره,3,Исследование не завершено
صم,3,Исследование не завершено
ضراء,3,Исследование не завершено
ضربتم,3,Исследование не завершено
ضربنا,3,Исследование не завершено
ضربوا,3,Исследование не завершено
ضره,3,Исследование не завершено
ضعفين,3,Исследование не завершено
طاعة,3,Исследование не завершено
طبع,3,Исследование не завершено
طلعها,3,Исследование не завершено
طيرا,3,Исследование не завершено
ظل,3,Исследование не завершено
ظلل,3,Исследование не завершено
ظلمت,3,Исследование не завершено
ظلمناهم,3,Исследование не завершено
ظلمهم,3,Исследование не завершено
ظنا,3,Исследование не завершено
عابدين,3,Исследование не завершено
عاصم,3,Исследование не завершено
عاما,3,Исследование не завершено
عاملون,3,Исследование не завершено
عبادته,3,Исследование не завершено
عدد,3,Исследование не завершено
عددا,3,Исследование не завершено
عدنا,3,Исследование не завершено
عذابه,3,Исследование не завершено
عروشها,3,Исследование не завершено
عصاك,3,Исследование не завершено
عصاه,3,Исследование не завершено
عصبة,3,Исследование не завершено
عصوا,3,Исследование не завершено
عقبيه,3,Исследование не завершено
عقدة,3,Исследование не завершено
عليا,3,Исследование не завершено
عمد,3,Исследование не завершено
عمران,3,Исследование не завершено
عملكم,3,Исследование не завершено
عمي,3,Исследование не завершено
عندكم,3,Исследование не завершено
عندها,3,Исследование не завершено
عنيد,3,Исследование не завершено
عهدهم,3,Исследование не завершено
غالب,3,Исследование не завершено
غل,3,Исследование не завершено
غلبت,3,Исследование не завершено
غليظا,3,Исследование не завершено
غنيا,3,Исследование не завершено
فأبى,3,Исследование не завершено
فأتبعه,3,Исследование не завершено
فأتنا,3,Исследование не завершено
فأحبط,3,Исследование не завершено
فأخذناه,3,Исследование не завершено
فأخرج,3,Исследование не завершено
فأسر,3,Исследование не завершено
فأصلحوا,3,Исследование не завершено
فأعرضوا,3,Исследование не завершено
فأغرقناهم,3,Исследование не завершено
فأقيموا,3,Исследование не завершено
فألقوا,3,Исследование не завершено
فألقى,3,Исследование не завершено
فأمسكوهن,3,Исследование не завершено
فأنزل,3,Исследование не завершено
فأنزلنا,3,Исследование не завершено
فأهلكناهم,3,Исследование не завершено
فأوحى,3,Исследование не завершено
فأولى,3,Исследование не завершено
فإخوانكم,3,Исследование не завершено
فإنها,3,Проверяемое соответствие не найдено. Все 3 вхождений — служебные формы или местоимения по QAC v0.4 (грамматическая частица; https://corpus.quran.com/download/). Их грамматическая функция не задаёт независимой измеримой величины для сравнения с частотой.
فاتبعوه,3,Исследование не завершено
فاتكم,3,Исследование не завершено
فاجعل,3,Исследование не завершено
فاستبقوا,3,Исследование не завершено
فاستجاب,3,Исследование не завершено
فاعبدون,3,Исследование не завершено
فاعلم,3,Исследование не завершено
فانتظروا,3,Исследование не завершено
فانطلقا,3,Исследование не завершено
فبشره,3,Исследование не завершено
فبشرهم,3,Исследование не завершено
فتبينوا,3,Исследование не завершено
فتحرير,3,Исследование не завершено
فتول,3,Исследование не завершено
فتيلا,3,Исследование не завершено
فجعلناه,3,Исследование не завершено
فجعله,3,Исследование не завершено
فخذ,3,Исследование не завершено
فخرج,3,Исследование не завершено
فخور,3,Исследование не завершено
فدية,3,Исследование не завершено
فذلك,3,Проверяемое соответствие не найдено. Все 3 вхождений — служебные формы или местоимения по QAC v0.4 (указательное местоимение; https://corpus.quran.com/download/). Их грамматическая функция не задаёт независимой измеримой величины для сравнения с частотой.
فرارا,3,Исследование не завершено
فراغ,3,Исследование не завершено
فرحوا,3,Исследование не завершено
فرحون,3,Исследование не завершено
فردا,3,Исследование не завершено
فسادا,3,Исследование не завершено
فسبحان,3,Исследование не завершено
فستعلمون,3,Исследование не завершено
فصدوا,3,Исследование не завершено
فصلنا,3,Исследование не завершено
فضلوا,3,Исследование не завершено
فطرني,3,Исследование не завершено
فعقروها,3,Исследование не завершено
فعلت,3,Исследование не завершено
فعليها,3,Проверяемое соответствие не найдено. Все 3 вхождений — служебные формы или местоимения по QAC v0.4 (предлог; https://corpus.quran.com/download/). Их грамматическая функция не задаёт независимой измеримой величины для сравнения с частотой.
ففي,3,Проверяемое соответствие не найдено. Все 3 вхождений — служебные формы или местоимения по QAC v0.4 (предлог; https://corpus.quran.com/download/). Их грамматическая функция не задаёт независимой измеримой величины для сравнения с частотой.
فقاتلوا,3,Исследование не завершено
فقولا,3,Исследование не завершено
فكأنما,3,"Проверяемое соответствие не найдено. Все 3 вхождений — служебные формы или местоимения по QAC v0.4 (грамматическая частица, ограничительная частица; https://corpus.quran.com/download/). Их грамматическая функция не задаёт независимой измеримой величины для сравнения с частотой."
فكفروا,3,Исследование не завершено
فلكم,3,Проверяемое соответствие не найдено. Все 3 вхождений — служебные формы или местоимения по QAC v0.4 (личное/притяжательное местоимение; https://corpus.quran.com/download/). Их грамматическая функция не задаёт независимой измеримой величины для сравнения с частотой.
فلها,3,Проверяемое соответствие не найдено. Все 3 вхождений — служебные формы или местоимения по QAC v0.4 (личное/притяжательное местоимение; https://corpus.quran.com/download/). Их грамматическая функция не задаёт независимой измеримой величины для сравнения с частотой.
فلو,3,Проверяемое соответствие не найдено. Все 3 вхождений — служебные формы или местоимения по QAC v0.4 (условная частица/местоимение; https://corpus.quran.com/download/). Их грамматическая функция не задаёт независимой измеримой величины для сравнения с частотой.
فماذا,3,Проверяемое соответствие не найдено. Все 3 вхождений — служебные формы или местоимения по QAC v0.4 (вопросительная частица/местоимение; https://corpus.quran.com/download/). Их грамматическая функция не задаёт независимой измеримой величины для сравнения с частотой.
فنجيناه,3,Исследование не завершено
فهدى,3,Исследование не завершено
فوزا,3,Исследование не завершено
فوقها,3,Исследование не завершено
فول,3,Исследование не завершено
فيأخذكم,3,Исследование не завершено
فينبئهم,3,Исследование не завершено
قائل,3,Исследование не завершено
قائم,3,Исследование не завершено
قاصرات,3,Исследование не завершено
قبلة,3,Исследование не завершено
قبلي,3,Исследование не завершено
قتلت,3,Исследование не завершено
قتلتم,3,Исследование не завершено
قدروا,3,Исследование не завершено
قرآن,3,Исследование не завершено
قضيت,3,Исследование не завершено
قلبك,3,Исследование не завершено
قيلا,3,Исследование не завершено
كأنما,3,"Проверяемое соответствие не найдено. Все 3 вхождений — служебные формы или местоимения по QAC v0.4 (грамматическая частица, ограничительная частица; https://corpus.quran.com/download/). Их грамматическая функция не задаёт независимой измеримой величины для сравнения с частотой."
كأنها,3,Проверяемое соответствие не найдено. Все 3 вхождений — служебные формы или местоимения по QAC v0.4 (грамматическая частица; https://corpus.quran.com/download/). Их грамматическая функция не задаёт независимой измеримой величины для сравнения с частотой.
كاتب,3,Исследование не завершено
كاذبين,3,Исследование не завершено
كافر,3,Исследование не завершено
كالمهل,3,Исследование не завершено
كانتا,3,Исследование не завершено
كبائر,3,Исследование не завершено
كتبنا,3,Исследование не завершено
كدأب,3,Исследование не завершено
كذبوك,3,Исследование не завершено
كذبون,3,Исследование не завершено
كسب,3,Исследование не завершено
كسبتم,3,Исследование не завершено
كظيم,3,Исследование не завершено
كفارة,3,Исследование не завершено
كفره,3,Исследование не завершено
كلام,3,Исследование не завершено
كلبهم,3,Исследование не завершено
كلمات,3,Исследование не завершено
كلهم,3,Исследование не завершено
كنز,3,Исследование не завершено
كيدهم,3,Исследование не завершено
كيل,3,Исследование не завершено
لأجرا,3,Исследование не завершено
لأنفسهم,3,Исследование не завершено
لأهله,3,Исследование не завершено
لئلا,3,"Проверяемое соответствие не найдено. Все 3 вхождений — служебные формы или местоимения по QAC v0.4 (отрицательная частица, подчинительная частица; https://corpus.quran.com/download/). Их грамматическая функция не задаёт независимой измеримой величины для сравнения с частотой."
لباس,3,Исследование не завершено
لباسا,3,Исследование не завершено
لتؤمنوا,3,Исследование не завершено
لتعلموا,3,Исследование не завершено
لتكون,3,Исследование не завершено
لجهنم,3,Исследование не завершено
لحافظون,3,Исследование не завершено
لحكم,3,Исследование не завершено
لخاسرون,3,Исследование не завершено
لذنبك,3,Исследование не завершено
لساحر,3,Исследование не завершено
لعب,3,Исследование не завершено
لعباده,3,Исследование не завершено
لعل,3,Проверяемое соответствие не найдено. Все 3 вхождений — служебные формы или местоимения по QAC v0.4 (грамматическая частица; https://corpus.quran.com/download/). Их грамматическая функция не задаёт независимой измеримой величины для сравнения с частотой.
لعله,3,Проверяемое соответствие не найдено. Все 3 вхождений — служебные формы или местоимения по QAC v0.4 (грамматическая частица; https://corpus.quran.com/download/). Их грамматическая функция не задаёт независимой измеримой величины для сравнения с частотой.
لعلى,3,Проверяемое соответствие не найдено. Все 3 вхождений — служебные формы или местоимения по QAC v0.4 (предлог; https://corpus.quran.com/download/). Их грамматическая функция не задаёт независимой измеримой величины для сравнения с частотой.
لعنت,3,Исследование не завершено
لغوا,3,Исследование не завершено
لقادرون,3,Исследование не завершено
لقالوا,3,Исследование не завершено
لقول,3,Исследование не завершено
لقوي,3,Исследование не завершено
لقيتم,3,Исследование не завершено
لكلمات,3,Исследование не завершено
للإيمان,3,Исследование не завершено
للبشر,3,Исследование не завершено
للدين,3,Исследование не завершено
للشاربين,3,Исследование не завершено
للفقراء,3,Исследование не завершено
للقوم,3,Исследование не завершено
للناظرين,3,Исследование не завершено
لمجنون,3,Исследование не завершено
لنبي,3,Исследование не завершено
لنراك,3,Исследование не завершено
لنفس,3,Исследование не завершено
لهوا,3,Исследование не завершено
لواقع,3,Исследование не завершено
ليبين,3,Исследование не завершено
ليت,3,Исследование не завершено
ليجعل,3,Исследование не завершено
ليذكروا,3,Исследование не завершено
ليظلمهم,3,Исследование не завершено
ليظهره,3,Исследование не завершено
ليكفروا,3,Исследование не завершено
ليكون,3,Исследование не завершено
مؤمنات,3,Исследование не завершено
ماتوا,3,Исследование не завершено
مالك,3,Исследование не завершено
مباركة,3,Исследование не завершено
مبدل,3,Исследование не завершено
مبصرا,3,Исследование не завершено
مبصرة,3,Исследование не завершено
مبلسون,3,Исследование не завершено
مبينات,3,Исследование не завершено
مبينة,3,Исследование не завершено
مت,3,Исследование не завершено
متشابها,3,Исследование не завершено
متعنا,3,Исследование не завершено
مثنى,3,Исследование не завершено
مخرج,3,Исследование не завершено
مدحورا,3,Исследование не завершено
مدخلا,3,Исследование не завершено
مدرارا,3,Исследование не завершено
مرفوعة,3,Исследование не завершено
مروا,3,Исследование не завершено
مريضا,3,Исследование не завершено
مساجد,3,Исследование не завершено
مستهم,3,Исследование не завершено
مسحورا,3,Исследование не завершено
مسخرات,3,Исследование не завершено
مسكينا,3,Исследование не завершено
مسنون,3,Исследование не завершено
مشفقين,3,Исследование не завершено
مصر,3,Исследование не завершено
مصفرا,3,Исследование не завершено
مصيرا,3,Исследование не завершено
مطرا,3,Исследование не завершено
معاجزين,3,Исследование не завершено
معتد,3,Исследование не завершено
معدودات,3,Исследование не завершено
معدودة,3,Исследование не завершено
معشر,3,Исследование не завершено
معين,3,Исследование не завершено
مغانم,3,Исследование не завершено
مغرقون,3,Исследование не завершено
مقتا,3,Исследование не завершено
مكانه,3,Исследование не завершено
مكرمون,3,Исследование не завершено
مكروا,3,Исследование не завершено
مكنا,3,Исследование не завершено
مكناهم,3,Исследование не завершено
مكنون,3,Исследование не завершено
ملاقو,3,Исследование не завершено
ملكه,3,Исследование не завершено
منتظرون,3,Исследование не завершено
منتقمون,3,Исследование не завершено
منذرين,3,Исследование не завершено
منعك,3,Исследование не завершено
مهتدين,3,Исследование не завершено
مهطعين,3,Исследование не завершено
مهلك,3,Исследование не завершено
مواضعه,3,Исследование не завершено
موعظة,3,Исследование не завершено
ميت,3,Исследование не завершено
ميثاقا,3,Исследование не завершено
نؤته,3,Исследование не завершено
نبإ,3,Исследование не завершено
نبعث,3,Исследование не завершено
نتلوها,3,Исследование не завершено
نتوفينك,3,Исследование не завершено
نحيي,3,Исследование не завершено
نذقه,3,Исследование не завершено
نزغ,3,Исследование не завершено
نساءكم,3,Исследование не завершено
نساءهم,3,Исследование не завершено
نسائهم,3,Исследование не завершено
نسيا,3,Исследование не завершено
نسيت,3,Исследование не завершено
نشأ,3,Исследование не завершено
نشرك,3,Исследование не завершено
نشورا,3,Исследование не завершено
نصرا,3,Исследование не завершено
نصركم,3,Исследование не завершено
نصرهم,3,Исследование не завершено
نصف,3,Исследование не завершено
نصيبهم,3,Исследование не завершено
نضيع,3,Исследование не завершено
نظر,3,Исследование не завершено
نفخ,3,Исследование не завершено
نفرق,3,Исследование не завершено
نفعل,3,Исследование не завершено
نكرا,3,Исследование не завершено
نكلف,3,Исследование не завершено
ننجي,3,Исследование не завершено
نوره,3,Исследование не завершено
هدينا,3,Исследование не завершено
وآباءهم,3,Исследование не завершено
وآباؤنا,3,Исследование не завершено
وآتى,3,Исследование не завершено
وآخر,3,Исследование не завершено
وآخرين,3,Исследование не завершено
وآل,3,Исследование не завершено
وأخاه,3,Исследование не завершено
وأخذنا,3,Исследование не завершено
وأخرى,3,Исследование не завершено
وأدخل,3,Исследование не завершено
وأرسلنا,3,Исследование не завершено
وأشد,3,Исследование не завершено
وأعلم,3,Исследование не завершено
وأعناب,3,Исследование не завершено
وأقم,3,Исследование не завершено
وأقوم,3,Исследование не завершено
وأكلهم,3,Исследование не завершено
وأكواب,3,Исследование не завершено
وألقى,3,Исследование не завершено
وأموالهم,3,Исследование не завершено
وأنبتنا,3,Исследование не завершено
وأنذر,3,Исследование не завершено
وأنهار,3,Исследование не завершено
وأهلك,3,Исследование не завершено
وأورثنا,3,Исследование не завершено
وأولادكم,3,Исследование не завершено
وأيوب,3,Исследование не завершено
وإثما,3,Исследование не завершено
وإستبرق,3,Исследование не завершено
وإليك,3,Проверяемое соответствие не найдено. Все 3 вхождений — служебные формы или местоимения по QAC v0.4 (предлог; https://corpus.quran.com/download/). Их грамматическая функция не задаёт независимой измеримой величины для сравнения с частотой.
وإلينا,3,Проверяемое соответствие не найдено. Все 3 вхождений — служебные формы или местоимения по QAC v0.4 (предлог; https://corpus.quran.com/download/). Их грамматическая функция не задаёт независимой измеримой величины для сравнения с частотой.
وإنكم,3,Проверяемое соответствие не найдено. Все 3 вхождений — служебные формы или местоимения по QAC v0.4 (грамматическая частица; https://corpus.quran.com/download/). Их грамматическая функция не задаёт независимой измеримой величины для сравнения с частотой.
وإنما,3,"Проверяемое соответствие не найдено. Все 3 вхождений — служебные формы или местоимения по QAC v0.4 (грамматическая частица, ограничительная частица; https://corpus.quran.com/download/). Их грамматическая функция не задаёт независимой измеримой величины для сравнения с частотой."
وإياي,3,Проверяемое соответствие не найдено. Все 3 вхождений — служебные формы или местоимения по QAC v0.4 (личное/притяжательное местоимение; https://corpus.quran.com/download/). Их грамматическая функция не задаёт независимой измеримой величины для сравнения с частотой.
وإيتاء,3,Исследование не завершено
وابتغوا,3,Исследование не завершено
وابل,3,Исследование не завершено
واخفض,3,Исследование не завершено
وادخلوا,3,Исследование не завершено
وارحمنا,3,Исследование не завершено
واستغفروا,3,Исследование не завершено
واستكبر,3,Исследование не завершено
واصبروا,3,Исследование не завершено
واصطبر,3,Исследование не завершено
واضرب,3,Исследование не завершено
واعبدوا,3,Исследование не завершено
واق,3,Исследование не завершено
واقتلوهم,3,Исследование не завершено
واقع,3,Исследование не завершено
والآصال,3,Исследование не завершено
والأقربون,3,Исследование не завершено
والأقربين,3,Исследование не завершено
والأمر,3,Исследование не завершено
والأولى,3,Исследование не завершено
والجن,3,Исследование не завершено
والحكم,3,Исследование не завершено
والسلوى,3,Исследование не завершено
والسماوات,3,Исследование не завершено
والشهداء,3,Исследование не завершено
والصلاة,3,Исследование не завершено
والعاقبة,3,Исследование не завершено
والكافرون,3,Исследование не завершено
والمحصنات,3,Исследование не завершено
والمنكر,3,Исследование не завершено
والمهاجرين,3,Исследование не завершено
والميسر,3,Исследование не завершено
والنبوة,3,Исследование не завершено
والنبيين,3,Исследование не завершено
والنجوم,3,Исследование не завершено
والنخل,3,Исследование не завершено
والنور,3,Исследование не завершено
وانظر,3,Исследование не завершено
وبث,3,Исследование не завершено
وبينه,3,Исследование не завершено
وتذرون,3,Исследование не завершено
وتكون,3,Исследование не завершено
وتمت,3,Исследование не завершено
وجئنا,3,Исследование не завершено
وجاءت,3,Исследование не завершено
وجاءهم,3,Исследование не завершено
وجاءوا,3,Исследование не завершено
وجعلناه,3,Исследование не завершено
وجعلناها,3,Исследование не завершено
وحرم,3,Исследование не завершено
وخير,3,Исследование не завершено
ودخل,3,Исследование не завершено
ودوا,3,Исследование не завершено
ودين,3,Исследование не завершено
وذا,3,Исследование не завершено
وذرياتهم,3,Исследование не завершено
وذوقوا,3,Исследование не завершено
ورأوا,3,Исследование не завершено
ورائهم,3,Исследование не завершено
وربنا,3,Исследование не завершено
وربي,3,Исследование не завершено
ورزقكم,3,Исследование не завершено
ورزقناهم,3,Исследование не завершено
ورضوانا,3,Исследование не завершено
ورفع,3,Исследование не завершено
وزينتها,3,Исследование не завершено
وساء,3,Исследование не завершено
وسلام,3,Исследование не завершено
وسلطان,3,Исследование не завершено
وشهدوا,3,Исследование не завершено
وطائفة,3,Исследование не завершено
وظن,3,Исследование не завершено
وعليها,3,Проверяемое соответствие не найдено. Все 3 вхождений — служебные формы или местоимения по QAC v0.4 (предлог; https://corpus.quran.com/download/). Их грамматическая функция не задаёт независимой измеримой величины для сравнения с частотой.
وعند,3,Исследование не завершено
وعنده,3,Исследование не завершено
وعندهم,3,Исследование не завершено
وعيد,3,Исследование не завершено
وغرتهم,3,Исследование не завершено
وفاكهة,3,Исследование не завершено
وفجرنا,3,Исследование не завершено
وفريقا,3,Исследование не завершено
وفيها,3,Проверяемое соответствие не найдено. Все 3 вхождений — служебные формы или местоимения по QAC v0.4 (предлог; https://corpus.quran.com/download/). Их грамматическая функция не задаёт независимой измеримой величины для сравнения с частотой.
وقدر,3,Исследование не завершено
وقرآن,3,Исследование не завершено
وقفينا,3,Исследование не завершено
وقلبه,3,Исследование не завершено
وقلوبهم,3,Исследование не завершено
وقليل,3,Исследование не завершено
وقولهم,3,Исследование не завершено
وكتاب,3,Исследование не завершено
وكتبه,3,Исследование не завершено
وكفر,3,Исследование не завершено
وكن,3,Исследование не завершено
ولعبا,3,Исследование не завершено
ولعلهم,3,Проверяемое соответствие не найдено. Все 3 вхождений — служебные формы или местоимения по QAC v0.4 (грамматическая частица; https://corpus.quran.com/download/). Их грамматическая функция не задаёт независимой измеримой величины для сравнения с частотой.
ولكنا,3,Проверяемое соответствие не найдено. Все 3 вхождений — служебные формы или местоимения по QAC v0.4 (грамматическая частица; https://corpus.quran.com/download/). Их грамматическая функция не задаёт независимой измеримой величины для сравнения с частотой.
وللرسول,3,Исследование не завершено
ولنجزينهم,3,Исследование не завершено
ولهو,3,Исследование не завершено
ولى,3,Исследование не завершено
وليعلمن,3,Исследование не завершено
ومأواه,3,Исследование не завершено
ومبشرا,3,Исследование не завершено
ومتاع,3,Исследование не завершено
ومتاعا,3,Исследование не завершено
ومثل,3,Исследование не завершено
ومثله,3,Исследование не завершено
ومثلهم,3,Исследование не завершено
ومساكن,3,Исследование не завершено
ومكر,3,Исследование не завершено
ومكروا,3,Исследование не завершено
ومنافع,3,Исследование не завершено
ونجني,3,Исследование не завершено
ونزعنا,3,Исследование не завершено
ونزلنا,3,Исследование не завершено
ونكون,3,Исследование не завершено
ونوحا,3,Исследование не завершено
وهب,3,Исследование не завершено
وهل,3,Проверяемое соответствие не найдено. Все 3 вхождений — служебные формы или местоимения по QAC v0.4 (вопросительная частица/местоимение; https://corpus.quran.com/download/). Их грамматическая функция не задаёт независимой измеримой величины для сравнения с частотой.
ووجد,3,Исследование не завершено
ووصينا,3,Исследование не завершено
ووضع,3,Исследование не завершено
وويل,3,Исследование не завершено
ويأت,3,Исследование не завершено
ويبغونها,3,Исследование не завершено
ويتوب,3,Исследование не завершено
ويثبت,3,Исследование не завершено
ويجعلون,3,Исследование не завершено
ويحسبون,3,Исследование не завершено
ويحق,3,Исследование не завершено
ويحل,3,Исследование не завершено
ويخافون,3,Исследование не завершено
ويخرج,3,Исследование не завершено
ويذرون,3,Исследование не завершено
ويريد,3,Исследование не завершено
ويريدون,3,Исследование не завершено
ويزكيهم,3,Исследование не завершено
ويستحيون,3,Исследование не завершено
ويستعجلونك,3,Исследование не завершено
ويعفو,3,Исследование не завершено
ويعلمكم,3,Исследование не завершено
ويعلمهم,3,Исследование не завершено
ويكفر,3,Исследование не завершено
ويكون,3,Исследование не завершено
ويلتى,3,Исследование не завершено
يأتهم,3,Исследование не завершено
يأتينكم,3,Исследование не завершено
يأذن,3,Исследование не завершено
يأمرون,3,Исследование не завершено
يؤتي,3,Исследование не завершено
يؤخرهم,3,Исследование не завершено
يبخل,3,Исследование не завершено
يبخلون,3,Исследование не завершено
يبدئ,3,Исследование не завершено
يبعثهم,3,Исследование не завершено
يبيتون,3,Исследование не завершено
يتبين,3,Исследование не завершено
يتخذوا,3,Исследование не завершено
يتقبل,3,Исследование не завершено
يتم,3,Исследование не завершено
يتوبون,3,Исследование не завершено
يتوكل,3,Исследование не завершено
يتولهم,3,Исследование не завершено
يتولى,3,Исследование не завершено
يجحد,3,Исследование не завершено
يجرمنكم,3,Исследование не завершено
يجزون,3,Исследование не завершено
يجزى,3,Исследование не завершено
يجزي,3,Исследование не завершено
يجعله,3,Исследование не завершено
يجمع,3,Исследование не завершено
يجمعون,3,Исследование не завершено
يحافظون,3,Исследование не завершено
يحرفون,3,Исследование не завершено
يحسبن,3,Исследование не завершено
يحشرون,3,Исследование не завершено
يحمل,3,Исследование не завершено
يخرجكم,3,Исследование не завершено
يخرصون,3,Исследование не завершено
يخزيه,3,Исследование не завершено
يخسف,3,Исследование не завершено
يخفون,3,Исследование не завершено
يد,3,Исследование не завершено
يداه,3,Исследование не завершено
يدخلونها,3,Исследование не завершено
يدريك,3,Исследование не завершено
يدع,3,Исследование не завершено
يده,3,Исследование не завершено
يرتد,3,Исследование не завершено
يردوكم,3,Исследование не завершено
يرمون,3,Исследование не завершено
يره,3,Исследование не завершено
يريكم,3,Исследование не завершено
يزال,3,Исследование не завершено
يستعتبون,3,Исследование не завершено
يستعجلون,3,Исследование не завершено
يستقدمون,3,Исследование не завершено
يستمع,3,Исследование не завершено
يستوون,3,Исследование не завершено
يسجد,3,Исследование не завершено
يسومونكم,3,Исследование не завершено
يشفع,3,Исследование не завершено
يشكر,3,Исследование не завершено
يصدفون,3,Исследование не завершено
يصيبهم,3,Исследование не завершено
يضحكون,3,Исследование не завершено
يضربون,3,Исследование не завершено
يضركم,3,Исследование не завершено
يضرهم,3,Исследование не завершено
يضروا,3,Исследование не завершено
يضعن,3,Исследование не завершено
يضلون,3,Исследование не завершено
يطبع,3,Исследование не завершено
يظهروا,3,Исследование не завершено
يعتدون,3,Исследование не завершено
يعدهم,3,Исследование не завершено
يعذب,3,Исследование не завершено
يعرج,3,Исследование не завершено
يعرض,3,Исследование не завершено
يعرضون,3,Исследование не завершено
يعص,3,Исследование не завершено
يعلمهم,3,Исследование не завершено
يفتنون,3,Исследование не завершено
يفسدون,3,Исследование не завершено
يفقهوه,3,Исследование не завершено
يقال,3,Исследование не завершено
يقتل,3,Исследование не завершено
يقدرون,3,Исследование не завершено
يقيما,3,Исследование не завершено
يكادون,3,Исследование не завершено
يكذبوك,3,Исследование не завершено
يكفروا,3,Исследование не завершено
يكلمهم,3,Исследование не завершено
يلاقوا,3,Исследование не завершено
يلبثوا,3,Исследование не завершено
يلج,3,Исследование не завершено
يلحدون,3,Исследование не завершено
يلقاها,3,Исследование не завершено
يلقون,3,Исследование не завершено
يلقى,3,Исследование не завершено
يلقي,3,Исследование не завершено
يمسسك,3,Исследование не завершено
يمسك,3,Исследование не завершено
يمينك,3,Исследование не завершено
ينبئهم,3,Исследование не завершено
ينصره,3,Исследование не завершено
ينطق,3,Исследование не завершено
ينفعنا,3,Исследование не завершено
ينهون,3,Исследование не завершено
يهاجروا,3,Исследование не завершено
يهتدي,3,Исследование не завершено
يهديهم,3,Исследование не завершено
يوزعون,3,Исследование не завершено
يوصل,3,Исследование не завершено
يومين,3,Исследование не завершено
آبائنا,2,Исследование не завершено
آبائهن,2,Исследование не завершено
آتاني,2,Исследование не завершено
آتاه,2,Исследование не завершено
آتاهما,2,Исследование не завершено
آتوني,2,Исследование не завершено
آتية,2,Исследование не завершено
آتيت,2,Исследование не завершено
آتيك,2,Исследование не завершено
آتيناك,2,Исследование не завершено
آلآن,2,Исследование не завершено
آلاف,2,Исследование не завершено
آلذكرين,2,Исследование не завершено
آلله,2,Исследование не завершено
آلهتهم,2,Исследование не завершено
آمنون,2,Исследование не завершено
آووا,2,Исследование не завершено
آوى,2,Исследование не завершено
آيتك,2,Исследование не завершено
أأنت,2,Проверяемое соответствие не найдено. Все 2 вхождений — служебные формы или местоимения по QAC v0.4 (личное/притяжательное местоимение; https://corpus.quran.com/download/). Их грамматическая функция не задаёт независимой измеримой величины для сравнения с частотой.
أأنذرتهم,2,Исследование не завершено
أإنك,2,Проверяемое соответствие не найдено. Все 2 вхождений — служебные формы или местоимения по QAC v0.4 (грамматическая частица; https://corpus.quran.com/download/). Их грамматическая функция не задаёт независимой измеримой величины для сравнения с частотой.
أئن,2,"Проверяемое соответствие не найдено. Все 2 вхождений — служебные формы или местоимения по QAC v0.4 (грамматическая частица, условная частица/местоимение; https://corpus.quran.com/download/). Их грамматическая функция не задаёт независимой измеримой величины для сравнения с частотой."
أئنا,2,Проверяемое соответствие не найдено. Все 2 вхождений — служебные формы или местоимения по QAC v0.4 (грамматическая частица; https://corpus.quran.com/download/). Их грамматическая функция не задаёт независимой измеримой величины для сравнения с частотой.
أبا,2,Исследование не завершено
أبرح,2,Исследование не завершено
أبصر,2,Исследование не завершено
أبعث,2,Исследование не завершено
أبلغ,2,Исследование не завершено
أبلغكم,2,Исследование не завершено
أبنائهن,2,Исследование не завершено
أبوابا,2,Исследование не завершено
أبواه,2,Исследование не завершено
أبوهم,2,Исследование не завершено
أبويه,2,Исследование не завершено
أتخذ,2,Исследование не завершено
أترابا,2,Исследование не завершено
أتريدون,2,Исследование не завершено
أتعبدون,2,Исследование не завершено
أتعلمون,2,Исследование не завершено
أتينا,2,Исследование не завершено
أتيناهم,2,Исследование не завершено
أثاثا,2,Исследование не завершено
أثر,2,Исследование не завершено
أثقالهم,2,Исследование не завершено
أثمر,2,Исследование не завершено
أجاج,2,Исследование не завершено
أجبتم,2,Исследование не завершено
أجعل,2,Исследование не завершено
أجلت,2,Исследование не завершено
أجله,2,Исследование не завершено
أجوركم,2,Исследование не завершено
أحاديث,2,Исследование не завершено
أحببت,2,Исследование не завершено
أحسنتم,2,Исследование не завершено
أحصنت,2,Исследование не завершено
أحصيناه,2,Исследование не завершено
أحلام,2,Исследование не завершено
أحلت,2,Исследование не завершено
أحياها,2,Исследование не завершено
أخ,2,Исследование не завершено
أخانا,2,Исследование не завершено
أخباركم,2,Исследование не завершено
أختها,2,Исследование не завершено
أخدان,2,Исследование не завершено
أخذت,2,Исследование не завершено
أخذته,2,Исследование не завершено
أخذناهم,2,Исследование не завершено
أخر,2,Исследование не завершено
أخرنا,2,Исследование не завершено
أخواتهن,2,Исследование не завершено
أدعوكم,2,Исследование не завершено
أذقناه,2,Исследование не завершено
أذلك,2,Проверяемое соответствие не найдено. Все 2 вхождений — служебные формы или местоимения по QAC v0.4 (указательное местоимение; https://corpus.quran.com/download/). Их грамматическая функция не задаёт независимой измеримой величины для сравнения с частотой.
أرأيتكم,2,Исследование не завершено
أرادني,2,Исследование не завершено
أراك,2,Исследование не завершено
أراني,2,Исследование не завершено
أرجه,2,Исследование не завершено
أرحام,2,Исследование не завершено
أرحامكم,2,Исследование не завершено
أرذل,2,Исследование не завершено
أرسله,2,Исследование не завершено
أرنا,2,Исследование не завершено
أرني,2,Исследование не завершено
أزواجك,2,Исследование не завершено
أزواجنا,2,Исследование не завершено
أزواجه,2,Исследование не завершено
أساء,2,Исследование не завершено
أساءوا,2,Исследование не завершено
أسرع,2,Исследование не завершено
أسرى,2,Исследование не завершено
أسلحتكم,2,Исследование не завершено
أسلمت,2,Исследование не завершено
أسمع,2,Исследование не завершено
أسوأ,2,Исследование не завершено
أشتاتا,2,Исследование не завершено
أشحة,2,Исследование не завершено
أشدكم,2,Исследование не завершено
أشر,2,Исследование не завершено
أشركتم,2,Исследование не завершено
أشق,2,Исследование не завершено
أشكر,2,Исследование не завершено
أشهد,2,Исследование не завершено
أصابتكم,2,Исследование не завершено
أصابتهم,2,Исследование не завершено
أصابعهم,2,Исследование не завершено
أصدق,2,Исследование не завершено
أصغر,2,Исследование не завершено
أصناما,2,Исследование не завершено
أضعافا,2,Исследование не завершено
أضغاث,2,Исследование не завершено
أطرافها,2,Исследование не завершено
أطعنا,2,Исследование не завершено
أطلع,2,Исследование не завершено
أطهر,2,Исследование не завершено
أعجاز,2,Исследование не завершено
أعجبتكم,2,Исследование не завершено
أعجبك,2,Исследование не завершено
أعذبه,2,Исследование не завершено
أعزة,2,Исследование не завершено
أعطى,2,Исследование не завершено
أعظم,2,Исследование не завершено
أعيدوا,2,Исследование не завершено
أعينكم,2,Исследование не завершено
أغويتني,2,Исследование не завершено
أفأمن,2,Исследование не завершено
أفأمنوا,2,Исследование не завершено
أفإن,2,Проверяемое соответствие не найдено. Все 2 вхождений — служебные формы или местоимения по QAC v0.4 (условная частица/местоимение; https://corpus.quran.com/download/). Их грамматическая функция не задаёт независимой измеримой величины для сравнения с частотой.
أفئدة,2,Исследование не завершено
أفئدتهم,2,Исследование не завершено
أفاك,2,Исследование не завершено
أفبالباطل,2,Исследование не завершено
أفبعذابنا,2,Исследование не завершено
أفتوني,2,Исследование не завершено
أفضتم,2,Исследование не завершено
أفل,2,Исследование не завершено
أفهم,2,Проверяемое соответствие не найдено. Все 2 вхождений — служебные формы или местоимения по QAC v0.4 (личное/притяжательное местоимение; https://corpus.quran.com/download/). Их грамматическая функция не задаёт независимой измеримой величины для сравнения с частотой.
أفواجا,2,Исследование не завершено
أفي,2,Проверяемое соответствие не найдено. Все 2 вхождений — служебные формы или местоимения по QAC v0.4 (предлог; https://corpus.quran.com/download/). Их грамматическая функция не задаёт независимой измеримой величины для сравнения с частотой.
أفيضوا,2,Исследование не завершено
أقاموا,2,Исследование не завершено
أقريب,2,Исследование не завершено
أقسط,2,Исследование не завершено
أقسمتم,2,Исследование не завершено
أقسموا,2,Исследование не завершено
أقصى,2,Исследование не завершено
أقيموا,2,Исследование не завершено
أكثركم,2,Исследование не завершено
أكل,2,Исследование не завершено
أكله,2,Исследование не завершено
ألسنتكم,2,Исследование не завершено
ألق,2,Исследование не завершено
ألوانها,2,Исследование не завершено
أماني,2,Исследование не завершено
أمتكم,2,Исследование не завершено
أمثالها,2,Исследование не завершено
أمثالهم,2,Исследование не завершено
أمدكم,2,Исследование не завершено
أمما,2,Исследование не завершено
أمنة,2,Исследование не завершено
أموات,2,Исследование не завершено
أمواتا,2,Исследование не завершено
أموالا,2,Исследование не завершено
أموالنا,2,Исследование не завершено
أنبياء,2,Исследование не завершено
أنجينا,2,Исследование не завершено
أنجيناكم,2,Исследование не завершено
أنشأ,2,Исследование не завершено
أنصاري,2,Исследование не завершено
أنعاما,2,Исследование не завершено
أنفسنا,2,Исследование не завершено
أنفسهن,2,Исследование не завершено
أنفق,2,Исследование не завершено
أنهارا,2,Исследование не завершено
أنهما,2,Проверяемое соответствие не найдено. Все 2 вхождений — служебные формы или местоимения по QAC v0.4 (грамматическая частица; https://corpus.quran.com/download/). Их грамматическая функция не задаёт независимой измеримой величины для сравнения с частотой.
أنيب,2,Исследование не завершено
أهذا,2,Проверяемое соответствие не найдено. Все 2 вхождений — служебные формы или местоимения по QAC v0.4 (указательное местоимение; https://corpus.quran.com/download/). Их грамматическая функция не задаёт независимой измеримой величины для сравнения с частотой.
أهلنا,2,Исследование не завершено
أهلي,2,Исследование не завершено
أوآباؤنا,2,Исследование не завершено
أوتيته,2,Исследование не завершено
أوثانا,2,Исследование не завершено
أورثتموها,2,Исследование не завершено
أوزارهم,2,Исследование не завершено
أوزعني,2,Исследование не завершено
أوعجبتم,2,Исследование не завершено
أولاء,2,Проверяемое соответствие не найдено. Все 2 вхождений — служебные формы или местоимения по QAC v0.4 (относительное местоимение; https://corpus.quran.com/download/). Их грамматическая функция не задаёт независимой измеримой величины для сравнения с частотой.
أولادهن,2,Исследование не завершено
أولياءه,2,Исследование не завершено
أولياؤهم,2,Исследование не завершено
أوليس,2,Исследование не завершено
أومن,2,Проверяемое соответствие не найдено. Все 2 вхождений — служебные формы или местоимения по QAC v0.4 (относительное местоимение; https://corpus.quran.com/download/). Их грамматическая функция не задаёт независимой измеримой величины для сравнения с частотой.
أيتها,2,Исследование не завершено
أيدي,2,Исследование не завершено
أيدينا,2,Исследование не завершено
أيمانهن,2,Исследование не завершено
إخوانا,2,Исследование не завершено
إصلاح,2,Исследование не завершено
إصلاحا,2,Исследование не завершено
إصلاحها,2,Исследование не завершено
إطعام,2,Исследование не завершено
إفكهم,2,Исследование не завершено
إلهك,2,Исследование не завершено
إلهه,2,Исследование не завершено
إلهين,2,Исследование не завершено
إليهن,2,Проверяемое соответствие не найдено. Все 2 вхождений — служебные формы или местоимения по QAC v0.4 (предлог; https://corpus.quran.com/download/). Их грамматическая функция не задаёт независимой измеримой величины для сравнения с частотой.
إملاق,2,Исследование не завершено
إياكم,2,Проверяемое соответствие не найдено. Все 2 вхождений — служебные формы или местоимения по QAC v0.4 (личное/притяжательное местоимение; https://corpus.quran.com/download/). Их грамматическая функция не задаёт независимой измеримой величины для сравнения с частотой.
إيانا,2,Проверяемое соответствие не найдено. Все 2 вхождений — служебные формы или местоимения по QAC v0.4 (личное/притяжательное местоимение; https://corpus.quran.com/download/). Их грамматическая функция не задаёт независимой измеримой величины для сравнения с частотой.
إيمانه,2,Исследование не завершено
ائت,2,Исследование не завершено
ائتوا,2,Исследование не завершено
ابتغى,2,Исследование не завершено
ابتلاه,2,Исследование не завершено
ابنوا,2,Исследование не завершено
ابني,2,Исследование не завершено
اتق,2,Исследование не завершено
اثنتا,2,Исследование не завершено
اجتباه,2,Исследование не завершено
اجتنبوا,2,Исследование не завершено
اجعلني,2,Исследование не завершено
احكم,2,Исследование не завершено
اختلاف,2,Исследование не завершено
اختلف,2,Исследование не завершено
اخرج,2,Исследование не завершено
ادخلوها,2,Исследование не завершено
ادفع,2,Исследование не завершено
اذهبا,2,Исследование не завершено
اذهبوا,2,Исследование не завершено
ارتبتم,2,Исследование не завершено
اركعوا,2,Исследование не завершено
ازدادوا,2,Исследование не завершено
استجيبوا,2,Исследование не завершено
استحبوا,2,Исследование не завершено
استعينوا,2,Исследование не завершено
استغفر,2,Исследование не завершено
استغنى,2,Исследование не завершено
استكانوا,2,Исследование не завершено
استكبارا,2,Исследование не завершено
استمتع,2,Исследование не завершено
استمسك,2,Исследование не завершено
استيسر,2,Исследование не завершено
اسكن,2,Исследование не завершено
اسكنوا,2,Исследование не завершено
اشتراه,2,Исследование не завершено
اشتملت,2,Исследование не завершено
اشكر,2,Исследование не завершено
اصلوها,2,Исследование не завершено
افتراء,2,Исследование не завершено
افتريته,2,Исследование не завершено
اقتتلوا,2,Исследование не завершено
اقترب,2,Исследование не завершено
اكتسبوا,2,Исследование не завершено
الآزفة,2,Исследование не завершено
الأبواب,2,Исследование не завершено
الأخسرون,2,Исследование не завершено
الأخيار,2,Исследование не завершено
الأدنى,2,Исследование не завершено
الأزواج,2,Исследование не завершено
الأسفلين,2,Исследование не завершено
الأسواق,2,Исследование не завершено
الأشقى,2,Исследование не завершено
الأشهاد,2,Исследование не завершено
الأصفاد,2,Исследование не завершено
الأصوات,2,Исследование не завершено
الأعراف,2,Исследование не завершено
الأعرج,2,Исследование не завершено
الأعلون,2,Исследование не завершено
الأعين,2,Исследование не завершено
الأكمه,2,Исследование не завершено
الأمن,2,Исследование не завершено
الأمي,2,Исследование не завершено
الأميين,2,Исследование не завершено
الأنباء,2,Исследование не завершено
الأنثى,2,Исследование не завершено
الأنفال,2,Исследование не завершено
الأوتاد,2,Исследование не завершено
الأول,2,Исследование не завершено
الأيام,2,Исследование не завершено
الأيمان,2,Исследование не завершено
الإبل,2,Исследование не завершено
الإحسان,2,Исследование не завершено
البأس,2,Исследование не завершено
البأساء,2,Исследование не завершено
الباقين,2,Исследование не завершено
البحار,2,Исследование не завершено
البرية,2,Исследование не завершено
البشر,2,Исследование не завершено
البنون,2,Исследование не завершено
البينة,2,Исследование не завершено
التابوت,2,Исследование не завершено
التنور,2,Исследование не завершено
الثلث,2,Исследование не завершено
الثواب,2,Исследование не завершено
الجاهلون,2,Исследование не завершено
الجب,2,Исследование не завершено
الجبل,2,Исследование не завершено
الجلال,2,Исследование не завершено
الجنتين,2,Исследование не завершено
الحرب,2,Исследование не завершено
الحزن,2,Исследование не завершено
الحطمة,2,Исследование не завершено
الحلم,2,Исследование не завершено
الحناجر,2,Исследование не завершено
الخائنين,2,Исследование не завершено
الخالقون,2,Исследование не завершено
الخالقين,2,Исследование не завершено
الخبائث,2,Исследование не завершено
الخسران,2,Исследование не завершено
الخصام,2,Исследование не завершено
الخطاب,2,Исследование не завершено
الخلاق,2,Исследование не завершено
الخوالف,2,Исследование не завершено
الخيرة,2,Исследование не завершено
الخيط,2,Исследование не завершено
الدرجات,2,Исследование не завершено
الدمع,2,Исследование не завершено
الدهر,2,Исследование не завершено
الدواب,2,Исследование не завершено
الذلة,2,Исследование не завершено
الذنوب,2,Исследование не завершено
الذهب,2,Исследование не завершено
الراكعين,2,Исследование не завершено
الربع,2,Исследование не завершено
الرجيم,2,Исследование не завершено
الرس,2,Исследование не завершено
الرشاد,2,Исследование не завершено
الرضاعة,2,Исследование не завершено
الزبر,2,Исследование не завершено
الزقوم,2,Исследование не завершено
الزوجين,2,Исследование не завершено
الزور,2,Исследование не завершено
الساحر,2,Исследование не завершено
السامري,2,Исследование не завершено
السحاب,2,Исследование не завершено
السحت,2,Исследование не завершено
السر,2,Исследование не завершено
السكينة,2,Исследование не завершено
السموم,2,Исследование не завершено
السنين,2,Исследование не завершено
السيئ,2,Исследование не завершено
الشجر,2,Исследование не завершено
الشديد,2,Исследование не завершено
الشهادة,2,Исследование не завершено
الشهداء,2,Исследование не завершено
الصابرون,2,Исследование не завершено
الصادقون,2,Исследование не завершено
الصاغرين,2,Исследование не завершено
الصبح,2,Исследование не завершено
الصواعق,2,Исследование не завершено
الطلاق,2,Исследование не завершено
الطوفان,2,Исследование не завершено
الطول,2,Исследование не завершено
الظالم,2,Исследование не завершено
العادون,2,Исследование не завершено
العباد,2,Исследование не завершено
العبد,2,Исследование не завершено
العتيق,2,Исследование не завершено
العدة,2,Исследование не завершено
العفو,2,Исследование не завершено
العقبة,2,Исследование не завершено
العلى,2,Исследование не завершено
العنكبوت,2,Исследование не завершено
العهد,2,Исследование не завершено
العير,2,Исследование не завершено
الغائط,2,Исследование не завершено
الغافلون,2,Исследование не завершено
الغافلين,2,Исследование не завершено
الغاوين,2,Исследование не завершено
الغيث,2,Исследование не завершено
الفجار,2,Исследование не завершено
الفحشاء,2,Исследование не завершено
الفردوس,2,Исследование не завершено
الفواحش,2,Исследование не завершено
القاسطون,2,Исследование не завершено
القاهر,2,Исследование не завершено
القدوس,2,Исследование не завершено
القديم,2,Исследование не завершено
القصاص,2,Исследование не завершено
القواعد,2,Исследование не завершено
الكافر,2,Исследование не завершено
الكبرياء,2,Исследование не завершено
الكعبة,2,Исследование не завершено
الكفل,2,Исследование не завершено
الكواكب,2,Исследование не завершено
اللؤلؤ,2,Исследование не завершено
اللائي,2,Проверяемое соответствие не найдено. Все 2 вхождений — служебные формы или местоимения по QAC v0.4 (относительное местоимение; https://corpus.quran.com/download/). Их грамматическая функция не задаёт независимой измеримой величины для сравнения с частотой.
اللطيف,2,Исследование не завершено
اللغو,2,Исследование не завершено
الماكرين,2,Исследование не завершено
المثل,2,Исследование не завершено
المجيد,2,Исследование не завершено
المحضرين,2,Исследование не завершено
المريض,2,Исследование не завершено
المساجد,2,Исследование не завершено
المستعان,2,Исследование не завершено
المسحرين,2,Исследование не завершено
المشارق,2,Исследование не завершено
المشرقين,2,Исследование не завершено
المصدقين,2,Исследование не завершено
المصلحين,2,Исследование не завершено
المصلين,2,Исследование не завершено
المضاجع,2,Исследование не завершено
المعلوم,2,Исследование не завершено
المغفرة,2,Исследование не завершено
المقدس,2,Исследование не завершено
المكر,2,Исследование не завершено
المكرمين,2,Исследование не завершено
المكيال,2,Исследование не завершено
الملإ,2,Исследование не завершено
المنتهى,2,Исследование не завершено
المنزلين,2,Исследование не завершено
المنير,2,Исследование не завершено
المهاجرين,2,Исследование не завершено
المهتد,2,Исследование не завершено
المهتدين,2,Исследование не завершено
المهين,2,Исследование не завершено
الموج,2,Исследование не завершено
النبوة,2,Исследование не завершено
النبيون,2,Исследование не завершено
النخل,2,Исследование не завершено
النخلة,2,Исследование не завершено
الندامة,2,Исследование не завершено
النذير,2,Исследование не завершено
النشور,2,Исследование не завершено
النصير,2,Исследование не завершено
النمل,2,Исследование не завершено
النهى,2,Исследование не завершено
الوارثون,2,Исследование не завершено
الواقعة,2,Исследование не завершено
الوثقى,2,Исследование не завершено
الوجوه,2,Исследование не завершено
الودق,2,Исследование не завершено
الوسيلة,2,Исследование не завершено
الوصية,2,Исследование не завершено
الوعيد,2,Исследование не завершено
الوقت,2,Исследование не завершено
الولدان,2,Исследование не завершено
الولي,2,Исследование не завершено
امرأتك,2,Исследование не завершено
امرأتي,2,Исследование не завершено
امكثوا,2,Исследование не завершено
انشقت,2,Исследование не завершено
انطلقوا,2,Исследование не завершено
انقلبتم,2,Исследование не завершено
اهتزت,2,Исследование не завершено
بآبائنا,2,Исследование не завершено
بآلهتنا,2,Исследование не завершено
بأربعة,2,Исследование не завершено
بأسا,2,Исследование не завершено
بأسكم,2,Исследование не завершено
بأسمائهم,2,Исследование не завершено
بأعلم,2,Исследование не завершено
بأفواهكم,2,Исследование не завершено
بألسنتهم,2,Исследование не завершено
بأمر,2,Исследование не завершено
بأمرنا,2,Исследование не завершено
بأموال,2,Исследование не завершено
بأنا,2,Проверяемое соответствие не найдено. Все 2 вхождений — служебные формы или местоимения по QAC v0.4 (грамматическая частица; https://corpus.quran.com/download/). Их грамматическая функция не задаёт независимой измеримой величины для сравнения с частотой.
بأنفسهن,2,Исследование не завершено
بأنه,2,Проверяемое соответствие не найдено. Все 2 вхождений — служебные формы или местоимения по QAC v0.4 (грамматическая частица; https://corpus.quran.com/download/). Их грамматическая функция не задаёт независимой измеримой величины для сравнения с частотой.
بأهله,2,Исследование не завершено
بأي,2,Исследование не завершено
بأيديكم,2,Исследование не завершено
بإسحاق,2,Исследование не завершено
باء,2,Исследование не завершено
بابا,2,Исследование не завершено
باخع,2,Исследование не завершено
بارئكم,2,Исследование не завершено
بارد,2,Исследование не завершено
باطلا,2,Исследование не завершено
باقية,2,Исследование не завершено
بال,2,Исследование не завершено
بالآيات,2,Исследование не завершено
بالأفق,2,Исследование не завершено
بالأنثى,2,Исследование не завершено
بالبأساء,2,Исследование не завершено
بالبخل,2,Исследование не завершено
بالبر,2,Исследование не завершено
بالبشرى,2,Исследование не завершено
بالبنين,2,Исследование не завершено
بالحكمة,2,Исследование не завершено
بالخير,2,Исследование не завершено
بالساعة,2,Исследование не завершено
بالشر,2,Исследование не завершено
بالصالحين,2,Исследование не завершено
بالصدق,2,Исследование не завершено
بالعدوة,2,Исследование не завершено
بالعراء,2,Исследование не завершено
بالعروة,2,Исследование не завершено
بالغ,2,Исследование не завершено
بالغة,2,Исследование не завершено
بالغداة,2,Исследование не завершено
بالقرآن,2,Исследование не завершено
بالقسطاس,2,Исследование не завершено
بالمتقين,2,Исследование не завершено
بالمجرمين,2,Исследование не завершено
بالمفسدين,2,Исследование не завершено
بالمودة,2,Исследование не завершено
بالنفس,2,Исследование не завершено
بالنهار,2,Исследование не завершено
بالهم,2,Исследование не завершено
باليمين,2,Исследование не завершено
باليوم,2,Исследование не завершено
ببعيد,2,Исследование не завершено
ببني,2,Исследование не завершено
ببينة,2,Исследование не завершено
بتأويل,2,Исследование не завершено
بتابع,2,Исследование не завершено
بجانب,2,Исследование не завершено
بجانبه,2,Исследование не завершено
بجنود,2,Исследование не завершено
بجهازهم,2,Исследование не завершено
بجهنم,2,Исследование не завершено
بحبل,2,Исследование не завершено
بحفيظ,2,Исследование не завершено
بحور,2,Исследование не завершено
بخارجين,2,Исследование не завершено
بخبر,2,Исследование не завершено
بخلاقهم,2,Исследование не завершено
بخلق,2,Исследование не завершено
بخلوا,2,Исследование не завершено
بدا,2,Исследование не завершено
بدت,2,Исследование не завершено
بدله,2,Исследование не завершено
بدلوا,2,Исследование не завершено
بديع,2,Исследование не завершено
بذنبهم,2,Исследование не завершено
بذنوب,2,Исследование не завершено
براءة,2,Исследование не завершено
بربنا,2,Исследование не завершено
برحمتك,2,Исследование не завершено
برحمته,2,Исследование не завершено
بردا,2,Исследование не завершено
برزخ,2,Исследование не завершено
برزوا,2,Исследование не завершено
بروجا,2,Исследование не завершено
بريح,2,Исследование не завершено
بزعمهم,2,Исследование не завершено
بزينة,2,Исследование не завершено
بسطة,2,Исследование не завершено
بسورة,2,Исследование не завершено
بشركائهم,2,Исследование не завершено
بشير,2,Исследование не завершено
بصيرة,2,Исследование не завершено
بضاعتهم,2,Исследование не завершено
بضع,2,Исследование не завершено
بطارد,2,Исследование не завершено
بطشا,2,Исследование не завершено
بطشتم,2,Исследование не завершено
بطن,2,Исследование не завершено
بطنه,2,Исследование не завершено
بطونها,2,Исследование не завершено
بظلمهم,2,Исследование не завершено
بعبادتهم,2,Исследование не завершено
بعثناهم,2,Исследование не завершено
بعجل,2,Исследование не завершено
بعدت,2,Исследование не завершено
بعشر,2,Исследование не завершено
بعهده,2,Исследование не завершено
بعولتهن,2,Исследование не завершено
بعير,2,Исследование не завершено
بعيسى,2,Исследование не завершено
بفاكهة,2,Исследование не завершено
بقرات,2,Исследование не завершено
بقطع,2,Исследование не завершено
بكلمات,2,Исследование не завершено
بكلمة,2,Исследование не завершено
بلاغ,2,Исследование не завершено
بلد,2,Исследование не завершено
بلسان,2,Исследование не завершено
بلسانك,2,Исследование не завершено
بلغن,2,Исследование не завершено
بلغوا,2,Исследование не завершено
بمبعوثين,2,Исследование не завершено
بمثله,2,Исследование не завершено
بمجنون,2,Исследование не завершено
بمسبوقين,2,Исследование не завершено
بمصابيح,2,Исследование не завершено
بناتي,2,Исследование не завершено
بناها,2,Исследование не завершено
بنبإ,2,Исследование не завершено
بنعمت,2,Исследование не завершено
بنيانا,2,Исследование не завершено
بنيانه,2,Исследование не завершено
بنيانهم,2,Исследование не завершено
بنين,2,Исследование не завершено
بنيناها,2,Исследование не завершено
بهيج,2,Исследование не завершено
بوأنا,2,Исследование не завершено
بوجوهكم,2,Исследование не завершено
بورا,2,Исследование не завершено
بيتا,2,Исследование не завершено
بيتك,2,Исследование не завершено
بيد,2,Исследование не завершено
بيدك,2,Исследование не завершено
بيض,2,Исследование не завершено
بيمينك,2,Исследование не завершено
بينك,2,Исследование не завершено
بينه,2,Исследование не завершено
بينها,2,Исследование не завершено
بيوتكن,2,Исследование не завершено
بيوتهم,2,Исследование не завершено
تأتهم,2,Исследование не завершено
تأتيكم,2,Исследование не завершено
تأخذوا,2,Исследование не завершено
تأخر,2,Исследование не завершено
تأذن,2,Исследование не завершено
تأس,2,Исследование не завершено
تألمون,2,Исследование не завершено
تأمنه,2,Исследование не завершено
تأويلا,2,Исследование не завершено
تؤتي,2,Исследование не завершено
تؤمر,2,Исследование не завершено
تؤمرون,2,Исследование не завершено
تارة,2,Исследование не завершено
تبتئس,2,Исследование не завершено
تبتغوا,2,Исследование не завершено
تبتغي,2,Исследование не завершено
تبتم,2,Исследование не завершено
تبد,2,Исследование не завершено
تبدل,2,Исследование не завершено
تبديل,2,Исследование не завершено
تبرأ,2,Исследование не завершено
تبطلوا,2,Исследование не завершено
تبعا,2,Исследование не завершено
تتبيرا,2,Исследование не завершено
تتقوا,2,Исследование не завершено
تتوفاهم,2,Исследование не завершено
تجادل,2,Исследование не завершено
تجدوه,2,Исследование не завершено
تجزى,2,Исследование не завершено
تجزي,2,Исследование не завершено
تجعلني,2,Исследование не завершено
تجلى,2,Исследование не завершено
تجهر,2,Исследование не завершено
تحاجون,2,Исследование не завершено
تحزنون,2,Исследование не завершено
تحزني,2,Исследование не завершено
تحصوها,2,Исследование не завершено
تحط,2,Исследование не завершено
تحل,2,Исследование не завершено
تحمله,2,Исследование не завершено
تحملون,2,Исследование не завершено
تحية,2,Исследование не завершено
تحيتهم,2,Исследование не завершено
تخاطبني,2,Исследование не завершено
تخزون,2,Исследование не завершено
تخشوهم,2,Исследование не завершено
تخفون,2,Исследование не завершено
تخفي,2,Исследование не завершено
تدرسون,2,Исследование не завершено
تدعونا,2,Исследование не завершено
تدعونني,2,Исследование не завершено
تدميرا,2,Исследование не завершено
تذرن,2,Исследование не завершено
تذكر,2,Исследование не завершено
تذكروا,2,Исследование не завершено
تراض,2,Исследование не завершено
تراني,2,Исследование не завершено
ترتيلا,2,Исследование не завершено
ترجف,2,Исследование не завершено
تردن,2,Исследование не завершено
تردون,2,Исследование не завершено
ترضاه,2,Исследование не завершено
ترضى,2,Исследование не завершено
تركت,2,Исследование не завершено
تركتم,2,Исследование не завершено
تركن,2,Исследование не завершено
تركوا,2,Исследование не завершено
ترهقهم,2,Исследование не завершено
تروا,2,Исследование не завершено
ترون,2,Исследование не завершено
تزد,2,Исследование не завершено
تسؤهم,2,Исследование не завершено
تسبق,2,Исследование не завершено
تستوي,2,Исследование не завершено
تسجد,2,Исследование не завершено
تسرفوا,2,Исследование не завершено
تسعة,2,Исследование не завершено
تسقط,2,Исследование не завершено
تسليما,2,Исследование не завершено
تسمعون,2,Исследование не завершено
تشاءون,2,Исследование не завершено
تشابه,2,Исследование не завершено
تشربون,2,Исследование не завершено
تشقق,2,Исследование не завершено
تصبك,2,Исследование не завершено
تصديق,2,Исследование не завершено
تصرفون,2,Исследование не завершено
تصطلون,2,Исследование не завершено
تصل,2,Исследование не завершено
تضل,2,Исследование не завершено
تضلوا,2,Исследование не завершено
تطعهما,2,Исследование не завершено
تطوع,2,Исследование не завершено
تظاهرا,2,Исследование не завершено
تظاهرون,2,Исследование не завершено
تعدون,2,Исследование не завершено
تعذبهم,2,Исследование не завершено
تعرف,2,Исследование не завершено
تعضلوهن,2,Исследование не завершено
تعلوا,2,Исследование не завершено
تعمى,2,Исследование не завершено
تعودوا,2,Исследование не завершено
تغرنكم,2,Исследование не завершено
تغلوا,2,Исследование не завершено
تفترون,2,Исследование не завершено
تفجيرا,2,Исследование не завершено
تفرحون,2,Исследование не завершено
تفضيلا,2,Исследование не завершено
تفيض,2,Исследование не завершено
تفيضون,2,Исследование не завершено
تقاتلوا,2,Исследование не завершено
تقاتلون,2,Исследование не завершено
تقدروا,2,Исследование не завершено
تقديرا,2,Исследование не завершено
تقربا,2,Исследование не завершено
تقعدوا,2,Исследование не завершено
تقلبهم,2,Исследование не завершено
تقم,2,Исследование не завершено
تقوموا,2,Исследование не завершено
تقوى,2,Исследование не завершено
تقيكم,2,Исследование не завершено
تكلف,2,Исследование не завершено
تكونا,2,Исследование не завершено
تلبسونها,2,Исследование не завершено
تلقي,2,Исследование не завершено
تمترون,2,Исследование не завершено
تمتع,2,Исследование не завершено
تمدن,2,Исследование не завершено
تمسنا,2,Исследование не завершено
تمش,2,Исследование не завершено
تمشي,2,Исследование не завершено
تملك,2,Исследование не завершено
تملكون,2,Исследование не завершено
تمنوا,2,Исследование не завершено
تمنون,2,Исследование не завершено
تموت,2,Исследование не завершено
تموتن,2,Исследование не завершено
تمور,2,Исследование не завершено
تميلوا,2,Исследование не завершено
تنتهوا,2,Исследование не завершено
تنذر,2,Исследование не завершено
تنذرهم,2,Исследование не завершено
تنسى,2,Исследование не завершено
تنطقون,2,Исследование не завершено
تنفروا,2,Исследование не завершено
تنفقون,2,Исследование не завершено
تنكحوهن,2,Исследование не завершено
تهتدوا,2,Исследование не завершено
تهتز,2,Исследование не завершено
تهوي,2,Исследование не завершено
تواب,2,Исследование не завершено
توبة,2,Исследование не завершено
توفى,2,Исследование не завершено
تولوهم,2,Исследование не завершено
تيسر,2,Исследование не завершено
ثاني,2,Исследование не завершено
ثعبان,2,Исследование не завершено
ثقفتموهم,2,Исследование не завершено
ثقفوا,2,Исследование не завершено
ثقيلا,2,Исследование не завершено
ثلة,2,Исследование не завершено
ثياب,2,Исследование не завершено
ثيابهم,2,Исследование не завершено
جئتم,2,Исследование не завершено
جئتمونا,2,Исследование не завершено
جئتنا,2,Исследование не завершено
جئتهم,2,Исследование не завершено
جاءها,2,Исследование не завершено
جاعل,2,Исследование не завершено
جاهداك,2,Исследование не завершено
جبارين,2,Исследование не завершено
جبال,2,Исследование не завершено
جثيا,2,Исследование не завершено
جحيم,2,Исследование не завершено
جدلا,2,Исследование не завершено
جديدا,2,Исследование не завершено
جزءا,2,Исследование не завершено
جزيناهم,2,Исследование не завершено
جعلناكم,2,Исследование не завершено
جعلناهم,2,Исследование не завершено
جلدة,2,Исследование не завершено
جلود,2,Исследование не завершено
جلودهم,2,Исследование не завершено
جميل,2,Исследование не завершено
جنب,2,Исследование не завершено
جنبا,2,Исследование не завершено
جنتك,2,Исследование не завершено
جنتين,2,Исследование не завершено
جنوبهم,2,Исследование не завершено
جهادا,2,Исследование не завершено
جهزهم,2,Исследование не завершено
جوع,2,Исследование не завершено
جيبك,2,Исследование не завершено
حاش,2,Исследование не завершено
حاضرة,2,Исследование не завершено
حافظون,2,Исследование не завершено
حامية,2,Исследование не завершено
حب,2,Исследование не завершено
حبالهم,2,Исследование не завершено
حبل,2,Исследование не завершено
حبه,2,Исследование не завершено
حج,2,Исследование не завершено
حجابا,2,Исследование не завершено
حجتهم,2,Исследование не завершено
حجر,2,Исследование не завершено
حدائق,2,Исследование не завершено
حديد,2,Исследование не завершено
حذر,2,Исследование не завершено
حذركم,2,Исследование не завершено
حرثكم,2,Исследование не завершено
حرجا,2,Исследование не завершено
حرقوه,2,Исследование не завершено
حرير,2,Исследование не завершено
حسابه,2,Исследование не завершено
حسابيه,2,Исследование не завершено
حسان,2,Исследование не завершено
حسبانا,2,Исследование не завершено
حسبك,2,Исследование не завершено
حسبهم,2,Исследование не завершено
حسبي,2,Исследование не завершено
حسرات,2,Исследование не завершено
حشر,2,Исследование не завершено
حصيدا,2,Исследование не завершено
حطة,2,Исследование не завершено
حملا,2,Исследование не завершено
حملت,2,Исследование не завершено
حملها,2,Исследование не завершено
حملهن,2,Исследование не завершено
حنفاء,2,Исследование не завершено
حول,2,Исследование не завершено
حولكم,2,Исследование не завершено
حولهم,2,Исследование не завершено
حي,2,Исследование не завершено
خائفا,2,Исследование не завершено
خائنة,2,Исследование не завершено
خاسئين,2,Исследование не завершено
خاطئين,2,Исследование не завершено
خبالا,2,Исследование не завершено
خبرا,2,Исследование не завершено
خبيثة,2,Исследование не завершено
خذوه,2,Исследование не завершено
خر,2,Исследование не завершено
خرجا,2,Исследование не завершено
خرجت,2,Исследование не завершено
خردل,2,Исследование не завершено
خروا,2,Исследование не завершено
خصمان,2,Исследование не завершено
خصيم,2,Исследование не завершено
خضرا,2,Исследование не завершено
خطأ,2,Исследование не завершено
خطاياكم,2,Исследование не завершено
خطايانا,2,Исследование не завершено
خطبكم,2,Исследование не завершено
خلا,2,Исследование не завершено
خلال,2,Исследование не завершено
خلاله,2,Исследование не завершено
خلالها,2,Исследование не завершено
خلف,2,Исследование не завершено
خلقتني,2,Исследование не завершено
خلقك,2,Исследование не завершено
خلقهن,2,Исследование не завершено
خليفة,2,Исследование не завершено
خمرا,2,Исследование не завершено
خمسة,2,Исследование не завершено
خمسين,2,Исследование не завершено
خوار,2,Исследование не завершено
داخرون,2,Исследование не завершено
داخرين,2,Исследование не завершено
داعي,2,Исследование не завершено
دافع,2,Исследование не завершено
دامت,2,Исследование не завершено
دانية,2,Исследование не завершено
دخل,2,Исследование не завершено
دخلا,2,Исследование не завершено
دعاكم,2,Исследование не завершено
دعانا,2,Исследование не завершено
دعوتهم,2,Исследование не завершено
دفع,2,Исследование не завершено
دمرنا,2,Исследование не завершено
دونك,2,Исследование не завершено
دونهما,2,Исследование не завершено
دينه,2,Исследование не завершено
ديني,2,Исследование не завершено
ذاقوا,2,Исследование не завершено
ذرأ,2,Исследование не завершено
ذرأكم,2,Исследование не завершено
ذرعا,2,Исследование не завершено
ذرهم,2,Исследование не завершено
ذريتهما,2,Исследование не завершено
ذكرنا,2,Исследование не завершено
ذكره,2,Исследование не завершено
ذمة,2,Исследование не завершено
ذنب,2,Исследование не завершено
ذنوبهم,2,Исследование не завершено
ذوا,2,Исследование не завершено
ذوي,2,Исследование не завершено
رءوس,2,Исследование не завершено
رءوسكم,2,Исследование не завершено
رآها,2,Исследование не завершено
رأفة,2,Исследование не завершено
رأوه,2,Исследование не завершено
رؤياي,2,Исследование не завершено
رئاء,2,Исследование не завершено
رابعهم,2,Исследование не завершено
راعون,2,Исследование не завершено
راغبون,2,Исследование не завершено
راودته,2,Исследование не завершено
ربا,2,Исследование не завершено
رجالكم,2,Исследование не завершено
رجع,2,Исследование не завершено
رجعتم,2,Исследование не завершено
رجعوا,2,Исследование не завершено
رحبت,2,Исследование не завершено
ردت,2,Исследование не завершено
ردوها,2,Исследование не завершено
رسالته,2,Исследование не завершено
رسولكم,2,Исследование не завершено
رسولهم,2,Исследование не завершено
رصدا,2,Исследование не завершено
رضوانه,2,Исследование не завершено
رفع,2,Исследование не завершено
رقيب,2,Исследование не завершено
رقيبا,2,Исследование не завершено
رميت,2,Исследование не завершено
رهقا,2,Исследование не завершено
روحي,2,Исследование не завершено
زاغت,2,Исследование не завершено
زبر,2,Исследование не завершено
زبورا,2,Исследование не завершено
زجرة,2,Исследование не завершено
زخرف,2,Исследование не завершено
زدناهم,2,Исследование не завершено
زعيم,2,Исследование не завершено
زفير,2,Исследование не завершено
زكاة,2,Исследование не завершено
زلفى,2,Исследование не завершено
زمرا,2,Исследование не завершено
سأريكم,2,Исследование не завершено
سألتكم,2,Исследование не завершено
سابق,2,Исследование не завершено
سادسهم,2,Исследование не завершено
سافلها,2,Исследование не завершено
ساهون,2,Исследование не завершено
سباتا,2,Исследование не завершено
سبحا,2,Исследование не завершено
سبعا,2,Исследование не завершено
سبعين,2,Исследование не завершено
سبقكم,2,Исследование не завершено
سبقونا,2,Исследование не завершено
سبل,2,Исследование не завершено
سبلنا,2,Исследование не завершено
سبيلك,2,Исследование не завершено
سجين,2,Исследование не завершено
سحاب,2,Исследование не завершено
سخرها,2,Исследование не завершено
سدر,2,Исследование не завершено
سديدا,2,Исследование не завершено
سراحا,2,Исследование не завершено
سراعا,2,Исследование не завершено
سرق,2,Исследование не завершено
سرمدا,2,Исследование не завершено
سرهم,2,Исследование не завершено
سعة,2,Исследование не завершено
سعته,2,Исследование не завершено
سعوا,2,Исследование не завершено
سعيكم,2,Исследование не завершено
سعيهم,2,Исследование не завершено
سفاهة,2,Исследование не завершено
سقفا,2,Исследование не завершено
سقيم,2,Исследование не завершено
سكارى,2,Исследование не завершено
سكن,2,Исследование не завершено
سكنا,2,Исследование не завершено
سلالة,2,Исследование не завершено
سلم,2,Исследование не завершено
سلما,2,Исследование не завершено
سليم,2,Исследование не завершено
سماء,2,Исследование не завершено
سمان,2,Исследование не завершено
سمع,2,Исследование не завершено
سمعا,2,Исследование не завершено
سمعتموه,2,Исследование не завершено
سمعكم,2,Исследование не завершено
سمعه,2,Исследование не завершено
سميا,2,Исследование не завершено
سنبلات,2,Исследование не завершено
سندخلهم,2,Исследование не завершено
سنستدرجهم,2,Исследование не завершено
سنكتب,2,Исследование не завершено
سنلقي,2,Исследование не завершено
سنن,2,Исследование не завершено
سوءة,2,Исследование не завершено
سويته,2,Исследование не завершено
سيء,2,Исследование не завершено
سيئاته,2,Исследование не завершено
سيجزون,2,Исследование не завершено
سيجزيهم,2,Исследование не завершено
سيجعل,2,Исследование не завершено
سيرت,2,Исследование не завершено
سيصيب,2,Исследование не завершено
شئتما,2,Исследование не завершено
شاقوا,2,Исследование не завершено
شاهدين,2,Исследование не завершено
شتى,2,Исследование не завершено
شح,2,Исследование не завершено
شداد,2,Исследование не завершено
شرا,2,Исследование не завершено
شرابا,2,Исследование не завершено
شرح,2,Исследование не завершено
شركاؤهم,2,Исследование не завершено
شركائهم,2,Исследование не завершено
شطره,2,Исследование не завершено
شططا,2,Исследование не завершено
شفا,2,Исследование не завершено
شفاء,2,Исследование не завершено
شفاعتهم,2,Исследование не завершено
شكر,2,Исследование не завершено
شكرتم,2,Исследование не завершено
شنآن,2,Исследование не завершено
شهاب,2,Исследование не завершено
شهادات,2,Исследование не завершено
شهداءكم,2,Исследование не завершено
شهدوا,2,Исследование не завершено
شهرا,2,Исследование не завершено
شهرين,2,Исследование не завершено
شهوة,2,Исследование не завершено
شهودا,2,Исследование не завершено
شيبا,2,Исследование не завершено
شيخا,2,Исследование не завершено
شيطانا,2,Исследование не завершено
صابرا,2,Исследование не завершено
صاحبة,2,Исследование не завершено
صاحبكم,2,Исследование не завершено
صاحبي,2,Исследование не завершено
صاغرون,2,Исследование не завершено
صافات,2,Исследование не завершено
صبر,2,Исследование не завершено
صبرتم,2,Исследование не завершено
صبرنا,2,Исследование не завершено
صبغة,2,Исследование не завершено
صبيا,2,Исследование не завершено
صحفا,2,Исследование не завершено
صدري,2,Исследование не завершено
صدقهم,2,Исследование не завершено
صديقا,2,Исследование не завершено
صرحا,2,Исследование не завершено
صرصرا,2,Исследование не завершено
صغيرا,2,Исследование не завершено
صغيرة,2,Исследование не завершено
صلاة,2,Исследование не завершено
صلح,2,Исследование не завершено
صلى,2,Исследование не завершено
صنوان,2,Исследование не завершено
صوركم,2,Исследование не завершено
صيد,2,Исследование не завершено
ضالين,2,Исследование не завершено
ضحاها,2,Исследование не завершено
ضحى,2,Исследование не завершено
ضرارا,2,Исследование не завершено
ضربا,2,Исследование не завершено
ضلالتهم,2,Исследование не завершено
ضللت,2,Исследование не завершено
ضيف,2,Исследование не завершено
ضيفي,2,Исследование не завершено
ضيق,2,Исследование не завершено
ضيقا,2,Исследование не завершено
طائركم,2,Исследование не завершено
طائف,2,Исследование не завершено
طائفتان,2,Исследование не завершено
طاغون,2,Исследование не завершено
طاغين,2,Исследование не завершено
طاقة,2,Исследование не завершено
طالوت,2,Исследование не завершено
طباقا,2,Исследование не завершено
طرائق,2,Исследование не завершено
طريا,2,Исследование не завершено
طريق,2,Исследование не завершено
طريقا,2,Исследование не завершено
طسم,2,Исследование не завершено
طفلا,2,Исследование не завершено
طلقتموهن,2,Исследование не завершено
طلقها,2,Исследование не завершено
طلوع,2,Исследование не завершено
طهورا,2,Исследование не завершено
طولا,2,Исследование не завершено
طوى,2,Исследование не завершено
طويلا,2,Исследование не завершено
ظالم,2,Исследование не завершено
ظالمي,2,Исследование не завершено
ظاهرا,2,Исследование не завершено
ظاهرة,2,Исследование не завершено
ظاهرين,2,Исследование не завершено
ظلال,2,Исследование не завершено
ظلمتم,2,Исследование не завершено
ظلمه,2,Исследование не завершено
ظلمونا,2,Исследование не завершено
ظنكم,2,Исследование не завершено
ظننا,2,Исследование не завершено
ظهره,2,Исследование не завершено
ظهورها,2,Исследование не завершено
ظهير,2,Исследование не завершено
عادا,2,Исследование не завершено
عاصف,2,Исследование не завершено
عاقرا,2,Исследование не завершено
عاكفون,2,Исследование не завершено
عاكفين,2,Исследование не завершено
عالمين,2,Исследование не завершено
عالية,2,Исследование не завершено
عاليها,2,Исследование не завершено
عاهد,2,Исследование не завершено
عبادا,2,Исследование не завершено
عبس,2,Исследование не завершено
عتوا,2,Исследование не завершено
عتيا,2,Исследование не завершено
عتيد,2,Исследование не завершено
عجاف,2,Исследование не завершено
عجل,2,Исследование не завершено
عجلا,2,Исследование не завершено
عجوز,2,Исследование не завершено
عجوزا,2,Исследование не завершено
عجيب,2,Исследование не завершено
عدا,2,Исследование не завершено
عداوة,2,Исследование не завершено
عدوان,2,Исследование не завершено
عدوكم,2,Исследование не завершено
عدوه,2,Исследование не завершено
عذابها,2,Исследование не завершено
عذب,2,Исследование не завершено
عذت,2,Исследование не завершено
عذرا,2,Исследование не завершено
عربي,2,Исследование не завершено
عرش,2,Исследование не завершено
عرضا,2,Исследование не завершено
عرضها,2,Исследование не завершено
عرفوا,2,Исследование не завершено
عسر,2,Исследование не завершено
عسيتم,2,Исследование не завершено
عشرا,2,Исследование не завершено
عصيا,2,Исследование не завершено
عقيم,2,Исследование не завершено
علمناه,2,Исследование не завершено
عملهم,2,Исследование не завершено
عنتم,2,Исследование не завершено
عوج,2,Исследование не завершено
عورات,2,Исследование не завершено
عيشة,2,Исследование не завершено
عينان,2,Исследование не завершено
عينها,2,Исследование не завершено
عينيك,2,Исследование не завершено
غثاء,2,Исследование не завершено
غرف,2,Исследование не завершено
غشاوة,2,Исследование не завершено
غشيهم,2,Исследование не завершено
غضبان,2,Исследование не завершено
غضبي,2,Исследование не завершено
غلاما,2,Исследование не завершено
غلف,2,Исследование не завершено
غمرة,2,Исследование не завершено
غنمتم,2,Исследование не завершено
غورا,2,Исследование не завершено
غيابت,2,Исследование не завершено
غيري,2,Исследование не завершено
فآتوهن,2,Исследование не завершено
فآمن,2,Исследование не завершено
فآمنا,2,Исследование не завершено
فأتاهم,2,Исследование не завершено
فأتبعهم,2,Исследование не завершено
فأجره,2,Исследование не завершено
فأجمعوا,2,Исследование не завершено
فأحسن,2,Исследование не завершено
فأخاف,2,Исследование не завершено
فأذن,2,Исследование не завершено
فأراد,2,Исследование не завершено
فأصابهم,2,Исследование не завершено
فأصبحتم,2,Исследование не завершено
فأقبل,2,Исследование не завершено
فأقم,2,Исследование не завершено
فألقوه,2,Исследование не завершено
فألقي,2,Исследование не завершено
فأمليت,2,Исследование не завершено
فأن,2,Проверяемое соответствие не найдено. Все 2 вхождений — служебные формы или местоимения по QAC v0.4 (грамматическая частица; https://corpus.quran.com/download/). Их грамматическая функция не задаёт независимой измеримой величины для сравнения с частотой.
فأنبئكم,2,Исследование не завершено
فأنت,2,Проверяемое соответствие не найдено. Все 2 вхождений — служебные формы или местоимения по QAC v0.4 (личное/притяжательное местоимение; https://corpus.quran.com/download/). Их грамматическая функция не задаёт независимой измеримой величины для сравнения с частотой.
فأنساهم,2,Исследование не завершено
فأنظرني,2,Исследование не завершено
فأنه,2,Проверяемое соответствие не найдено. Все 2 вхождений — служебные формы или местоимения по QAC v0.4 (грамматическая частица; https://corpus.quran.com/download/). Их грамматическая функция не задаёт независимой измеримой величины для сравнения с частотой.
فأهلكوا,2,Исследование не завершено
فأوجس,2,Исследование не завершено
فأوحينا,2,Исследование не завершено
فأي,2,Исследование не завершено
فؤادك,2,Исследование не завершено
فإذ,2,Исследование не завершено
فإلينا,2,Проверяемое соответствие не найдено. Все 2 вхождений — служебные формы или местоимения по QAC v0.4 (предлог; https://corpus.quran.com/download/). Их грамматическая функция не задаёт независимой измеримой величины для сравнения с частотой.
فإنكم,2,Проверяемое соответствие не найдено. Все 2 вхождений — служебные формы или местоимения по QAC v0.4 (грамматическая частица; https://corpus.quran.com/download/). Их грамматическая функция не задаёт независимой измеримой величины для сравнения с частотой.
فإياي,2,Проверяемое соответствие не найдено. Все 2 вхождений — служебные формы или местоимения по QAC v0.4 (личное/притяжательное местоимение; https://corpus.quran.com/download/). Их грамматическая функция не задаёт независимой измеримой величины для сравнения с частотой.
فئتين,2,Исследование не завершено
فابعثوا,2,Исследование не завершено
فاتبعوا,2,Исследование не завершено
فاتبعوني,2,Исследование не завершено
فاختلط,2,Исследование не завершено
فادخلوا,2,Исследование не завершено
فادع,2,Исследование не завершено
فادعوا,2,Исследование не завершено
فادعوه,2,Исследование не завершено
فاذهب,2,Исследование не завершено
فارتقب,2,Исследование не завершено
فارجعوا,2,Исследование не завершено
فارهبون,2,Исследование не завершено
فاز,2,Исследование не завершено
فاسألوا,2,Исследование не завершено
فاستغفر,2,Исследование не завершено
فاستغفروا,2,Исследование не завершено
فاستفتهم,2,Исследование не завершено
فاستقيموا,2,Исследование не завершено
فاستمعوا,2,Исследование не завершено
فاستوى,2,Исследование не завершено
فاصبروا,2,Исследование не завершено
فاصفح,2,Исследование не завершено
فاضرب,2,Исследование не завершено
فاعبد,2,Исследование не завершено
فاعبده,2,Исследование не завершено
فاعف,2,Исследование не завершено
فاقتلوا,2,Исследование не завершено
فاقرءوا,2,Исследование не завершено
فاكتبنا,2,Исследование не завершено
فاكهين,2,Исследование не завершено
فالق,2,Исследование не завершено
فالنار,2,Исследование не завершено
فامسحوا,2,Исследование не завершено
فانتشروا,2,Исследование не завершено
فبإذن,2,Исследование не завершено
فبدل,2,Исследование не завершено
فبعث,2,Исследование не завершено
فبعدا,2,Исследование не завершено
فبلغن,2,Исследование не завершено
فتبارك,2,Исследование не завершено
فتثير,2,Исследование не завершено
فتح,2,Исследование не завершено
فتحت,2,Исследование не завершено
فتراه,2,Исследование не завершено
فتصبح,2,Исследование не завершено
فتقبل,2,Исследование не завершено
فتقعد,2,Исследование не завершено
فتكونا,2,Исследование не завершено
فتلقى,2,Исследование не завершено
فتلك,2,Проверяемое соответствие не найдено. Все 2 вхождений — служебные формы или местоимения по QAC v0.4 (указательное местоимение; https://corpus.quran.com/download/). Их грамматическая функция не задаёт независимой измеримой величины для сравнения с частотой.
فتمتعوا,2,Исследование не завершено
فتمنوا,2,Исследование не завершено
فتنتم,2,Исследование не завершено
فتنقلبوا,2,Исследование не завершено
فتنوا,2,Исследование не завершено
فتوكل,2,Исследование не завершено
فتياتكم,2,Исследование не завершено
فتيمموا,2,Исследование не завершено
فجاءوهم,2,Исследование не завершено
فجاجا,2,Исследование не завершено
فجعل,2,Исследование не завершено
فجعلناها,2,Исследование не завершено
فجعلهم,2,Исследование не завершено
فجمع,2,Исследование не завершено
فحاق,2,Исследование не завершено
فخذوه,2,Исследование не завершено
فخذوهم,2,Исследование не завершено
فخلف,2,Исследование не завершено
فخلقنا,2,Исследование не завершено
فدعا,2,Исследование не завершено
فدعوهم,2,Исследование не завершено
فذروها,2,Исследование не завершено
فرآه,2,Исследование не завершено
فرات,2,Исследование не завершено
فرجها,2,Исследование не завершено
فرح,2,Исследование не завершено
فرضتم,2,Исследование не завершено
فرطنا,2,Исследование не завершено
فرقوا,2,Исследование не завершено
فروجهم,2,Исследование не завершено
فزادتهم,2,Исследование не завершено
فزادهم,2,Исследование не завершено
فزع,2,Исследование не завершено
فسبحه,2,Исследование не завершено
فسجد,2,Исследование не завершено
فسقوا,2,Исследование не завершено
فسنيسره,2,Исследование не завершено
فسواها,2,Исследование не завершено
فسوق,2,Исследование не завершено
فسوى,2,Исследование не завершено
فسيروا,2,Исследование не завершено
فسيعلمون,2,Исследование не завершено
فشاربون,2,Исследование не завершено
فصبر,2,Исследование не завершено
فصدهم,2,Исследование не завершено
فصلناه,2,Исследование не завершено
فضرب,2,Исследование не завершено
فضلتكم,2,Исследование не завершено
فطر,2,Исследование не завершено
فظلموا,2,Исследование не завершено
فعال,2,Исследование не завершено
فعدة,2,Исследование не завершено
فعلتم,2,Исследование не завершено
فعلم,2,Исследование не завершено
فعلن,2,Исследование не завершено
فعميت,2,Исследование не завершено
فعند,2,Исследование не завершено
ففزع,2,Исследование не завершено
فقتله,2,Исследование не завершено
فقدره,2,Исследование не завершено
فقطع,2,Исследование не завершено
فقعوا,2,Исследование не завершено
فقولوا,2,Исследование не завершено
فقير,2,Исследование не завершено
فقيرا,2,Исследование не завершено
فكذب,2,Исследование не завершено
فكذبت,2,Исследование не завершено
فكذبوا,2,Исследование не завершено
فكذبوهما,2,Исследование не завершено
فكشفنا,2,Исследование не завершено
فكلا,2,Исследование не завершено
فكنتم,2,Исследование не завершено
فلأمه,2,Исследование не завершено
فلبث,2,Исследование не завершено
فلعلك,2,Проверяемое соответствие не найдено. Все 2 вхождений — служебные формы или местоимения по QAC v0.4 (грамматическая частица; https://corpus.quran.com/download/). Их грамматическая функция не задаёт независимой измеримой величины для сравнения с частотой.
فلك,2,Исследование не завершено
فلهن,2,Проверяемое соответствие не найдено. Все 2 вхождений — служебные формы или местоимения по QAC v0.4 (личное/притяжательное местоимение; https://corpus.quran.com/download/). Их грамматическая функция не задаёт независимой измеримой величины для сравнения с частотой.
فليأتوا,2,Исследование не завершено
فليستجيبوا,2,Исследование не завершено
فليعمل,2,Исследование не завершено
فليمدد,2,Исследование не завершено
فمال,2,Проверяемое соответствие не найдено. Все 2 вхождений — служебные формы или местоимения по QAC v0.4 (вопросительная частица/местоимение; https://corpus.quran.com/download/). Их грамматическая функция не задаёт независимой измеримой величины для сравнения с частотой.
فمالئون,2,Исследование не завершено
فمتاع,2,Исследование не завершено
فمثله,2,Исследование не завершено
فمنكم,2,Проверяемое соответствие не найдено. Все 2 вхождений — служебные формы или местоимения по QAC v0.4 (предлог; https://corpus.quran.com/download/). Их грамматическая функция не задаёт независимой измеримой величины для сравнения с частотой.
فنادوا,2,Исследование не завершено
فنادى,2,Исследование не завершено
فنبذناهم,2,Исследование не завершено
فنتبع,2,Исследование не завершено
فنسي,2,Исследование не завершено
فنفخنا,2,Исследование не завершено
فواكه,2,Исследование не завершено
فوج,2,Исследование не завершено
فوجدا,2,Исследование не завершено
فوربك,2,Исследование не завершено
فوسوس,2,Исследование не завершено
فوقه,2,Исследование не завершено
فولوا,2,Исследование не завершено
فيتبعون,2,Исследование не завершено
فيصيب,2,Исследование не завершено
فيضاعفه,2,Исследование не завершено
فيعذبه,2,Исследование не завершено
فيقسمان,2,Исследование не завершено
فيقولوا,2,Исследование не завершено
فيم,2,"Проверяемое соответствие не найдено. Все 2 вхождений — служебные формы или местоимения по QAC v0.4 (вопросительная частица/местоимение, предлог; https://corpus.quran.com/download/). Их грамматическая функция не задаёт независимой измеримой величины для сравнения с частотой."
فيوفيهم,2,Исследование не завершено
قاتلهم,2,Исследование не завершено
قاتلوكم,2,Исследование не завершено
قادر,2,Исследование не завершено
قادرين,2,Исследование не завершено
قارون,2,Исследование не завершено
قالا,2,Исследование не завершено
قالتا,2,Исследование не завершено
قانتات,2,Исследование не завершено
قانتون,2,Исследование не завершено
قبلا,2,Исследование не завершено
قبلتهم,2,Исследование не завершено
قبلنا,2,Исследование не завершено
قبلها,2,Исследование не завершено
قتال,2,Исследование не завершено
قتلنا,2,Исследование не завершено
قتلهم,2,Исследование не завершено
قتلوه,2,Исследование не завершено
قدرا,2,Исследование не завершено
قدرنا,2,Исследование не завершено
قرأت,2,Исследование не завершено
قرئ,2,Исследование не завершено
قرارا,2,Исследование не завершено
قربانا,2,Исследование не завершено
قرة,2,Исследование не завершено
قرح,2,Исследование не завершено
قردة,2,Исследование не завершено
قرنا,2,Исследование не завершено
قرونا,2,Исследование не завершено
قرى,2,Исследование не завершено
قريتكم,2,Исследование не завершено
قرين,2,Исследование не завершено
قرينا,2,Исследование не завершено
قرينه,2,Исследование не завершено
قست,2,Исследование не завершено
قسمة,2,Исследование не завершено
قصاص,2,Исследование не завершено
قصصنا,2,Исследование не завершено
قصورا,2,Исследование не завершено
قضيتم,2,Исследование не завершено
قضينا,2,Исследование не завершено
قطعت,2,Исследование не завершено
قطوفها,2,Исследование не завершено
قلب,2,Исследование не завершено
قم,2,Исследование не завершено
قوارير,2,Исследование не завершено
قوامين,2,Исследование не завершено
قولكم,2,Исследование не завершено
قوله,2,Исследование не завершено
قولوا,2,Исследование не завершено
قولي,2,Исследование не завершено
قيام,2,Исследование не завершено
قيما,2,Исследование не завершено
كأسا,2,Исследование не завершено
كأنهن,2,Проверяемое соответствие не найдено. Все 2 вхождений — служебные формы или местоимения по QAC v0.4 (грамматическая частица; https://corpus.quran.com/download/). Их грамматическая функция не задаёт независимой измеримой величины для сравнения с частотой.
كاد,2,Исследование не завершено
كاذب,2,Исследование не завершено
كاذبا,2,Исследование не завершено
كاذبة,2,Исследование не завершено
كاشف,2,Исследование не завершено
كالأعلام,2,Исследование не завершено
كالأنعام,2,Исследование не завершено
كالعهن,2,Исследование не завершено
كاملة,2,Исследование не завершено
كانا,2,Исследование не завершено
كبيرة,2,Исследование не завершено
كبيرهم,2,Исследование не завершено
كتابيه,2,Исследование не завершено
كتبت,2,Исследование не завершено
كدت,2,Исследование не завершено
كذابا,2,Исследование не завершено
كذبتم,2,Исследование не завершено
كراما,2,Исследование не завершено
كرسيه,2,Исследование не завершено
كرهوا,2,Исследование не завершено
كسالى,2,Исследование не завершено
كشجرة,2,Исследование не завершено
كشف,2,Исследование не завершено
كفارا,2,Исследование не завершено
كفرنا,2,Исследование не завершено
كفرهم,2,Исследование не завершено
كفوا,2,Исследование не завершено
كفيه,2,Исследование не завершено
كلم,2,Исследование не завершено
كلمح,2,Исследование не завершено
كماء,2,Исследование не завершено
كنتن,2,Исследование не завершено
كهفهم,2,Исследование не завершено
كهيئة,2,Исследование не завершено
كوكبا,2,Исследование не завершено
كيدكن,2,Исследование не завершено
كيده,2,Исследование не завершено
كيدهن,2,Исследование не завершено
كيدي,2,Исследование не завершено
لآبائهم,2,Исследование не завершено
لآت,2,Исследование не завершено
لآتية,2,Исследование не завершено
لآكلون,2,Исследование не завершено
لأحد,2,Исследование не завершено
لأزواجك,2,Исследование не завершено
لأصحاب,2,Исследование не завершено
لأظنك,2,Исследование не завершено
لأظنه,2,Исследование не завершено
لأقطعن,2,Исследование не завершено
لأكفرن,2,Исследование не завершено
لأماناتهم,2,Исследование не завершено
لأنت,2,Проверяемое соответствие не найдено. Все 2 вхождений — служебные формы или местоимения по QAC v0.4 (личное/притяжательное местоимение; https://corpus.quran.com/download/). Их грамматическая функция не задаёт независимой измеримой величины для сравнения с частотой.
لأنزل,2,Исследование не завершено
لإبراهيم,2,Исследование не завершено
لإلى,2,Проверяемое соответствие не найдено. Все 2 вхождений — служебные формы или местоимения по QAC v0.4 (предлог; https://corpus.quran.com/download/). Их грамматическая функция не задаёт независимой измеримой величины для сравнения с частотой.
لاعبين,2,Исследование не завершено
لافتدوا,2,Исследование не завершено
لامستم,2,Исследование не завершено
لبثنا,2,Исследование не завершено
لبدا,2,Исследование не завершено
لتأكلوا,2,Исследование не завершено
لتبلغوا,2,Исследование не завершено
لتبين,2,Исследование не завершено
لتجري,2,Исследование не завершено
لتسألن,2,Исследование не завершено
لتعودن,2,Исследование не завершено
لتكونن,2,Исследование не завершено
لتكونوا,2,Исследование не завершено
لجعلكم,2,Исследование не завершено
لجعلنا,2,Исследование не завершено
لجعلناه,2,Исследование не завершено
لحم,2,Исследование не завершено
لخبير,2,Исследование не завершено
لخلق,2,Исследование не завершено
لدن,2,Исследование не завершено
لدنه,2,Исследование не завершено
لدى,2,Исследование не завершено
لديه,2,Исследование не завершено
لذة,2,Исследование не завершено
لذكر,2,Исследование не завершено
لذكرى,2,Исследование не завершено
لذهب,2,Исследование не завершено
لربك,2,Исследование не завершено
لربه,2,Исследование не завершено
لربها,2,Исследование не завершено
لرجل,2,Исследование не завершено
لزاما,2,Исследование не завершено
لزلفى,2,Исследование не завершено
لسانا,2,Исследование не завершено
لساني,2,Исследование не завершено
لستم,2,Исследование не завершено
لسميع,2,Исследование не завершено
لسنة,2,Исследование не завершено
لسنت,2,Исследование не завершено
لصاحبه,2,Исследование не завершено
لضالون,2,Исследование не завершено
لعبادي,2,Исследование не завершено
لعفو,2,Исследование не завершено
لعلك,2,Проверяемое соответствие не найдено. Все 2 вхождений — служебные формы или местоимения по QAC v0.4 (грамматическая частица; https://corpus.quran.com/download/). Их грамматическая функция не задаёт независимой измеримой величины для сравнения с частотой.
لعن,2,Исследование не завершено
لعنا,2,Исследование не завершено
لعنه,2,Исследование не завершено
لغافلين,2,Исследование не завершено
لغني,2,Исследование не завершено
لغوب,2,Исследование не завершено
لفتاه,2,Исследование не завершено
لفرعون,2,Исследование не завершено
لفروجهم,2,Исследование не завершено
لفسدت,2,Исследование не завершено
لقمان,2,Исследование не завершено
لقوا,2,Исследование не завершено
لكبيرة,2,Исследование не завершено
لكبيركم,2,Исследование не завершено
لكفور,2,Исследование не завершено
لكلماته,2,Исследование не завершено
لكنت,2,Исследование не завершено
لكي,2,Проверяемое соответствие не найдено. Все 2 вхождений — служебные формы или местоимения по QAC v0.4 (подчинительная частица; https://corpus.quran.com/download/). Их грамматическая функция не задаёт независимой измеримой величины для сравнения с частотой.
للأذقان,2,Исследование не завершено
للإسلام,2,Исследование не завершено
للخير,2,Исследование не завершено
للرجال,2,Исследование не завершено
للسائل,2,Исследование не завершено
للسائلين,2,Исследование не завершено
للشمس,2,Исследование не завершено
للطائفين,2,Исследование не завершено
للطاغين,2,Исследование не завершено
للعباد,2,Исследование не завершено
للغيب,2,Исследование не завершено
للكذب,2,Исследование не завершено
للمجرمين,2,Исследование не завершено
للمحسنين,2,Исследование не завершено
للمسرفين,2,Исследование не завершено
للمسلمين,2,Исследование не завершено
للنبي,2,Исследование не завершено
لليسرى,2,Исследование не завершено
لمؤمن,2,Исследование не завершено
لمحضرون,2,Исследование не завершено
لمحيطة,2,Исследование не завершено
لمحيي,2,Исследование не завершено
لمسكم,2,Исследование не завершено
لمهتدون,2,Исследование не завершено
لميقاتنا,2,Исследование не завершено
لنبوئنهم,2,Исследование не завершено
لنفتنهم,2,Исследование не завершено
لهب,2,Исследование не завершено
لهداكم,2,Исследование не завершено
لهدى,2,Исследование не завершено
لهذا,2,Проверяемое соответствие не найдено. Все 2 вхождений — служебные формы или местоимения по QAC v0.4 (указательное местоимение; https://corpus.quran.com/download/). Их грамматическая функция не задаёт независимой измеримой величины для сравнения с частотой.
لوجدوا,2,Исследование не завершено
لولوا,2,Исследование не завершено
لوليه,2,Исследование не завершено
لونها,2,Исследование не завершено
ليأكلون,2,Исследование не завершено
ليؤمنن,2,Исследование не завершено
ليال,2,Исследование не завершено
ليتنا,2,Исследование не завершено
ليجزيهم,2,Исследование не завершено
ليجمعنكم,2,Исследование не завершено
ليخرجكم,2,Исследование не завершено
ليخرجن,2,Исследование не завершено
ليدحضوا,2,Исследование не завершено
ليدخل,2,Исследование не завершено
ليزدادوا,2,Исследование не завершено
ليست,2,Исследование не завершено
ليسوا,2,Исследование не завершено
ليضلوا,2,Исследование не завершено
ليطهركم,2,Исследование не завершено
ليعبدوا,2,Исследование не завершено
ليعذبهم,2,Исследование не завершено
ليقضي,2,Исследование не завершено
ليقطع,2,Исследование не завершено
ليكونوا,2,Исследование не завершено
لينذركم,2,Исследование не завершено
ليهديهم,2,Исследование не завершено
ليهلك,2,Исследование не завершено
مآبا,2,Исследование не завершено
مؤذن,2,Исследование не завершено
مؤصدة,2,Исследование не завершено
مائتين,2,Исследование не завершено
مائدة,2,Исследование не завершено
مات,2,Исследование не завершено
مبشرا,2,Исследование не завершено
مبعوثون,2,Исследование не завершено
متاعنا,2,Исследование не завершено
متبعون,2,Исследование не завершено
متتابعين,2,Исследование не завершено
مترفوها,2,Исследование не завершено
متشابه,2,Исследование не завершено
متعمدا,2,Исследование не завершено
متكبر,2,Исследование не завершено
متين,2,Исследование не завершено
مثقلون,2,Исследование не завершено
مجرمون,2,Исследование не завершено
مجمع,2,Исследование не завершено
مجيد,2,Исследование не завершено
محجورا,2,Исследование не завершено
محدث,2,Исследование не завершено
محرومون,2,Исследование не завершено
محصنين,2,Исследование не завершено
محله,2,Исследование не завершено
محيطا,2,Исследование не завершено
مختال,2,Исследование не завершено
مخلدون,2,Исследование не завершено
مخلقة,2,Исследование не завершено
مخمصة,2,Исследование не завершено
مد,2,Исследование не завершено
مدا,2,Исследование не завершено
مدبرا,2,Исследование не завершено
مددناها,2,Исследование не завершено
مذموما,2,Исследование не завершено
مرتفقا,2,Исследование не завершено
مرج,2,Исследование не завершено
مرحا,2,Исследование не завершено
مرحبا,2,Исследование не завершено
مرساها,2,Исследование не завершено
مرسل,2,Исследование не завершено
مرسلين,2,Исследование не завершено
مرقوم,2,Исследование не завершено
مزاجها,2,Исследование не завершено
مزيد,2,Исследование не завершено
مسافحين,2,Исследование не завершено
مساكين,2,Исследование не завершено
مستكبرا,2,Исследование не завершено
مستكبرون,2,Исследование не завершено
مستمر,2,Исследование не завершено
مسته,2,Исследование не завершено
مسجد,2,Исследование не завершено
مسجدا,2,Исследование не завершено
مسرف,2,Исследование не завершено
مسرفون,2,Исследование не завершено
مسرورا,2,Исследование не завершено
مسطورا,2,Исследование не завершено
مسكم,2,Исследование не завершено
مسكين,2,Исследование не завершено
مسلما,2,Исследование не завершено
مسنا,2,Исследование не завершено
مسودا,2,Исследование не завершено
مسومة,2,Исследование не завершено
مشتركون,2,Исследование не завершено
مشربهم,2,Исследование не завершено
مشرقين,2,Исследование не завершено
مشرك,2,Исследование не завершено
مشركة,2,Исследование не завершено
مشركون,2,Исследование не завершено
مشكورا,2,Исследование не завершено
مصفوفة,2,Исследование не завершено
مصلحون,2,Исследование не завершено
مضغة,2,Исследование не завершено
مضل,2,Исследование не завершено
مطلع,2,Исследование не завершено
معاذ,2,Исследование не завершено
معايش,2,Исследование не завершено
معجزي,2,Исследование не завершено
معجزين,2,Исследование не завершено
معذبهم,2,Исследование не завершено
معذرتهم,2,Исследование не завершено
معروشات,2,Исследование не завершено
معلومات,2,Исследование не завершено
مغرم,2,Исследование не завершено
مغلولة,2,Исследование не завершено
مغنون,2,Исследование не завершено
مفاتحه,2,Исследование не завершено
مفترى,2,Исследование не завершено
مفروضا,2,Исследование не завершено
مقاعد,2,Исследование не завершено
مقاليد,2,Исследование не завершено
مقاما,2,Исследование не завершено
مقامي,2,Исследование не завершено
مقتدر,2,Исследование не завершено
مقتصد,2,Исследование не завершено
مقداره,2,Исследование не завершено
مقضيا,2,Исследование не завершено
مكناكم,2,Исследование не завершено
ملتحدا,2,Исследование не завершено
ملتنا,2,Исследование не завершено
ملتهم,2,Исследование не завершено
ملجأ,2,Исследование не завершено
ملح,2,Исследование не завершено
ملقون,2,Исследование не завершено
ملوما,2,Исследование не завершено
ملومين,2,Исследование не завершено
مليم,2,Исследование не завершено
ممزق,2,Исследование не завершено
منازل,2,Исследование не завершено
مناع,2,Исследование не завершено
منثورا,2,Исследование не завершено
منزلين,2,Исследование не завершено
منسكا,2,Исследование не завершено
منضود,2,Исследование не завершено
منظرين,2,Исследование не завершено
منقلبون,2,Исследование не завершено
مننا,2,Исследование не завершено
منيبين,2,Исследование не завершено
منير,2,Исследование не завершено
منيرا,2,Исследование не завершено
مهدا,2,Исследование не завершено
مواخر,2,Исследование не завершено
موتتنا,2,Исследование не завершено
موته,2,Исследование не завершено
موتوا,2,Исследование не завершено
موثقا,2,Исследование не завершено
موعدهم,2,Исследование не завершено
موقنين,2,Исследование не завершено
مولانا,2,Исследование не завершено
مولاه,2,Исследование не завершено
مولاهم,2,Исследование не завершено
مولود,2,Исследование не завершено
ميتة,2,Исследование не завершено
ميثاقه,2,Исследование не завершено
ميراث,2,Исследование не завершено
ميقات,2,Исследование не завершено
نأتي,2,Исследование не завершено
نؤتيه,2,Исследование не завершено
نائمون,2,Исследование не завершено
ناصر,2,Исследование не завершено
نافقوا,2,Исследование не завершено
نافلة,2,Исследование не завершено
نباتا,2,Исследование не завершено
نباته,2,Исследование не завершено
نبدل,2,Исследование не завершено
نبشرك,2,Исследование не завершено
نبيهم,2,Исследование не завершено
نتخذ,2,Исследование не завершено
نتخذه,2,Исследование не завершено
نتربص,2,Исследование не завершено
نجانا,2,Исследование не завершено
نجاهم,2,Исследование не завершено
نجني,2,Исследование не завершено
نجواكم,2,Исследование не завершено
نجوى,2,Исследование не завершено
نجيا,2,Исследование не завершено
نحشر,2,Исследование не завершено
نحشرهم,2,Исследование не завершено
نخاف,2,Исследование не завершено
نخرج,2,Исследование не завершено
نخرجكم,2,Исследование не завершено
نخل,2,Исследование не завершено
نخوض,2,Исследование не завершено
ندخلها,2,Исследование не завершено
ندري,2,Исследование не завершено
نذرت,2,Исследование не завершено
نرد,2,Исследование не завершено
نرفع,2,Исследование не завершено
نزد,2,Исследование не завершено
نزله,2,Исследование не завершено
نسائهن,2,Исследование не завершено
نسبا,2,Исследование не завершено
نسفا,2,Исследование не завершено
نسقيكم,2,Исследование не завершено
نسمع,2,Исследование не завершено
نسيتم,2,Исследование не завершено
نصرنا,2,Исследование не завершено
نضربها,2,Исследование не завершено
نضرة,2,Исследование не завершено
نعجة,2,Исследование не завершено
نعد,2,Исследование не завершено
نعمتك,2,Исследование не завершено
نغفر,2,Исследование не завершено
نفر,2,Исследование не завершено
نفرا,2,Исследование не завершено
نفسها,2,Исследование не завершено
نفقة,2,Исследование не завершено
نقاتل,2,Исследование не завершено
نقضهم,2,Исследование не завершено
نقموا,2,Исследование не завершено
نقيرا,2,Исследование не завершено
نك,2,Исследование не завершено
نكاحا,2,Исследование не завершено
نكالا,2,Исследование не завершено
نكثوا,2,Исследование не завершено
نكذب,2,Исследование не завершено
نكفر,2,Исследование не завершено
نكون,2,Исследование не завершено
نمكن,2,Исследование не завершено
نملي,2,Исследование не завершено
نموت,2,Исследование не завершено
ننزل,2,Исследование не завершено
ننقصها,2,Исследование не завершено
نهارا,2,Исследование не завершено
نهلك,2,Исследование не завершено
نهيت,2,Исследование не завершено
نوحيه,2,Исследование не завершено
نورهم,2,Исследование не завершено
هامان,2,Исследование не завершено
هباء,2,Исследование не завершено
هداني,2,Исследование не завершено
هداي,2,Исследование не завершено
هذان,2,Проверяемое соответствие не найдено. Все 2 вхождений — служебные формы или местоимения по QAC v0.4 (указательное местоимение; https://corpus.quran.com/download/). Их грамматическая функция не задаёт независимой измеримой величины для сравнения с частотой.
هلم,2,Исследование не завершено
همت,2,Исследование не завершено
هوى,2,Исследование не завершено
هين,2,Исследование не завершено
هيهات,2,Исследование не завершено
وآتاكم,2,Исследование не завершено
وآتاني,2,Исследование не завершено
وآتوهم,2,Исследование не завершено
وآتيتم,2,Исследование не завершено
وآثارا,2,Исследование не завершено
وآمنتم,2,Исследование не завершено
وآياته,2,Исследование не завершено
وأبصر,2,Исследование не завершено
وأبناؤكم,2,Исследование не завершено
وأتبعوا,2,Исследование не завершено
وأتوا,2,Исследование не завершено
وأتوني,2,Исследование не завершено
وأجرا,2,Исследование не завершено
وأحسنوا,2,Исследование не завершено
وأحل,2,Исследование не завершено
وأخذ,2,Исследование не завершено
وأخواتكم,2,Исследование не завершено
وأخي,2,Исследование не завершено
وأدبارهم,2,Исследование не завершено
وأذنت,2,Исследование не завершено
وأرجلهم,2,Исследование не завершено
وأرسل,2,Исследование не завершено
وأزلفت,2,Исследование не завершено
وأزواجكم,2,Исследование не завершено
وأشهدوا,2,Исследование не завершено
وأصبح,2,Исследование не завершено
وأطعموا,2,Исследование не завершено
وأطهر,2,Исследование не завершено
وأقام,2,Исследование не завершено
وأقبل,2,Исследование не завершено
وأقرضوا,2,Исследование не завершено
وأقل,2,Исследование не завершено
وأكثر,2,Исследование не завершено
وأكن,2,Исследование не завершено
وألحقني,2,Исследование не завершено
وألق,2,Исследование не завершено
وألقوا,2,Исследование не завершено
وأملي,2,Исследование не завершено
وأنجينا,2,Исследование не завершено
وأنذرهم,2,Исследование не завершено
وأنشأنا,2,Исследование не завершено
وأنعام,2,Исследование не завершено
وأنهارا,2,Исследование не завершено
وأنى,2,Проверяемое соответствие не найдено. Все 2 вхождений — служебные формы или местоимения по QAC v0.4 (вопросительная частица/местоимение; https://corpus.quran.com/download/). Их грамматическая функция не задаёт независимой измеримой величины для сравнения с частотой.
وأني,2,Проверяемое соответствие не найдено. Все 2 вхождений — служебные формы или местоимения по QAC v0.4 (грамматическая частица; https://corpus.quran.com/download/). Их грамматическая функция не задаёт независимой измеримой величины для сравнения с частотой.
وأهليهم,2,Исследование не завершено
وأوتينا,2,Исследование не завершено
وأوحى,2,Исследование не завершено
وأوحي,2,Исследование не завершено
وأوذوا,2,Исследование не завершено
وأورثناها,2,Исследование не завершено
وأولادا,2,Исследование не завершено
وأيدناه,2,Исследование не завершено
وإخوانكم,2,Исследование не завершено
وإخوانهم,2,Исследование не завершено
وإقام,2,Исследование не завершено
وإلا,2,Проверяемое соответствие не найдено. Все 2 вхождений — служебные формы или местоимения по QAC v0.4 (исключительная частица; https://corpus.quran.com/download/). Их грамматическая функция не задаёт независимой измеримой величины для сравнения с частотой.
وإله,2,Исследование не завершено
وإلهكم,2,Исследование не завершено
وإنها,2,Проверяемое соответствие не найдено. Все 2 вхождений — служебные формы или местоимения по QAC v0.4 (грамматическая частица; https://corpus.quran.com/download/). Их грамматическая функция не задаёт независимой измеримой величины для сравнения с частотой.
وابتغ,2,Исследование не завершено
وابتغاء,2,Исследование не завершено
وابعث,2,Исследование не завершено
واتقى,2,Исследование не завершено
واجتنبوا,2,Исследование не завершено
واجعلنا,2,Исследование не завершено
واخشون,2,Исследование не завершено
واد,2,Исследование не завершено
وادع,2,Исследование не завершено
وادعوه,2,Исследование не завершено
واسأل,2,Исследование не завершено
واسألوا,2,Исследование не завершено
واستغنى,2,Исследование не завершено
واسجدوا,2,Исследование не завершено
واسمع,2,Исследование не завершено
واشهد,2,Исследование не завершено
واضمم,2,Исследование не завершено
واعملوا,2,Исследование не завершено
واغلظ,2,Исследование не завершено
واقترب,2,Исследование не завершено
والأبرص,2,Исследование не завершено
والأحبار,2,Исследование не завершено
والأعناب,2,Исследование не завершено
والأنصار,2,Исследование не завершено
والأولاد,2,Исследование не завершено
والإبكار,2,Исследование не завершено
والإكرام,2,Исследование не завершено
والإيمان,2,Исследование не завершено
والباقيات,2,Исследование не завершено
والبغي,2,Исследование не завершено
والتقوى,2,Исследование не завершено
والتوراة,2,Исследование не завершено
والتي,2,Проверяемое соответствие не найдено. Все 2 вхождений — служебные формы или местоимения по QAC v0.4 (относительное местоимение; https://corpus.quran.com/download/). Их грамматическая функция не задаёт независимой измеримой величины для сравнения с частотой.
والجار,2,Исследование не завершено
والحجارة,2,Исследование не завершено
والحساب,2,Исследование не завершено
والحمد,2,Исследование не завершено
والخامسة,2,Исследование не завершено
والخيل,2,Исследование не завершено
والدار,2,Исследование не завершено
والدواب,2,Исследование не завершено
والدي,2,Исследование не завершено
والركع,2,Исследование не завершено
والرمان,2,Исследование не завершено
والروح,2,Исследование не завершено
والزبر,2,Исследование не завершено
والزكاة,2,Исследование не завершено
والسابقون,2,Исследование не завершено
والساعة,2,Исследование не завершено
والسلام,2,Исследование не завершено
والشجر,2,Исследование не завершено
والشياطين,2,Исследование не завершено
والصابئين,2,Исследование не завершено
والصادقين,2,Исследование не завершено
والصالحين,2,Исследование не завершено
والصبح,2,Исследование не завершено
والطيبات,2,Исследование не завершено
والعشي,2,Исследование не завершено
والفتنة,2,Исследование не завершено
والفحشاء,2,Исследование не завершено
والفرقان,2,Исследование не завершено
والفضة,2,Исследование не завершено
والفلك,2,Исследование не завершено
والفواحش,2,Исследование не завершено
والقانتين,2,Исследование не завершено
والكفار,2,Исследование не завершено
واللائي,2,Проверяемое соответствие не найдено. Все 2 вхождений — служебные формы или местоимения по QAC v0.4 (относительное местоимение; https://corpus.quran.com/download/). Их грамматическая функция не задаёт независимой измеримой величины для сравнения с частотой.
واللاتي,2,"Проверяемое соответствие не найдено. Все 2 вхождений — служебные формы или местоимения по QAC v0.4 (условная частица/местоимение, относительное местоимение; https://corpus.quran.com/download/). Их грамматическая функция не задаёт независимой измеримой величины для сравнения с частотой."
والمؤتفكات,2,Исследование не завершено
والمحروم,2,Исследование не завершено
والمرجان,2,Исследование не завершено
والمستضعفين,2,Исследование не завершено
والمسجد,2,Исследование не завершено
والمسكين,2,Исследование не завершено
والمشركات,2,Исследование не завершено
والملك,2,Исследование не завершено
والنجم,2,Исследование не завершено
والنساء,2,Исследование не завершено
والهدي,2,Исследование не завершено
والولدان,2,Исследование не завершено
واليسع,2,Исследование не завершено
وامرأته,2,Исследование не завершено
وانصرنا,2,Исследование не завершено
وبأيمانهم,2,Исследование не завершено
وباءوا,2,Исследование не завершено
وباطل,2,Исследование не завершено
وبالحق,2,Исследование не завершено
وبرا,2,Исследование не завершено
وبرزت,2,Исследование не завершено
وبرزوا,2,Исследование не завершено
وبشير,2,Исследование не завершено
وبه,2,Проверяемое соответствие не найдено. Все 2 вхождений — служебные формы или местоимения по QAC v0.4 (личное/притяжательное местоимение; https://corpus.quran.com/download/). Их грамматическая функция не задаёт независимой измеримой величины для сравнения с частотой.
وتؤمنون,2,Исследование не завершено
وتب,2,Исследование не завершено
وتجعلون,2,Исследование не завершено
وتخرج,2,Исследование не завершено
وتراهم,2,Исследование не завершено
وتزهق,2,Исследование не завершено
وتصريف,2,Исследование не завершено
وتطمئن,2,Исследование не завершено
وتظنون,2,Исследование не завершено
وتفصيل,2,Исследование не завершено
وتفصيلا,2,Исследование не завершено
وتقطعوا,2,Исследование не завершено
وتكونوا,2,Исследование не завершено
وتنحتون,2,Исследование не завершено
وتنذر,2,Исследование не завершено
وتنسون,2,Исследование не завершено
وتوفنا,2,Исследование не завершено
وتولوا,2,Исследование не завершено
وثبت,2,Исследование не завершено
وثلاث,2,Исследование не завершено
وجاءتهم,2,Исследование не завершено
وجاوزنا,2,Исследование не завершено
وجبريل,2,Исследование не завершено
وجدتم,2,Исследование не завершено
وجدتموهم,2,Исследование не завершено
وجدها,2,Исследование не завершено
وجعلناكم,2,Исследование не завершено
وجلت,2,Исследование не завершено
وجمع,2,Исследование не завершено
وجنة,2,Исследование не завершено
وجنودهما,2,Исследование не завершено
وجهها,2,Исследование не завершено
وجهي,2,Исследование не завершено
وجيء,2,Исследование не завершено
وجيها,2,Исследование не завершено
وحفظا,2,Исследование не завершено
وحقت,2,Исследование не завершено
وحيث,2,Проверяемое соответствие не найдено. Все 2 вхождений — служебные формы или местоимения по QAC v0.4 (условная частица/местоимение; https://corpus.quran.com/download/). Их грамматическая функция не задаёт независимой измеримой величины для сравнения с частотой.
وختم,2,Исследование не завершено
وخر,2,Исследование не завершено
وخسر,2,Исследование не завершено
وخفية,2,Исследование не завершено
وخلقته,2,Исследование не завершено
ود,2,Исследование не завершено
ودا,2,Исследование не завершено
وراءكم,2,Исследование не завершено
وراءهم,2,Исследование не завершено
ورائه,2,Исследование не завершено
ورباع,2,Исследование не завершено
وربت,2,Исследование не завершено
ورد,2,Исследование не завершено
ورسلا,2,Исследование не завершено
ورسلي,2,Исследование не завершено
ورفاتا,2,Исследование не завершено
ورق,2,Исследование не завершено
وزروع,2,Исследование не завершено
وزكريا,2,Исследование не завершено
وزلزلوا,2,Исследование не завершено
وزنوا,2,Исследование не завершено
وزوجك,2,Исследование не завершено
وزوجناهم,2,Исследование не завершено
وزورا,2,Исследование не завершено
وزيرا,2,Исследование не завершено
وزيناها,2,Исследование не завершено
وزينة,2,Исследование не завершено
وسبحان,2,Исследование не завершено
وسبع,2,Исследование не завершено
وسعت,2,Исследование не завершено
وسعر,2,Исследование не завершено
وسعى,2,Исследование не завершено
وسلاما,2,Исследование не завершено
وسيعلم,2,Исследование не завершено
وسيق,2,Исследование не завершено
وشددنا,2,Исследование не завершено
وشراب,2,Исследование не завершено
وشفاء,2,Исследование не завершено
وشهد,2,Исследование не завершено
وصاحبته,2,Исследование не завершено
وصد,2,Исследование не завершено
وصرفنا,2,Исследование не завершено
وصلوات,2,Исследование не завершено
وصموا,2,Исследование не завершено
وصوركم,2,Исследование не завершено
وصينا,2,Исследование не завершено
وضاق,2,Исследование не завершено
وضاقت,2,Исследование не завершено
وضربت,2,Исследование не завершено
وضعتها,2,Исследование не завершено
وطبع,2,Исследование не завершено
وطرا,2,Исследование не завершено
وطفقا,2,Исследование не завершено
وظل,2,Исследование не завершено
وظللنا,2,Исследование не завершено
وظلموا,2,Исследование не завершено
وعاء,2,Исследование не завершено
وعادا,2,Исследование не завершено
وعتوا,2,Исследование не завершено
وعدكم,2,Исследование не завершено
وعدها,2,Исследование не завершено
وعدهم,2,Исследование не завершено
وعدوكم,2,Исследование не завершено
وعسى,2,Исследование не завершено
وعصوا,2,Исследование не завершено
وعصى,2,Исследование не завершено
وعصينا,2,Исследование не завершено
وعصيهم,2,Исследование не завершено
وعلم,2,Исследование не завершено
وعلمناه,2,Исследование не завершено
وعليه,2,Проверяемое соответствие не найдено. Все 2 вхождений — служебные формы или местоимения по QAC v0.4 (предлог; https://corpus.quran.com/download/). Их грамматическая функция не задаёт независимой измеримой величины для сравнения с частотой.
وعهدهم,2,Исследование не завершено
وغرتكم,2,Исследование не завершено
وفار,2,Исследование не завершено
وفتحت,2,Исследование не завершено
وفرحوا,2,Исследование не завершено
وفصاله,2,Исследование не завершено
وفضلناهم,2,Исследование не завершено
وفيكم,2,Проверяемое соответствие не найдено. Все 2 вхождений — служебные формы или местоимения по QAC v0.4 (предлог; https://corpus.quran.com/download/). Их грамматическая функция не задаёт независимой измеримой величины для сравнения с частотой.
وقاتلوهم,2,Исследование не завершено
وقارون,2,Исследование не завершено
وقبل,2,Исследование не завершено
وقتلهم,2,Исследование не завершено
وقتلوا,2,Исследование не завершено
وقذف,2,Исследование не завершено
وقر,2,Исследование не завершено
وقضينا,2,Исследование не завершено
وقطعناهم,2,Исследование не завершено
وقعت,2,Исследование не завершено
وقعودا,2,Исследование не завершено
وقفوا,2,Исследование не завершено
وقلن,2,Исследование не завершено
وقنا,2,Исследование не завершено
وقهم,2,Исследование не завершено
وقودها,2,Исследование не завершено
وقومهما,2,Исследование не завершено
وكتبنا,2,Исследование не завершено
وكرها,2,Исследование не завершено
وكرهوا,2,Исследование не завершено
وكفروا,2,Исследование не завершено
وكهلا,2,Исследование не завершено
ولآمرنهم,2,Исследование не завершено
ولأجر,2,Исследование не завершено
ولأصلبنكم,2,Исследование не завершено
ولأنعامكم,2,Исследование не завершено
ولؤلؤا,2,Исследование не завершено
ولباسهم,2,Исследование не завершено
ولتبلغوا,2,Исследование не завершено
ولتطمئن,2,Исследование не завершено
ولتعلمن,2,Исследование не завершено
ولدار,2,Исследование не завершено
ولدان,2,Исследование не завершено
ولدينا,2,Исследование не завершено
ولذي,2,Исследование не завершено
ولسليمان,2,Исследование не завершено
ولسوف,2,Исследование не завершено
ولعنهم,2,Исследование не завершено
ولقاء,2,Исследование не завершено
ولقائه,2,Исследование не завершено
ولكنكم,2,Проверяемое соответствие не найдено. Все 2 вхождений — служебные формы или местоимения по QAC v0.4 (грамматическая частица; https://corpus.quran.com/download/). Их грамматическая функция не задаёт независимой измеримой величины для сравнения с частотой.
وللآخرة,2,Исследование не завершено
وللنساء,2,Исследование не завершено
ولنبلونكم,2,Исследование не завершено
ولنذيقنهم,2,Исследование не завершено
ولها,2,Проверяемое соответствие не найдено. Все 2 вхождений — служебные формы или местоимения по QAC v0.4 (личное/притяжательное местоимение; https://corpus.quran.com/download/). Их грамматическая функция не задаёт независимой измеримой величины для сравнения с частотой.
ولهن,2,Проверяемое соответствие не найдено. Все 2 вхождений — служебные формы или местоимения по QAC v0.4 (личное/притяжательное местоимение; https://corpus.quran.com/download/). Их грамматическая функция не задаёт независимой измеримой величины для сравнения с частотой.
ولوالدي,2,Исследование не завершено
وليأخذوا,2,Исследование не завершено
وليتق,2,Исследование не завершено
وليتم,2,Исследование не завершено
وليزيدن,2,Исследование не завершено
وليقولوا,2,Исследование не завершено
وليمحص,2,Исследование не завершено
ولينا,2,Исследование не завершено
ولينذروا,2,Исследование не завершено
وليهم,2,Исследование не завершено
وليي,2,Исследование не завершено
ومأجوج,2,Исследование не завершено
ومأواكم,2,Исследование не завершено
ومثلا,2,Исследование не завершено
ومصدقا,2,Исследование не завершено
ومعصيت,2,Исследование не завершено
ومقام,2,Исследование не завершено
ومقاما,2,Исследование не завершено
ومنا,2,Проверяемое соответствие не найдено. Все 2 вхождений — служебные формы или местоимения по QAC v0.4 (предлог; https://corpus.quran.com/download/). Их грамматическая функция не задаёт независимой измеримой величины для сравнения с частотой.
ونأى,2,Исследование не завершено
ونادوا,2,Исследование не завершено
وناديناه,2,Исследование не завершено
ونبئهم,2,Исследование не завершено
ونجعل,2,Исследование не завершено
ونجعلهم,2,Исследование не завершено
ونجواهم,2,Исследование не завершено
ونحيا,2,Исследование не завершено
ونخل,2,Исследование не завершено
ونزع,2,Исследование не завершено
ونسي,2,Исследование не завершено
ونصحت,2,Исследование не завершено
ونصروا,2,Исследование не завершено
ونعلم,2,Исследование не завершено
ونعمة,2,Исследование не завершено
ونفخت,2,Исследование не завершено
ونقص,2,Исследование не завершено
ونقول,2,Исследование не завершено
ونميت,2,Исследование не завершено
ونور,2,Исследование не завершено
وهدوا,2,Исследование не завершено
وهموا,2,Исследование не завершено
وهن,2,Исследование не завершено
ووجدك,2,Исследование не завершено
ووجوه,2,Исследование не завершено
ووحينا,2,Исследование не завершено
ووفيت,2,Исследование не завершено
ووقاهم,2,Исследование не завершено
وولدا,2,Исследование не завершено
ويؤت,2,Исследование не завершено
ويؤخركم,2,Исследование не завершено
ويؤمن,2,Исследование не завершено
ويبشر,2,Исследование не завершено
ويبين,2,Исследование не завершено
ويتبع,2,Исследование не завершено
ويتخذ,2,Исследование не завершено
ويتم,2,Исследование не завершено
ويحذركم,2,Исследование не завершено
ويحلفون,2,Исследование не завершено
ويحيى,2,Исследование не завершено
ويدخلكم,2,Исследование не завершено
ويدخلهم,2,Исследование не завершено
ويدرءون,2,Исследование не завершено
ويذهب,2,Исследование не завершено
ويريكم,2,Исследование не завершено
ويستخلف,2,Исследование не завершено
ويستغفرون,2,Исследование не завершено
ويسخرون,2,Исследование не завершено
ويسعون,2,Исследование не завершено
ويضرب,2,Исследование не завершено
ويطوف,2,Исследование не завершено
ويعلمون,2,Исследование не завершено
ويعمل,2,Исследование не завершено
ويفسدون,2,Исследование не завершено
ويفعلون,2,Исследование не завершено
ويقذفون,2,Исследование не завершено
ويقطعون,2,Исследование не завершено
ويقيمون,2,Исследование не завершено
ويلعبوا,2,Исследование не завершено
ويلكم,2,Исследование не завершено
وينذرونكم,2,Исследование не завершено
ويهديكم,2,Исследование не завершено
ويهديهم,2,Исследование не завершено
ويونس,2,Исследование не завершено
يأب,2,Исследование не завершено
يأتيكما,2,Исследование не завершено
يأتينا,2,Исследование не завершено
يأتيني,2,Исследование не завершено
يأجوج,2,Исследование не завершено
يأخذهم,2,Исследование не завершено
يأفكون,2,Исследование не завершено
يأكله,2,Исследование не завершено
يأكلهن,2,Исследование не завершено
يؤاخذ,2,Исследование не завершено
يؤتى,2,Исследование не завершено
يؤتيهم,2,Исследование не завершено
يؤخر,2,Исследование не завершено
يؤده,2,Исследование не завершено
يؤفك,2,Исследование не завершено
يؤمرون,2,Исследование не завершено
يئس,2,Исследование не завершено
يئسوا,2,Исследование не завершено
يابسات,2,Исследование не завершено
يبايعونك,2,Исследование не завершено
يبدين,2,Исследование не завершено
يبشرك,2,Исследование не завершено
يبكون,2,Исследование не завершено
يتخافتون,2,Исследование не завершено
يتخذونك,2,Исследование не завершено
يتخذوه,2,Исследование не завершено
يتدبرون,2,Исследование не завершено
يتربصن,2,Исследование не завершено
يترقب,2,Исследование не завершено
يتزكى,2,Исследование не завершено
يتضرعون,2,Исследование не завершено
يتطهرون,2,Исследование не завершено
يتعد,2,Исследование не завершено
يتفطرن,2,Исследование не завершено
يتفكروا,2,Исследование не завершено
يتماسا,2,Исследование не завершено
يتنازعون,2,Исследование не завершено
يتوبوا,2,Исследование не завершено
يتوفون,2,Исследование не завершено
يتولون,2,Исследование не завершено
يتيما,2,Исследование не завершено
يجادلونك,2,Исследование не завершено
يجاهدوا,2,Исследование не завершено
يجتبي,2,Исследование не завершено
يجتنبون,2,Исследование не завершено
يجعلون,2,Исследование не завершено
يجمعكم,2,Исследование не завершено
يجير,2,Исследование не завершено
يحادون,2,Исследование не завершено
يحاوره,2,Исследование не завершено
يحدث,2,Исследование не завершено
يحذر,2,Исследование не завершено
يحذرون,2,Исследование не завершено
يحشر,2,Исследование не завершено
يحض,2,Исследование не завершено
يحملون,2,Исследование не завершено
يحيطون,2,Исследование не завершено
يخادعون,2,Исследование не завершено
يختص,2,Исследование не завершено
يخصفان,2,Исследование не завершено
يخوف,2,Исследование не завершено
يدخلوها,2,Исследование не завершено
يذهبن,2,Исследование не завершено
يذهبوا,2,Исследование не завершено
يذوقون,2,Исследование не завершено
ير,2,Исследование не завершено
يراءون,2,Исследование не завершено
يراكم,2,Исследование не завершено
يرثها,2,Исследование не завершено
يرثون,2,Исследование не завершено
يرحمكم,2,Исследование не завершено
يردون,2,Исследование не завершено
يرزقون,2,Исследование не завершено
يرفع,2,Исследование не завершено
يرونها,2,Исследование не завершено
يريدوا,2,Исследование не завершено
يزالون,2,Исследование не завершено
يزجي,2,Исследование не завершено
يزرون,2,Исследование не завершено
يزكى,2,Исследование не завершено
يزكي,2,Исследование не завершено
يزكيهم,2,Исследование не завершено
يزيدهم,2,Исследование не завершено
يسألك,2,Исследование не завершено
يسألكم,2,Исследование не завершено
يسبحن,2,Исследование не завершено
يستأذنك,2,Исследование не завершено
يستأذنونك,2,Исследование не завершено
يستجيب,2,Исследование не завершено
يستحيي,2,Исследование не завершено
يستخفون,2,Исследование не завершено
يستطع,2,Исследование не завершено
يستطيع,2,Исследование не завершено
يستعجل,2,Исследование не завершено
يستغفر,2,Исследование не завершено
يستغفرون,2,Исследование не завершено
يستنكف,2,Исследование не завершено
يستويان,2,Исследование не завершено
يسحبون,2,Исследование не завершено
يسرناه,2,Исследование не завершено
يسقون,2,Исследование не завершено
يسمعها,2,Исследование не завершено
يسمعوا,2,Исследование не завершено
يشإ,2,Исследование не завершено
يشاقق,2,Исследование не завершено
يشرب,2,Исследование не завершено
يصدر,2,Исследование не завершено
يصدعون,2,Исследование не завершено
يصدنك,2,Исследование не завершено
يصعد,2,Исследование не завершено
يصل,2,Исследование не завершено
يصلاها,2,Исследование не завершено
يصلح,2,Исследование не завершено
يصلحون,2,Исследование не завершено
يصلوا,2,Исследование не завершено
يصلي,2,Исследование не завершено
يصيبكم,2,Исследование не завершено
يضله,2,Исследование не завершено
يضلوك,2,Исследование не завершено
يطاف,2,Исследование не завершено
يطعم,2,Исследование не завершено
يطعمه,2,Исследование не завершено
يطمثهن,2,Исследование не завершено
يطوف,2,Исследование не завершено
يظاهرون,2,Исследование не завершено
يظن,2,Исследование не завершено
يظهر,2,Исследование не завершено
يعرشون,2,Исследование не завершено
يعرفونه,2,Исследование не завершено
يعزب,2,Исследование не завершено
يعطوا,2,Исследование не завершено
يعظم,2,Исследование не завершено
يعفو,2,Исследование не завершено
يعقب,2,Исследование не завершено
يعلمها,2,Исследование не завершено
يعودون,2,Исследование не завершено
يعيدكم,2,Исследование не завершено
يغرنكم,2,Исследование не завершено
يغشي,2,Исследование не завершено
يغيروا,2,Исследование не завершено
يغيظ,2,Исследование не завершено
يفتح,2,Исследование не завершено
يفترى,2,Исследование не завершено
يفتيكم,2,Исследование не завершено
يفرحون,2,Исследование не завершено
يفرقوا,2,Исследование не завершено
يفرقون,2,Исследование не завершено
يفعلوا,2,Исследование не завершено
يفلحون,2,Исследование не завершено
يقرءون,2,Исследование не завершено
يقرض,2,Исследование не завершено
يقص,2,Исследование не завершено
يقصون,2,Исследование не завершено
يقضى,2,Исследование не завершено
يقلب,2,Исследование не завершено
يكتب,2,Исследование не завершено
يكسب,2,Исследование не завершено
يكف,2,Исследование не завершено
يكلف,2,Исследование не завершено
يلبسون,2,Исследование не завершено
يلتفت,2,Исследование не завершено
يلحقوا,2,Исследование не завершено
يلقونه,2,Исследование не завершено
يلهث,2,Исследование не завершено
يمترون,2,Исследование не завершено
يمسسني,2,Исследование не завершено
يمسكهن,2,Исследование не завершено
يمسنا,2,Исследование не завершено
يمن,2,Исследование не завершено
ينادون,2,Исследование не завершено
ينال,2,Исследование не завершено
ينالهم,2,Исследование не завершено
ينالوا,2,Исследование не завершено
ينبأ,2,Исследование не завершено
ينبئكم,2,Исследование не завершено
ينتصرون,2,Исследование не завершено
ينته,2,Исследование не завершено
ينتهوا,2,Исследование не завершено
ينجيكم,2,Исследование не завершено
ينزغنك,2,Исследование не завершено
ينزفون,2,Исследование не завершено
ينسلون,2,Исследование не завершено
ينصرني,2,Исследование не завершено
ينصرونه,2,Исследование не завершено
ينصرونهم,2,Исследование не завершено
ينظروا,2,Исследование не завершено
ينقذون,2,Исследование не завершено
ينكثون,2,Исследование не завершено
ينكح,2,Исследование не завершено
ينهاكم,2,Исследование не завершено
ينيب,2,Исследование не завершено
يهتدوا,2,Исследование не завершено
يهدين,2,Исследование не завершено
يهديه,2,Исследование не завершено
يهرعون,2,Исследование не завершено
يهلكون,2,Исследование не завершено
يهيج,2,Исследование не завершено
يواري,2,Исследование не завершено
يوعظ,2,Исследование не завершено
يوف,2,Исследование не завершено
يوفون,2,Исследование не завершено
يوق,2,Исследование не завершено
يونس,2,Исследование не завершено
ييأس,2,Исследование не завершено
آباء,1,Исследование не завершено
آبائك,1,Исследование не завершено
آبائي,1,Исследование не завершено
آتاك,1,Исследование не завершено
آتانا,1,Исследование не завершено
آتاها,1,Исследование не завершено
آتت,1,Исследование не завершено
آتهم,1,Исследование не завершено
آتوا,1,Исследование не завершено
آتوه,1,Исследование не завершено
آتي,1,Исследование не завершено
آتيتك,1,Исследование не завершено
آتيتكم,1,Исследование не завершено
آتيتنا,1,Исследование не завершено
آتيتني,1,Исследование не завершено
آتيتهن,1,Исследование не завершено
آتيناها,1,Исследование не завершено
آتيه,1,Исследование не завершено
آتيهم,1,Исследование не завершено
آثار,1,Исследование не завершено
آثارهما,1,Исследование не завершено
آثرك,1,Исследование не завершено
آثم,1,Исследование не завершено
آثما,1,Исследование не завершено
آخذ,1,Исследование не завершено
آخذين,1,Исследование не завершено
آخران,1,Исследование не завершено
آخره,1,Исследование не завершено
آخرون,1,Исследование не завершено
آذاننا,1,Исследование не завершено
آذناك,1,Исследование не завершено
آذنتكم,1,Исследование не завершено
آذوا,1,Исследование не завершено
آذيتمونا,1,Исследование не завершено
آزر,1,Исследование не завершено
آسفونا,1,Исследование не завершено
آسن,1,Исследование не завершено
آسى,1,Исследование не завершено
آلهتي,1,Исследование не завершено
آمره,1,Исследование не завершено
آمنة,1,Исследование не завершено
آمنكم,1,Исследование не завершено
آمين,1,Исследование не завершено
آن,1,Исследование не завершено
آنس,1,Исследование не завершено
آنستم,1,Исследование не завершено
آنفا,1,Исследование не завершено
آنية,1,Исследование не завершено
آوي,1,Исследование не завершено
آياتها,1,Исследование не завершено
آيتين,1,Исследование не завершено
أآلهتنا,1,Исследование не завершено
أأتخذ,1,Исследование не завершено
أأرباب,1,Исследование не завершено
أأسجد,1,Исследование не завершено
أأسلمتم,1,Исследование не завершено
أأشفقتم,1,Исследование не завершено
أأشكر,1,Исследование не завершено
أأعجمي,1,Исследование не завершено
أأقررتم,1,Исследование не завершено
أألد,1,Исследование не завершено
أألقي,1,Исследование не завершено
أأمنتم,1,Исследование не завершено
أأنزل,1,Исследование не завершено
أؤنبئكم,1,Исследование не завершено
أئذا,1,Исследование не завершено
أئفكا,1,Исследование не завершено
أبابيل,1,Исследование не завершено
أباكم,1,Исследование не завершено
أبالله,1,Исследование не завершено
أباه,1,Исследование не завершено
أباهم,1,Исследование не завершено
أبتغي,1,Исследование не завершено
أبحر,1,Исследование не завершено
أبدله,1,Исследование не завершено
أبرئ,1,Исследование не завершено
أبرموا,1,Исследование не завершено
أبسلوا,1,Исследование не завершено
أبشر,1,Исследование не завершено
أبشرا,1,Исследование не завершено
أبشرتموني,1,Исследование не завершено
أبصار,1,Исследование не завершено
أبصاركم,1,Исследование не завершено
أبصارنا,1,Исследование не завершено
أبصارها,1,Исследование не завершено
أبصارهن,1,Исследование не завершено
أبصرنا,1,Исследование не завершено
أبغي,1,Исследование не завершено
أبغيكم,1,Исследование не завершено
أبق,1,Исследование не завершено
أبقى,1,Исследование не завершено
أبكارا,1,Исследование не завершено
أبكم,1,Исследование не завершено
أبلغه,1,Исследование не завершено
أبلغوا,1,Исследование не завершено
أبناءنا,1,Исследование не завершено
أبنائكم,1,Исследование не завершено
أبوك,1,Исследование не завершено
أبوهما,1,Исследование не завершено
أبويك,1,Исследование не завершено
أبويكم,1,Исследование не завершено
أبينا,1,Исследование не завершено
أبيهم,1,Исследование не завершено
أتأخذونه,1,Исследование не завершено
أتأمرون,1,Исследование не завершено
أتانا,1,Исследование не завершено
أتبعك,1,Исследование не завершено
أتبعه,1,Исследование не завершено
أتبنون,1,Исследование не завершено
أتت,1,Исследование не завершено
أتتخذ,1,Исследование не завершено
أتتخذنا,1,Исследование не завершено
أتتركون,1,Исследование не завершено
أتتك,1,Исследование не завершено
أتتكم,1,Исследование не завершено
أتتهم,1,Исследование не завершено
أتجادلونني,1,Исследование не завершено
أتجعل,1,Исследование не завершено
أتحاجوننا,1,Исследование не завершено
أتحاجوني,1,Исследование не завершено
أتحدثونهم,1,Исследование не завершено
أتخذتم,1,Исследование не завершено
أتخذناهم,1,Исследование не завершено
أتخشونهم,1,Исследование не завершено
أتدعون,1,Исследование не завершено
أتذر,1,Исследование не завершено
أتراب,1,Исследование не завершено
أترفتم,1,Исследование не завершено
أترفوا,1,Исследование не завершено
أتريد,1,Исследование не завершено
أتستبدلون,1,Исследование не завершено
أتصبرون,1,Исследование не завершено
أتعجبين,1,Исследование не завершено
أتعدانني,1,Исследование не завершено
أتقاكم,1,Исследование не завершено
أتقتلون,1,Исследование не завершено
أتقن,1,Исследование не завершено
أتل,1,Исследование не завершено
أتلو,1,Исследование не завершено
أتمدونن,1,Исследование не завершено
أتمم,1,Исследование не завершено
أتممت,1,Исследование не завершено
أتمها,1,Исследование не завершено
أتموا,1,Исследование не завершено
أتنبئون,1,Исследование не завершено
أتنهانا,1,Исследование не завершено
أتهتدي,1,Исследование не завершено
أتهلكنا,1,Исследование не завершено
أتواصوا,1,Исследование не завершено
أتوب,1,Исследование не завершено
أتوك,1,Исследование не завершено
أتوكأ,1,Исследование не завершено
أتوه,1,Исследование не завершено
أتيا,1,Исследование не завершено
أتيت,1,Исследование не завершено
أتين,1,Исследование не завершено
أثارة,1,Исследование не завершено
أثاما,1,Исследование не завершено
أثخنتموهم,1,Исследование не завершено
أثري,1,Исследование не завершено
أثقالكم,1,Исследование не завершено
أثقالها,1,Исследование не завершено
أثقلت,1,Исследование не завершено
أثم,1,Проверяемое соответствие не найдено. Все 1 вхождений — служебные формы или местоимения по QAC v0.4 (союз; https://corpus.quran.com/download/). Их грамматическая функция не задаёт независимой измеримой величины для сравнения с частотой.
أثيما,1,Исследование не завершено
أجاجا,1,Исследование не завершено
أجرمنا,1,Исследование не завершено
أجرها,1,Исследование не завершено
أجزعنا,1,Исследование не завершено
أجسامهم,1,Исследование не завершено
أجعلتم,1,Исследование не завершено
أجعلنا,1,Исследование не завершено
أجلنا,1,Исследование не завершено
أجمعوا,1,Исследование не завершено
أجنة,1,Исследование не завершено
أجنحة,1,Исследование не завершено
أجيب,1,Исследование не завершено
أجيبت,1,Исследование не завершено
أجيبوا,1,Исследование не завершено
أحبارهم,1,Исследование не завершено
أحدث,1,Исследование не завершено
أحدكما,1,Исследование не завершено
أحدنا,1,Исследование не завершено
أحرص,1,Исследование не завершено
أحس,1,Исследование не завершено
أحسب,1,Исследование не завершено
أحسنه,1,Исследование не завершено
أحسوا,1,Исследование не завершено
أحصاه,1,Исследование не завершено
أحصاها,1,Исследование не завершено
أحصاهم,1,Исследование не завершено
أحصرتم,1,Исследование не завершено
أحصروا,1,Исследование не завершено
أحصن,1,Исследование не завершено
أحصى,1,Исследование не завершено
أحضرت,1,Исследование не завершено
أحطت,1,Исследование не завершено
أحطنا,1,Исследование не завершено
أحقابا,1,Исследование не завершено
أحكم,1,Исследование не завершено
أحكمت,1,Исследование не завершено
أحلامهم,1,Исследование не завершено
أحللنا,1,Исследование не завершено
أحلنا,1,Исследование не завершено
أحمد,1,Исследование не завершено
أحمل,1,Исследование не завершено
أحملكم,1,Исследование не завершено
أحوى,1,Исследование не завершено
أحيا,1,Исследование не завершено
أحياكم,1,Исследование не завершено
أحياهم,1,Исследование не завершено
أحيط,1,Исследование не завершено
أحيي,1,Исследование не завершено
أحييناها,1,Исследование не завершено
أخا,1,Исследование не завершено
أخالفكم,1,Исследование не завершено
أخبارها,1,Исследование не завершено
أختك,1,Исследование не завершено
أخذا,1,Исследование не завершено
أخذة,1,Исследование не завершено
أخذتم,1,Исследование не завершено
أخذتها,1,Исследование не завершено
أخذه,1,Исследование не завершено
أخذوا,1,Исследование не завершено
أخراكم,1,Исследование не завершено
أخراهم,1,Исследование не завершено
أخرتن,1,Исследование не завершено
أخرتنا,1,Исследование не завершено
أخرتني,1,Исследование не завершено
أخرجت,1,Исследование не завершено
أخرجتك,1,Исследование не завершено
أخرجتم,1,Исследование не завершено
أخرجك,1,Исследование не завершено
أخرجكم,1,Исследование не завершено
أخرجني,1,Исследование не завершено
أخرجه,1,Исследование не завершено
أخرجوكم,1,Исследование не завершено
أخرجوهم,1,Исследование не завершено
أخرقتها,1,Исследование не завершено
أخزى,1,Исследование не завершено
أخزيته,1,Исследование не завершено
أخطأتم,1,Исследование не завершено
أخطأنا,1,Исследование не завершено
أخفي,1,Исследование не завершено
أخفيتم,1,Исследование не завершено
أخفيها,1,Исследование не завершено
أخلد,1,Исследование не завершено
أخلده,1,Исследование не завершено
أخلصناهم,1,Исследование не завершено
أخلفنا,1,Исследование не завершено
أخلفوا,1,Исследование не завершено
أخلق,1,Исследование не завершено
أخنه,1,Исследование не завершено
أخواتكم,1,Исследование не завершено
أخوالكم,1,Исследование не завершено
أخوك,1,Исследование не завершено
أخويكم,1,Исследование не завершено
أدباركم,1,Исследование не завершено
أدبارها,1,Исследование не завершено
أدخلني,1,Исследование не завершено
أدخلوا,1,Исследование не завершено
أدر,1,Исследование не завершено
أدراكم,1,Исследование не завершено
أدركه,1,Исследование не завершено
أدعوتموهم,1,Исследование не завершено
أدعياءكم,1,Исследование не завершено
أدعيائهم,1,Исследование не завершено
أدلك,1,Исследование не завершено
أدهى,1,Исследование не завершено
أدوا,1,Исследование не завершено
أذاعوا,1,Исследование не завершено
أذاقهم,1,Исследование не завершено
أذاهم,1,Исследование не завершено
أذبحك,1,Исследование не завершено
أذكركم,1,Исследование не завершено
أذكره,1,Исследование не завершено
أذنت,1,Исследование не завершено
أذنيه,1,Исследование не завершено
أذهب,1,Исследование не завершено
أذهبتم,1,Исследование не завершено
أرأيتك,1,Исследование не завершено
أرادا,1,Исследование не завершено
أراذلنا,1,Исследование не завершено
أراغب,1,Исследование не завершено
أراكهم,1,Исследование не завершено
أربى,1,Исследование не завершено
أرجائها,1,Исследование не завершено
أرجع,1,Исследование не завершено
أرجل,1,Исследование не завершено
أرجلكم,1,Исследование не завершено
أرحامهن,1,Исследование не завершено
أرداكم,1,Исследование не завершено
أردت,1,Исследование не завершено
أردن,1,Исследование не завершено
أردناه,1,Исследование не завершено
أرساها,1,Исследование не завершено
أرسلناه,1,Исследование не завершено
أرسلوا,1,Исследование не завершено
أرضا,1,Исследование не завершено
أرضعت,1,Исследование не завершено
أرضعن,1,Исследование не завершено
أرضعنكم,1,Исследование не завершено
أرضعيه,1,Исследование не завершено
أرضهم,1,Исследование не завершено
أرضي,1,Исследование не завершено
أرضيتم,1,Исследование не завершено
أركسهم,1,Исследование не завершено
أركسوا,1,Исследование не завершено
أرهطي,1,Исследование не завершено
أريكم,1,Исследование не завершено
أريناك,1,Исследование не завершено
أريناه,1,Исследование не завершено
أزا,1,Исследование не завершено
أزاغ,1,Исследование не завершено
أزري,1,Исследование не завершено
أزفت,1,Исследование не завершено
أزلفت,1,Исследование не завершено
أزواجهن,1,Исследование не завершено
أزيد,1,Исследование не завершено
أسأتم,1,Исследование не завершено
أسألك,1,Исследование не завершено
أسارى,1,Исследование не завершено
أسباب,1,Исследование не завершено
أسباطا,1,Исследование не завершено
أستجب,1,Исследование не завершено
أستخلصه,1,Исследование не завершено
أستغفر,1,Исследование не завершено
أستغفرت,1,Исследование не завершено
أستكبرت,1,Исследование не завершено
أسحر,1,Исследование не завершено
أسخط,1,Исследование не завершено
أسرف,1,Исследование не завершено
أسرفوا,1,Исследование не завершено
أسرهم,1,Исследование не завершено
أسروا,1,Исследование не завершено
أسفارا,1,Исследование не завершено
أسفارنا,1,Исследование не завершено
أسفر,1,Исследование не завершено
أسفى,1,Исследование не завершено
أسكنت,1,Исследование не завершено
أسكنوهن,1,Исследование не завершено
أسلحتهم,1,Исследование не завершено
أسلفت,1,Исследование не завершено
أسلفتم,1,Исследование не завершено
أسلما,1,Исследование не завершено
أسلمنا,1,Исследование не завершено
أسمائه,1,Исследование не завершено
أسمعهم,1,Исследование не завершено
أسورة,1,Исследование не завершено
أشاء,1,Исследование не завершено
أشداء,1,Исследование не завершено
أشدهما,1,Исследование не завершено
أشراطها,1,Исследование не завершено
أشركت,1,Исследование не завершено
أشركتمون,1,Исследование не завершено
أشركنا,1,Исследование не завершено
أشقاها,1,Исследование не завершено
أشكو,1,Исследование не завершено
أشهدتهم,1,Исследование не завершено
أشهدوا,1,Исследование не завершено
أشياء,1,Исследование не завершено
أشياعكم,1,Исследование не завершено
أصابت,1,Исследование не завершено
أصابته,1,Исследование не завершено
أصابه,1,Исследование не завершено
أصابها,1,Исследование не завершено
أصب,1,Исследование не завершено
أصبتم,1,Исследование не завершено
أصبح,1,Исследование не завершено
أصبحوا,1,Исследование не завершено
أصبرهم,1,Исследование не завершено
أصبناهم,1,Исследование не завершено
أصحابهم,1,Исследование не завершено
أصدقت,1,Исследование не завершено
أصطفى,1,Исследование не завершено
أصل,1,Исследование не завершено
أصلابكم,1,Исследование не завершено
أصلاتك,1,Исследование не завершено
أصلها,1,Исследование не завершено
أصنام,1,Исследование не завершено
أصنامكم,1,Исследование не завершено
أصواتكم,1,Исследование не завершено
أصواتهم,1,Исследование не завершено
أصوافها,1,Исследование не завершено
أصولها,1,Исследование не завершено
أصيب,1,Исследование не завершено
أضاء,1,Исследование не завершено
أضاءت,1,Исследование не завершено
أضاعوا,1,Исследование не завершено
أضحك,1,Исследование не завершено
أضطره,1,Исследование не завершено
أضعف,1,Исследование не завершено
أضغانكم,1,Исследование не завершено
أضغانهم,1,Исследование не завершено
أضلانا,1,Исследование не завершено
أضللتم,1,Исследование не завершено
أضللن,1,Исследование не завершено
أضلنا,1,Исследование не завершено
أضلني,1,Исследование не завершено
أضلوا,1,Исследование не завершено
أضلونا,1,Исследование не завершено
أضيع,1,Исследование не завершено
أطاع,1,Исследование не завершено
أطاعونا,1,Исследование не завершено
أطعتم,1,Исследование не завершено
أطعتموهم,1,Исследование не завершено
أطعمه,1,Исследование не завершено
أطعمهم,1,Исследование не завершено
أطعنكم,1,Исследование не завершено
أطغيته,1,Исследование не завершено
أطفأها,1,Исследование не завершено
أطمع,1,Исследование не завершено
أطوارا,1,Исследование не завершено
أظفركم,1,Исследование не завершено
أعثرنا,1,Исследование не завершено
أعجب,1,Исследование не завершено
أعجبكم,1,Исследование не завершено
أعجزت,1,Исследование не завершено
أعجلتم,1,Исследование не завершено
أعجلك,1,Исследование не завершено
أعجمي,1,Исследование не завершено
أعجميا,1,Исследование не завершено
أعرضتم,1,Исследование не завершено
أعز,1,Исследование не завершено
أعصر,1,Исследование не завершено
أعصي,1,Исследование не завершено
أعطوا,1,Исследование не завершено
أعطيناك,1,Исследование не завершено
أعظك,1,Исследование не завершено
أعظكم,1,Исследование не завершено
أعقابنا,1,Исследование не завершено
أعلنت,1,Исследование не завершено
أعلنتم,1,Исследование не завершено
أعمال,1,Исследование не завершено
أعمالا,1,Исследование не завершено
أعمامكم,1,Исследование не завершено
أعناق,1,Исследование не завершено
أعنده,1,Исследование не завершено
أعهد,1,Исследование не завершено
أعيبها,1,Исследование не завершено
أعيذها,1,Исследование не завершено
أعينهن,1,Исследование не завершено
أغرقناهم,1,Исследование не завершено
أغرقوا,1,Исследование не завершено
أغشيت,1,Исследование не завершено
أغفلنا,1,Исследование не завершено
أغلالا,1,Исследование не завершено
أغناهم,1,Исследование не завершено
أغنت,1,Исследование не завершено
أغني,1,Исследование не завершено
أغوينا,1,Исследование не завершено
أغويناهم,1,Исследование не завершено
أفأصفاكم,1,Исследование не завершено
أفأمنتم,1,Исследование не завершено
أفأنبئكم,1,Исследование не завершено
أفأنتم,1,Проверяемое соответствие не найдено. Все 1 вхождений — служебные формы или местоимения по QAC v0.4 (личное/притяжательное местоимение; https://corpus.quran.com/download/). Их грамматическая функция не задаёт независимой измеримой величины для сравнения с частотой.
أفاتخذتم,1,Исследование не завершено
أفاض,1,Исследование не завершено
أفاق,1,Исследование не завершено
أفبنعمة,1,Исследование не завершено
أفبهذا,1,Проверяемое соответствие не найдено. Все 1 вхождений — служебные формы или местоимения по QAC v0.4 (указательное местоимение; https://corpus.quran.com/download/). Их грамматическая функция не задаёт независимой измеримой величины для сравнения с частотой.
أفتأتون,1,Исследование не завершено
أفتؤمنون,1,Исследование не завершено
أفتتخذونه,1,Исследование не завершено
أفترى,1,Исследование не завершено
أفتطمعون,1,Исследование не завершено
أفتعبدون,1,Исследование не завершено
أفتمارونه,1,Исследование не завершено
أفتنا,1,Исследование не завершено
أفتهلكنا,1,Исследование не завершено
أفحسب,1,Исследование не завершено
أفحسبتم,1,Исследование не завершено
أفحكم,1,Исследование не завершено
أفسحر,1,Исследование не завершено
أفسدوها,1,Исследование не завершено
أفصح,1,Исследование не завершено
أفضى,1,Исследование не завершено
أفطال,1,Исследование не завершено
أفعصيت,1,Исследование не завершено
أفعيينا,1,Исследование не завершено
أفك,1,Исследование не завершено
أفكلما,1,Исследование не завершено
أفلت,1,Исследование не завершено
أفما,1,Проверяемое соответствие не найдено. Все 1 вхождений — служебные формы или местоимения по QAC v0.4 (отрицательная частица; https://corpus.quran.com/download/). Их грамматическая функция не задаёт независимой измеримой величины для сравнения с частотой.
أفنان,1,Исследование не завершено
أفنجعل,1,Исследование не завершено
أفنضرب,1,Исследование не завершено
أقبل,1,Исследование не завершено
أقبلنا,1,Исследование не завершено
أقتت,1,Исследование не завершено
أقتل,1,Исследование не завершено
أقتلت,1,Исследование не завершено
أقدامكم,1,Исследование не завершено
أقربهم,1,Исследование не завершено
أقررتم,1,Исследование не завершено
أقررنا,1,Исследование не завершено
أقطار,1,Исследование не завершено
أقطارها,1,Исследование не завершено
أقفالها,1,Исследование не завершено
أقلام,1,Исследование не завершено
أقلامهم,1,Исследование не завершено
أقلت,1,Исследование не завершено
أقلعي,1,Исследование не завершено
أقمتم,1,Исследование не завершено
أقواتها,1,Исследование не завершено
أقوم,1,Исследование не завершено
أك,1,Исследование не завершено
أكابر,1,Исследование не завершено
أكاد,1,Исследование не завершено
أكالون,1,Исследование не завершено
أكان,1,Исследование не завершено
أكبرنه,1,Исследование не завершено
أكذبتم,1,Исследование не завершено
أكرمكم,1,Исследование не завершено
أكرمن,1,Исследование не завершено
أكرمي,1,Исследование не завершено
أكره,1,Исследование не завершено
أكرهتنا,1,Исследование не завершено
أكفاركم,1,Исследование не завершено
أكفر,1,Исследование не завершено
أكفرت,1,Исследование не завершено
أكفرتم,1,Исследование не завершено
أكفره,1,Исследование не завершено
أكفلنيها,1,Исследование не завершено
أكلا,1,Исследование не завершено
أكلم,1,Исследование не завершено
أكمامها,1,Исследование не завершено
أكملت,1,Исследование не завершено
أكنانا,1,Исследование не завершено
أكننتم,1,Исследование не завершено
ألتناهم,1,Исследование не завершено
ألحقتم,1,Исследование не завершено
ألحقنا,1,Исследование не завершено
ألد,1,Исследование не завершено
ألربك,1,Исследование не завершено
ألزمناه,1,Исследование не завершено
ألست,1,Исследование не завершено
ألفا,1,Исследование не завершено
ألفافا,1,Исследование не завершено
ألفت,1,Исследование не завершено
ألفوا,1,Исследование не завершено
ألفين,1,Исследование не завершено
ألفينا,1,Исследование не завершено
ألقاه,1,Исследование не завершено
ألقاها,1,Исследование не завершено
ألقها,1,Исследование не завершено
ألقيا,1,Исследование не завершено
ألكم,1,Проверяемое соответствие не найдено. Все 1 вхождений — служебные формы или местоимения по QAC v0.4 (личное/притяжательное местоимение; https://corpus.quran.com/download/). Их грамматическая функция не задаёт независимой измеримой величины для сравнения с частотой.
ألهاكم,1,Исследование не завершено
ألهم,1,Проверяемое соответствие не найдено. Все 1 вхождений — служебные формы или местоимения по QAC v0.4 (личное/притяжательное местоимение; https://corpus.quran.com/download/). Их грамматическая функция не задаёт независимой измеримой величины для сравнения с частотой.
ألواح,1,Исследование не завершено
ألوف,1,Исследование не завершено
أمات,1,Исследование не завершено
أماته,1,Исследование не завершено
أماذا,1,Проверяемое соответствие не найдено. Все 1 вхождений — служебные формы или местоимения по QAC v0.4 (союз; https://corpus.quran.com/download/). Их грамматическая функция не задаёт независимой измеримой величины для сравнения с частотой.
أمامه,1,Исследование не завершено
أماناتكم,1,Исследование не завершено
أمانته,1,Исследование не завершено
أمانيهم,1,Исследование не завершено
أمتا,1,Исследование не завершено
أمتعكن,1,Исследование не завершено
أمتنا,1,Исследование не завершено
أمثلهم,1,Исследование не завершено
أمرتك,1,Исследование не завершено
أمرتني,1,Исследование не завершено
أمرتهم,1,Исследование не завершено
أمسكن,1,Исследование не завершено
أمسكهما,1,Исследование не завершено
أمشاج,1,Исследование не завершено
أمضي,1,Исследование не завершено
أمطرت,1,Исследование не завершено
أمعاءهم,1,Исследование не завершено
أملا,1,Исследование не завершено
أمليت,1,Исследование не завершено
أمنا,1,Исследование не завершено
أمنتكم,1,Исследование не завершено
أمنيته,1,Исследование не завершено
أمها,1,Исследование не завершено
أمهلهم,1,Исследование не завершено
أموت,1,Исследование не завершено
أميون,1,Исследование не завершено
أنبأك,1,Исследование не завершено
أنبأهم,1,Исследование не завершено
أنبئهم,1,Исследование не завершено
أنبئوني,1,Исследование не завершено
أنبائكم,1,Исследование не завершено
أنبائها,1,Исследование не завершено
أنبتت,1,Исследование не завершено
أنبتكم,1,Исследование не завершено
أنبتنا,1,Исследование не завершено
أنبنا,1,Исследование не завершено
أنتما,1,Проверяемое соответствие не найдено. Все 1 вхождений — служебные формы или местоимения по QAC v0.4 (личное/притяжательное местоимение; https://corpus.quran.com/download/). Их грамматическая функция не задаёт независимой измеримой величины для сравнения с частотой.
أنجاكم,1,Исследование не завершено
أنجانا,1,Исследование не завершено
أنجاهم,1,Исследование не завершено
أنجيتنا,1,Исследование не завершено
أنحن,1,Проверяемое соответствие не найдено. Все 1 вхождений — служебные формы или местоимения по QAC v0.4 (личное/притяжательное местоимение; https://corpus.quran.com/download/). Их грамматическая функция не задаёт независимой измеримой величины для сравнения с частотой.
أندعو,1,Исследование не завершено
أنذرتكم,1,Исследование не завершено
أنذركم,1,Исследование не завершено
أنذرناكم,1,Исследование не завершено
أنذرهم,1,Исследование не завершено
أنزلتموه,1,Исследование не завершено
أنزلناها,1,Исследование не завершено
أنزلني,1,Исследование не завершено
أنساب,1,Исследование не завершено
أنسانيه,1,Исследование не завершено
أنسجد,1,Исследование не завершено
أنسوكم,1,Исследование не завершено
أنشأتم,1,Исследование не завершено
أنشأناه,1,Исследование не завершено
أنشأناهن,1,Исследование не завершено
أنشأها,1,Исследование не завершено
أنشره,1,Исследование не завершено
أنصارا,1,Исследование не завершено
أنصتوا,1,Исследование не завершено
أنصح,1,Исследование не завершено
أنطعم,1,Исследование не завершено
أنطق,1,Исследование не завершено
أنطقنا,1,Исследование не завершено
أنظر,1,Исследование не завершено
أنظرني,1,Исследование не завершено
أنعام,1,Исследование не завершено
أنعامكم,1,Исследование не завершено
أنعامهم,1,Исследование не завершено
أنعمها,1,Исследование не завершено
أنفقت,1,Исследование не завершено
أنقض,1,Исследование не завершено
أنكاثا,1,Исследование не завершено
أنكالا,1,Исследование не завершено
أنكحك,1,Исследование не завершено
أنكر,1,Исследование не завершено
أنلزمكموها,1,Исследование не завершено
أننا,1,Проверяемое соответствие не найдено. Все 1 вхождений — служебные формы или местоимения по QAC v0.4 (грамматическая частица; https://corpus.quran.com/download/). Их грамматическая функция не задаёт независимой измеримой величины для сравнения с частотой.
أنهار,1,Исследование не завершено
أنهاكم,1,Исследование не завершено
أنهكما,1,Исследование не завершено
أهانن,1,Исследование не завершено
أهدك,1,Исследование не завершено
أهدكم,1,Исследование не завершено
أهديكم,1,Исследование не завершено
أهكذا,1,Проверяемое соответствие не найдено. Все 1 вхождений — служебные формы или местоимения по QAC v0.4 (указательное местоимение; https://corpus.quran.com/download/). Их грамматическая функция не задаёт независимой измеримой величины для сравнения с частотой.
أهلكت,1,Исследование не завершено
أهلكتهم,1,Исследование не завершено
أهلكني,1,Исследование не завершено
أهلهن,1,Исследование не завершено
أهليكم,1,Исследование не завершено
أهليهم,1,Исследование не завершено
أهمتهم,1,Исследование не завершено
أهواءكم,1,Исследование не завершено
أهون,1,Исследование не завершено
أهوى,1,Исследование не завершено
أوأمن,1,Исследование не завершено
أواه,1,Исследование не завершено
أوبي,1,Исследование не завершено
أوت,1,Исследование не завершено
أوتادا,1,Исследование не завершено
أوتوه,1,Исследование не завершено
أوتيت,1,Исследование не завершено
أوجفتم,1,Исследование не завершено
أوحيت,1,Исследование не завершено
أودية,1,Исследование не завершено
أوديتهم,1,Исследование не завершено
أوذي,1,Исследование не завершено
أوذينا,1,Исследование не завершено
أورثنا,1,Исследование не завершено
أورثوا,1,Исследование не завершено
أوزار,1,Исследование не завершено
أوزارا,1,Исследование не завершено
أوزارها,1,Исследование не завершено
أوسط,1,Исследование не завершено
أوسطهم,1,Исследование не завершено
أوعظت,1,Исследование не завершено
أوف,1,Исследование не завершено
أوفي,1,Исследование не завершено
أوقدوا,1,Исследование не завершено
أوكلما,1,Исследование не завершено
أولئكم,1,Проверяемое соответствие не найдено. Все 1 вхождений — служебные формы или местоимения по QAC v0.4 (указательное местоимение; https://corpus.quran.com/download/). Их грамматическая функция не задаёт независимой измеримой величины для сравнения с частотой.
أولات,1,Исследование не завершено
أولاهم,1,Исследование не завершено
أولاهما,1,Исследование не завершено
أولما,1,Исследование не завершено
أولياؤكم,1,Исследование не завершено
أولياؤه,1,Исследование не завершено
أوليائكم,1,Исследование не завершено
أوليائهم,1,Исследование не завершено
أوهن,1,Исследование не завершено
أوى,1,Исследование не завершено
أوينا,1,Исследование не завершено
أيأمركم,1,Исследование не завершено
أيا,1,Исследование не завершено
أيبتغون,1,Исследование не завершено
أيحب,1,Исследование не завершено
أيحسبون,1,Исследование не завершено
أيد,1,Исследование не завершено
أيدتك,1,Исследование не завершено
أيدك,1,Исследование не завершено
أيديهما,1,Исследование не завершено
أيشركون,1,Исследование не завершено
أيطمع,1,Исследование не завершено
أيعدكم,1,Исследование не завершено
أيقاظا,1,Исследование не завершено
أيما,1,"Проверяемое соответствие не найдено. Все 1 вхождений — служебные формы или местоимения по QAC v0.4 (условная частица/местоимение, дополнительная частица; https://corpus.quran.com/download/). Их грамматическая функция не задаёт независимой измеримой величины для сравнения с частотой."
أيمسكه,1,Исследование не завершено
أينا,1,Проверяемое соответствие не найдено. Все 1 вхождений — служебные формы или местоимения по QAC v0.4 (вопросительная частица/местоимение; https://corpus.quran.com/download/). Их грамматическая функция не задаёт независимой измеримой величины для сравнения с частотой.
أيوب,1,Исследование не завершено
أيود,1,Исследование не завершено
إثمه,1,Исследование не завершено
إجرامي,1,Исследование не завершено
إحداهن,1,Исследование не завершено
إخراج,1,Исследование не завершено
إخراجا,1,Исследование не завершено
إخراجكم,1,Исследование не завершено
إخراجهم,1,Исследование не завершено
إخوان,1,Исследование не завершено
إخوانكم,1,Исследование не завершено
إخوانهم,1,Исследование не завершено
إخوتك,1,Исследование не завершено
إخوتي,1,Исследование не завершено
إدا,1,Исследование не завершено
إدريس,1,Исследование не завершено
إذنه,1,Исследование не завершено
إرم,1,Исследование не завершено
إستبرق,1,Исследование не завершено
إسرارا,1,Исследование не завершено
إسرارهم,1,Исследование не завершено
إسرافا,1,Исследование не завершено
إسلامكم,1,Исследование не завершено
إسلامهم,1,Исследование не завершено
إصرا,1,Исследование не завершено
إصرهم,1,Исследование не завершено
إصري,1,Исследование не завершено
إعراضا,1,Исследование не завершено
إعراضهم,1,Исследование не завершено
إعصار,1,Исследование не завершено
إفكا,1,Исследование не завершено
إقامتكم,1,Исследование не завершено
إكراه,1,Исследование не завершено
إكراههن,1,Исследование не завершено
إل,1,Исследование не завершено
إلحافا,1,Исследование не завершено
إلياس,1,Исследование не завершено
إليكما,1,Проверяемое соответствие не найдено. Все 1 вхождений — служебные формы или местоимения по QAC v0.4 (предлог; https://corpus.quran.com/download/). Их грамматическая функция не задаёт независимой измеримой величины для сравнения с частотой.
إمام,1,Исследование не завершено
إمرا,1,Исследование не завершено
إناه,1,Исследование не завершено
إنسان,1,Исследование не завершено
إنسيا,1,Исследование не завершено
إنشاء,1,Исследование не завершено
إنهما,1,Проверяемое соответствие не найдено. Все 1 вхождений — служебные формы или местоимения по QAC v0.4 (грамматическая частица; https://corpus.quran.com/download/). Их грамматическая функция не задаёт независимой измеримой величины для сравнения с частотой.
إنهن,1,Проверяемое соответствие не найдено. Все 1 вхождений — служебные формы или местоимения по QAC v0.4 (грамматическая частица; https://corpus.quran.com/download/). Их грамматическая функция не задаёт независимой измеримой величины для сравнения с частотой.
إي,1,Проверяемое соответствие не найдено. Все 1 вхождений — служебные формы или местоимения по QAC v0.4 (частица ответа; https://corpus.quran.com/download/). Их грамматическая функция не задаёт независимой измеримой величины для сравнения с частотой.
إيابهم,1,Исследование не завершено
إياك,1,Проверяемое соответствие не найдено. Все 1 вхождений — служебные формы или местоимения по QAC v0.4 (личное/притяжательное местоимение; https://corpus.quran.com/download/). Их грамматическая функция не задаёт независимой измеримой величины для сравнения с частотой.
إيلافهم,1,Исследование не завершено
اؤتمن,1,Исследование не завершено
ائتيا,1,Исследование не завершено
ائذن,1,Исследование не завершено
ابتدعوها,1,Исследование не завершено
ابتغوا,1,Исследование не завершено
ابتغيت,1,Исследование не завершено
ابتلى,1,Исследование не завершено
ابتلي,1,Исследование не завершено
ابعث,1,Исследование не завершено
ابلعي,1,Исследование не завершено
ابنت,1,Исследование не завершено
ابنتي,1,Исследование не завершено
ابنك,1,Исследование не завершено
ابنه,1,Исследование не завершено
ابيضت,1,Исследование не завершено
اتباع,1,Исследование не завершено
اتبعتم,1,Исследование не завершено
اتبعتني,1,Исследование не завершено
اتبعكما,1,Исследование не завершено
اتبعن,1,Исследование не завершено
اتبعني,1,Исследование не завершено
اتبعوك,1,Исследование не завершено
اتبعون,1,Исследование не завершено
اتبعوهم,1,Исследование не завершено
اتخذها,1,Исследование не завершено
اتخذوني,1,Исследование не завершено
اتخذوه,1,Исследование не завершено
اتخذوها,1,Исследование не завершено
اتخذوهم,1,Исследование не завершено
اتخذي,1,Исследование не завершено
اتسق,1,Исследование не завершено
اتقيتن,1,Исследование не завершено
اتل,1,Исследование не завершено
اثاقلتم,1,Исследование не завершено
اثنا,1,Исследование не завершено
اثنان,1,Исследование не завершено
اثنتي,1,Исследование не завершено
اثني,1,Исследование не завершено
اجتباكم,1,Исследование не завершено
اجتبيتها,1,Исследование не завершено
اجتثت,1,Исследование не завершено
اجترحوا,1,Исследование не завершено
اجتمعت,1,Исследование не завершено
اجتمعوا,1,Исследование не завершено
اجعلوا,1,Исследование не завершено
اجهروا,1,Исследование не завершено
احتمل,1,Исследование не завершено
احتملوا,1,Исследование не завершено
احشروا,1,Исследование не завершено
احمل,1,Исследование не завершено
اخترتك,1,Исследование не завершено
اخترناهم,1,Исследование не завершено
اختصموا,1,Исследование не завершено
اختلافا,1,Исследование не завершено
اختلاق,1,Исследование не завершено
اختلط,1,Исследование не завершено
اختلفتم,1,Исследование не завершено
اخرجوا,1,Исследование не завершено
اخسئوا,1,Исследование не завершено
اخلفني,1,Исследование не завершено
ادارك,1,Исследование не завершено
اداركوا,1,Исследование не завершено
ادخل,1,Исследование не завершено
ادخلا,1,Исследование не завершено
ادخلي,1,Исследование не завершено
ادعهن,1,Исследование не завершено
ادعوني,1,Исследование не завершено
ادعوهم,1,Исследование не завершено
ادفعوا,1,Исследование не завершено
اذكر,1,Исследование не завершено
اذكرني,1,Исследование не завершено
ارتابوا,1,Исследование не завершено
ارتدوا,1,Исследование не завершено
ارجعون,1,Исследование не завершено
ارجعي,1,Исследование не завершено
ارحمهما,1,Исследование не завершено
اركب,1,Исследование не завершено
اركبوا,1,Исследование не завершено
اركض,1,Исследование не завершено
استأجرت,1,Исследование не завершено
استأجره,1,Исследование не завершено
استأذن,1,Исследование не завершено
استأذنك,1,Исследование не завершено
استأذنوك,1,Исследование не завершено
استبدال,1,Исследование не завершено
استجارك,1,Исследование не завершено
استجيب,1,Исследование не завершено
استحفظوا,1,Исследование не завершено
استحق,1,Исследование не завершено
استحقا,1,Исследование не завершено
استحوذ,1,Исследование не завершено
استحياء,1,Исследование не завершено
استخرجها,1,Исследование не завершено
استخلف,1,Исследование не завершено
استرق,1,Исследование не завершено
استزلهم,1,Исследование не завершено
استسقاه,1,Исследование не завершено
استسقى,1,Исследование не завершено
استضعفوني,1,Исследование не завершено
استطاع,1,Исследование не завершено
استطعما,1,Исследование не завершено
استطعنا,1,Исследование не завершено
استعجالهم,1,Исследование не завершено
استعجلتم,1,Исследование не завершено
استعلى,1,Исследование не завершено
استغفار,1,Исследование не завершено
استقر,1,Исследование не завершено
استكبر,1,Исследование не завершено
استكبرتم,1,Исследование не завершено
استكثرتم,1,Исследование не завершено
استمتعتم,1,Исследование не завершено
استمع,1,Исследование не завершено
استمعوه,1,Исследование не завершено
استنصره,1,Исследование не завершено
استنصروكم,1,Исследование не завершено
استنكفوا,1,Исследование не завершено
استهزئوا,1,Исследование не завершено
استهوته,1,Исследование не завершено
استوقد,1,Исследование не завершено
استويت,1,Исследование не завершено
استويتم,1,Исследование не завершено
استيأس,1,Исследование не завершено
استيأسوا,1,Исследование не завершено
اسطاعوا,1,Исследование не завершено
اسلك,1,Исследование не завершено
اسودت,1,Исследование не завершено
اشتدت,1,Исследование не завершено
اشترى,1,Исследование не завершено
اشتهت,1,Исследование не завершено
اشدد,1,Исследование не завершено
اشرح,1,Исследование не завершено
اشمأزت,1,Исследование не завершено
اشهدوا,1,Исследование не завершено
اصبر,1,Исследование не завершено
اصبروا,1,Исследование не завершено
اصرف,1,Исследование не завершено
اصطفاك,1,Исследование не завершено
اصطفاه,1,Исследование не завершено
اصطفيتك,1,Исследование не завершено
اصطفينا,1,Исследование не завершено
اصطفيناه,1,Исследование не завершено
اصنع,1,Исследование не завершено
اضربوه,1,Исследование не завершено
اضطررتم,1,Исследование не завершено
اطرحوه,1,Исследование не завершено
اطلعت,1,Исследование не завершено
اطمأن,1,Исследование не завершено
اطمأننتم,1,Исследование не завершено
اطمس,1,Исследование не завершено
اطيرنا,1,Исследование не завершено
اعبدوني,1,Исследование не завершено
اعتدوا,1,Исследование не завершено
اعتدينا,1,Исследование не завершено
اعتراك,1,Исследование не завершено
اعترفوا,1,Исследование не завершено
اعتزلتموهم,1,Исследование не завершено
اعتزلهم,1,Исследование не завершено
اعتزلوكم,1,Исследование не завершено
اعتمر,1,Исследование не завершено
اعدلوا,1,Исследование не завершено
اعمل,1,Исследование не завершено
اغترف,1,Исследование не завершено
اغدوا,1,Исследование не завершено
افتح,1,Исследование не завершено
افتدت,1,Исследование не завершено
افتدى,1,Исследование не завершено
افترينا,1,Исследование не завершено
افعل,1,Исследование не завершено
اقتتل,1,Исследование не завершено
اقتحم,1,Исследование не завершено
اقتده,1,Исследование не завершено
اقتربت,1,Исследование не завершено
اقترفتموها,1,Исследование не завершено
اقتلوه,1,Исследование не завершено
اقذفيه,1,Исследование не завершено
اقرءوا,1,Исследование не завершено
اقضوا,1,Исследование не завершено
اقعدوا,1,Исследование не завершено
اقنتي,1,Исследование не завершено
اكتالوا,1,Исследование не завершено
اكتتبها,1,Исследование не завершено
اكتسب,1,Исследование не завершено
اكتسبت,1,Исследование не завершено
اكتسبن,1,Исследование не завершено
اكشف,1,Исследование не завершено
اكفر,1,Исследование не завершено
الآثمين,1,Исследование не завершено
الآفاق,1,Исследование не завершено
الآفلين,1,Исследование не завершено
الآلهة,1,Исследование не завершено
الآمرون,1,Исследование не завершено
الآمنين,1,Исследование не завершено
الآية,1,Исследование не завершено
الأبتر,1,Исследование не завершено
الأبيض,1,Исследование не завершено
الأتقى,1,Исследование не завершено
الأثيم,1,Исследование не завершено
الأجل,1,Исследование не завершено
الأجلين,1,Исследование не завершено
الأحبار,1,Исследование не завершено
الأحلام,1,Исследование не завершено
الأحمال,1,Исследование не завершено
الأحياء,1,Исследование не завершено
الأخ,1,Исследование не завершено
الأخت,1,Исследование не завершено
الأختين,1,Исследование не завершено
الأخدود,1,Исследование не завершено
الأخسرين,1,Исследование не завершено
الأخضر,1,Исследование не завершено
الأخلاء,1,Исследование не завершено
الأذقان,1,Исследование не завершено
الأذل,1,Исследование не завершено
الأذلين,1,Исследование не завершено
الأرذلون,1,Исследование не завершено
الأسرى,1,Исследование не завершено
الأسفل,1,Исследование не завершено
الأسود,1,Исследование не завершено
الأشر,1,Исследование не завершено
الأشرار,1,Исследование не завершено
الأشهر,1,Исследование не завершено
الأصنام,1,Исследование не завершено
الأطفال,1,Исследование не завершено
الأعجمين,1,Исследование не завершено
الأعداء,1,Исследование не завершено
الأعز,1,Исследование не завершено
الأعناق,1,Исследование не завершено
الأغنياء,1,Исследование не завершено
الأفئدة,1,Исследование не завершено
الأقاويل,1,Исследование не завершено
الأقدام,1,Исследование не завершено
الأقدمون,1,Исследование не завершено
الأقربين,1,Исследование не завершено
الأقصى,1,Исследование не завершено
الأكرم,1,Исследование не завершено
الأكل,1,Исследование не завершено
الأكمام,1,Исследование не завершено
الأمانات,1,Исследование не завершено
الأمانة,1,Исследование не завершено
الأماني,1,Исследование не завершено
الأمد,1,Исследование не завершено
الأمل,1,Исследование не завершено
الأمم,1,Исследование не завершено
الأموات,1,Исследование не завершено
الأنامل,1,Исследование не завершено
الأهلة,1,Исследование не завершено
الأوثان,1,Исследование не завершено
الأوفى,1,Исследование не завершено
الأوليان,1,Исследование не завершено
الأيامى,1,Исследование не завершено
الأيد,1,Исследование не завершено
الأيدي,1,Исследование не завершено
الإربة,1,Исследование не завершено
الإصباح,1,Исследование не завершено
الإصلاح,1,Исследование не завершено
الإنفاق,1,Исследование не завершено
الاسم,1,Исследование не завершено
البائس,1,Исследование не завершено
البارئ,1,Исследование не завершено
البالغة,1,Исследование не завершено
البحران,1,Исследование не завершено
البدو,1,Исследование не завершено
البروج,1,Исследование не завершено
البسط,1,Исследование не завершено
البشير,1,Исследование не завершено
البطشة,1,Исследование не завершено
البغاء,1,Исследование не завершено
البغضاء,1,Исследование не завершено
البغي,1,Исследование не завершено
البقعة,1,Исследование не завершено
البكم,1,Исследование не завершено
البلاء,1,Исследование не завершено
البلدة,1,Исследование не завершено
البنين,1,Исследование не завершено
البوار,1,Исследование не завершено
البيان,1,Исследование не завершено
التائبون,1,Исследование не завершено
التابعين,1,Исследование не завершено
التجارة,1,Исследование не завершено
التذكرة,1,Исследование не завершено
التراب,1,Исследование не завершено
التراث,1,Исследование не завершено
التراقي,1,Исследование не завершено
التعفف,1,Исследование не завершено
التغابن,1,Исследование не завершено
التقتا,1,Исследование не завершено
التقيتم,1,Исследование не завершено
التكاثر,1,Исследование не завершено
التلاق,1,Исследование не завершено
التماثيل,1,Исследование не завершено
التناد,1,Исследование не завершено
التناوش,1,Исследование не завершено
التهلكة,1,Исследование не завершено
التوابين,1,Исследование не завершено
التوب,1,Исследование не завершено
الثابت,1,Исследование не завершено
الثاقب,1,Исследование не завершено
الثالثة,1,Исследование не завершено
الثرى,1,Исследование не завершено
الثقال,1,Исследование не завершено
الثقلان,1,Исследование не завершено
الثلاثة,1,Исследование не завершено
الثلثان,1,Исследование не завершено
الثمن,1,Исследование не завершено
الجارية,1,Исследование не завершено
الجان,1,Исследование не завершено
الجاهل,1,Исследование не завершено
الجبار,1,Исследование не завершено
الجدار,1,Исследование не завершено
الجرز,1,Исследование не завершено
الجزاء,1,Исследование не завершено
الجزية,1,Исследование не завершено
الجلاء,1,Исследование не завершено
الجمعة,1,Исследование не завершено
الجمل,1,Исследование не завершено
الجميل,1,Исследование не завершено
الجنات,1,Исследование не завершено
الجنب,1,Исследование не завершено
الجنود,1,Исследование не завершено
الجوارح,1,Исследование не завершено
الجودي,1,Исследование не завершено
الجوع,1,Исследование не завершено
الجياد,1,Исследование не завершено
الحاج,1,Исследование не завершено
الحاسبين,1,Исследование не завершено
الحافرة,1,Исследование не завершено
الحامدون,1,Исследование не завершено
الحب,1,Исследование не завершено
الحبك,1,Исследование не завершено
الحجارة,1,Исследование не завершено
الحجة,1,Исследование не завершено
الحجرات,1,Исследование не завершено
الحرم,1,Исследование не завершено
الحرور,1,Исследование не завершено
الحزبين,1,Исследование не завершено
الحسرة,1,Исследование не завершено
الحسنات,1,Исследование не завершено
الحسنيين,1,Исследование не завершено
الحشر,1,Исследование не завершено
الحصيد,1,Исследование не завершено
الحطب,1,Исследование не завершено
الحكام,1,Исследование не завершено
الحلقوم,1,Исследование не завершено
الحلية,1,Исследование не завершено
الحليم,1,Исследование не завершено
الحمار,1,Исследование не завершено
الحمية,1,Исследование не завершено
الحمير,1,Исследование не завершено
الحنث,1,Исследование не завершено
الحواريين,1,Исследование не завершено
الحوايا,1,Исследование не завершено
الحول,1,Исследование не завершено
الحيوان,1,Исследование не завершено
الخائضين,1,Исследование не завершено
الخاشعين,1,Исследование не завершено
الخاطئون,1,Исследование не завершено
الخاطئين,1,Исследование не завершено
الخالدون,1,Исследование не завершено
الخالدين,1,Исследование не завершено
الخالص,1,Исследование не завершено
الخالفين,1,Исследование не завершено
الخالق,1,Исследование не завершено
الخالية,1,Исследование не завершено
الخبء,1,Исследование не завершено
الخبيثات,1,Исследование не завершено
الخراصون,1,Исследование не завершено
الخرطوم,1,Исследование не завершено
الخصم,1,Исследование не завершено
الخطفة,1,Исследование не завершено
الخلطاء,1,Исследование не завершено
الخلود,1,Исследование не завершено
الخناس,1,Исследование не завершено
الخياط,1,Исследование не завершено
الخيام,1,Исследование не завершено
الخيل,1,Исследование не завершено
الداخلين,1,Исследование не завершено
الداعي,1,Исследование не завершено
الدبر,1,Исследование не завершено
الدرك,1,Исследование не завершено
الدماء,1,Исследование не завершено
الدوائر,1,Исследование не завершено
الديار,1,Исследование не завершено
الذباب,1,Исследование не завершено
الذكران,1,Исследование не завершено
الذكور,1,Исследование не завершено
الذنب,1,Исследование не завершено
الرأس,1,Исследование не завершено
الرأي,1,Исследование не завершено
الراجفة,1,Исследование не завершено
الرادفة,1,Исследование не завершено
الراسخون,1,Исследование не завершено
الراشدون,1,Исследование не завершено
الراكعون,1,Исследование не завершено
الربانيون,1,Исследование не завершено
الرجع,1,Исследование не завершено
الرجعى,1,Исследование не завершено
الرزاق,1,Исследование не завершено
الرسولا,1,Исследование не завершено
الرشيد,1,Исследование не завершено
الرعاء,1,Исследование не завершено
الرعد,1,Исследование не завершено
الرفث,1,Исследование не завершено
الرفد,1,Исследование не завершено
الرقيب,1,Исследование не завершено
الرهب,1,Исследование не завершено
الروع,1,Исследование не завершено
الروم,1,Исследование не завершено
الزاد,1,Исследование не завершено
الزارعون,1,Исследование не завершено
الزاني,1,Исследование не завершено
الزانية,1,Исследование не завершено
الزاهدين,1,Исследование не завершено
الزبانية,1,Исследование не завершено
الزبد,1,Исследование не завершено
الزبور,1,Исследование не завершено
الزجاجة,1,Исследование не завершено
الزراع,1,Исследование не завершено
الزرع,1,Исследование не завершено
الزنى,1,Исследование не завершено
الزينة,1,Исследование не завершено
السائحون,1,Исследование не завершено
السائل,1,Исследование не завершено
السابقون,1,Исследование не завершено
الساجدون,1,Исследование не завершено
الساحرون,1,Исследование не завершено
الساخرين,1,Исследование не завершено
الساق,1,Исследование не завершено
السبل,1,Исследование не завершено
السبيلا,1,Исследование не завершено
السجل,1,Исследование не завершено
السدرة,1,Исследование не завершено
السدين,1,Исследование не завершено
السراء,1,Исследование не завершено
السرائر,1,Исследование не завершено
السرد,1,Исследование не завершено
السعي,1,Исследование не завершено
السفلى,1,Исследование не завершено
السقاية,1,Исследование не завершено
السقف,1,Исследование не завершено
السوأى,1,Исследование не завершено
السوي,1,Исследование не завершено
السيارة,1,Исследование не завершено
السير,1,Исследование не завершено
السيل,1,Исследование не завершено
الشافعين,1,Исследование не завершено
الشتاء,1,Исследование не завершено
الشح,1,Исследование не завершено
الشراب,1,Исследование не завершено
الشرك,1,Исследование не завершено
الشعر,1,Исследование не завершено
الشعرى,1,Исследование не завершено
الشقة,1,Исследование не завершено
الشكور,1,Исследование не завершено
الشهور,1,Исследование не завершено
الشوكة,1,Исследование не завершено
الصاخة,1,Исследование не завершено
الصافنات,1,Исследование не завершено
الصافون,1,Исследование не завершено
الصالح,1,Исследование не завершено
الصخر,1,Исследование не завершено
الصخرة,1,Исследование не завершено
الصدع,1,Исследование не завершено
الصدفين,1,Исследование не завершено
الصدق,1,Исследование не завершено
الصديق,1,Исследование не завершено
الصديقون,1,Исследование не завершено
الصرح,1,Исследование не завершено
الصفا,1,Исследование не завершено
الصفح,1,Исследование не завершено
الصلب,1,Исследование не завершено
الصلوات,1,Исследование не завершено
الصمد,1,Исследование не завершено
الضأن,1,Исследование не завершено
الضراء,1,Исследование не завершено
الضرر,1,Исследование не завершено
الضعف,1,Исследование не завершено
الطائفتين,1,Исследование не завершено
الطارق,1,Исследование не завершено
الطالب,1,Исследование не завершено
الطامة,1,Исследование не завершено
الطريقة,1,Исследование не завершено
الطفل,1,Исследование не завершено
الظانين,1,Исследование не завершено
الظلة,1,Исследование не завершено
الظمآن,1,Исследование не завершено
الظنونا,1,Исследование не завершено
الظهيرة,1,Исследование не завершено
العابدون,1,Исследование не завершено
العابدين,1,Исследование не завершено
العادين,1,Исследование не завершено
العاقبة,1,Исследование не завершено
العاكف,1,Исследование не завершено
العالمون,1,Исследование не завершено
العالين,1,Исследование не завершено
العاملون,1,Исследование не завершено
العدو,1,Исследование не завершено
العرم,1,Исследование не завершено
العزم,1,Исследование не завершено
العسرة,1,Исследование не завершено
العشاء,1,Исследование не завершено
العشار,1,Исследование не завершено
العشير,1,Исследование не завершено
العصف,1,Исследование не завершено
العظم,1,Исследование не завершено
العقد,1,Исследование не завершено
العقيم,1,Исследование не завершено
العلقة,1,Исследование не завершено
العلماء,1,Исследование не завершено
العليا,1,Исследование не завершено
العماد,1,Исследование не завершено
العمى,1,Исследование не завершено
العنت,1,Исследование не завершено
العين,1,Исследование не завершено
العيون,1,Исследование не завершено
الغائبين,1,Исследование не завершено
الغار,1,Исследование не завершено
الغاشية,1,Исследование не завершено
الغافرين,1,Исследование не завершено
الغافلات,1,Исследование не завершено
الغاوون,1,Исследование не завершено
الغراب,1,Исследование не завершено
الغربي,1,Исследование не завершено
الغرفات,1,Исследование не завершено
الغرفة,1,Исследование не завершено
الغرق,1,Исследование не завершено
الغروب,1,Исследование не завершено
الغضب,1,Исследование не завершено
الغلام,1,Исследование не завершено
الفؤاد,1,Исследование не завершено
الفئتان,1,Исследование не завершено
الفاتحين,1,Исследование не завершено
الفاصلين,1,Исследование не завершено
الفتاح,1,Исследование не завершено
الفتية,1,Исследование не завершено
الفجرة,1,Исследование не завершено
الفرار,1,Исследование не завершено
الفراق,1,Исследование не завершено
الفرحين,1,Исследование не завершено
الفريضة,1,Исследование не завершено
الفزع,1,Исследование не завершено
الفسوق,1,Исследование не завершено
الفقر,1,Исследование не завершено
الفقير,1,Исследование не завершено
الفلق,1,Исследование не завершено
الفيل,1,Исследование не завершено
القادر,1,Исследование не завершено
القادرون,1,Исследование не завершено
القاضية,1,Исследование не завершено
القاعدون,1,Исследование не завершено
القالين,1,Исследование не завершено
القانتين,1,Исследование не завершено
القانطين,1,Исследование не завершено
القانع,1,Исследование не завершено
القبلة,1,Исследование не завершено
القتلى,1,Исследование не завершено
القدير,1,Исследование не завершено
القرح,1,Исследование не завершено
القردة,1,Исследование не завершено
القريتين,1,Исследование не завершено
القرين,1,Исследование не завершено
القسط,1,Исследование не завершено
القسمة,1,Исследование не завершено
القصوى,1,Исследование не завершено
القطر,1,Исследование не завершено
القلائد,1,Исследование не завершено
القلب,1,Исследование не завершено
القوى,1,Исследование не завершено
القيمة,1,Исследование не завершено
الكذاب,1,Исследование не завершено
الكرة,1,Исследование не завершено
الكعبين,1,Исследование не завершено
الكفرة,1,Исследование не завершено
الكفور,1,Исследование не завершено
الكلالة,1,Исследование не завершено
الكلب,1,Исследование не завершено
الكنس,1,Исследование не завершено
الكنوز,1,Исследование не завершено
الكوافر,1,Исследование не завершено
الكوثر,1,Исследование не завершено
اللات,1,Исследование не завершено
اللاعبين,1,Исследование не завершено
اللاعنون,1,Исследование не завершено
اللذين,1,Проверяемое соответствие не найдено. Все 1 вхождений — служебные формы или местоимения по QAC v0.4 (относительное местоимение; https://corpus.quran.com/download/). Их грамматическая функция не задаёт независимой измеримой величины для сравнения с частотой.
اللمم,1,Исследование не завершено
اللهب,1,Исследование не завершено
اللهو,1,Исследование не завершено
اللوامة,1,Исследование не завершено
المآب,1,Исследование не завершено
المؤمن,1,Исследование не завершено
الماعون,1,Исследование не завершено
الماهدون,1,Исследование не завершено
المباركة,1,Исследование не завершено
المبثوث,1,Исследование не завершено
المبذرين,1,Исследование не завершено
المتربصين,1,Исследование не завершено
المتصدقين,1,Исследование не завершено
المتطهرين,1,Исследование не завершено
المتعال,1,Исследование не завершено
المتكبر,1,Исследование не завершено
المتكلفين,1,Исследование не завершено
المتلقيان,1,Исследование не завершено
المتنافسون,1,Исследование не завершено
المتوكلين,1,Исследование не завершено
المتين,1,Исследование не завершено
المثاني,1,Исследование не завершено
المثلات,1,Исследование не завершено
المثلى,1,Исследование не завершено
المجالس,1,Исследование не завершено
المجرم,1,Исследование не завершено
المجيبون,1,Исследование не завершено
المحال,1,Исследование не завершено
المحتظر,1,Исследование не завершено
المحرم,1,Исследование не завершено
المخاض,1,Исследование не завершено
المخبتين,1,Исследование не завершено
المخرجين,1,Исследование не завершено
المخسرين,1,Исследование не завершено
المدثر,1,Исследование не завершено
المدحضين,1,Исследование не завершено
المر,1,Исследование не завершено
المراضع,1,Исследование не завершено
المرافق,1,Исследование не завершено
المرجومين,1,Исследование не завершено
المرضى,1,Исследование не завершено
المرعى,1,Исследование не завершено
المرفود,1,Исследование не завершено
المرفوع,1,Исследование не завершено
المزمل,1,Исследование не завершено
المزن,1,Исследование не завершено
المس,1,Исследование не завершено
المساق,1,Исследование не завершено
المسبحون,1,Исследование не завершено
المسبحين,1,Исследование не завершено
المستأخرين,1,Исследование не завершено
المستبين,1,Исследование не завершено
المستضعفين,1,Исследование не завершено
المستقدمين,1,Исследование не завершено
المستقر,1,Исследование не завершено
المستكبرين,1,Исследование не завершено
المستهزئين,1,Исследование не завершено
المسجور,1,Исследование не завершено
المسجونين,1,Исследование не завершено
المسخر,1,Исследование не завершено
المسكنة,1,Исследование не завершено
المسلمون,1,Исследование не завершено
المسومة,1,Исследование не завершено
المسيء,1,Исследование не завершено
المشركات,1,Исследование не завершено
المشعر,1,Исследование не завершено
المص,1,Исследование не завершено
المصباح,1,Исследование не завершено
المصطفين,1,Исследование не завершено
المصلح,1,Исследование не завершено
المصور,1,Исследование не завершено
المصيطرون,1,Исследование не завершено
المضطر,1,Исследование не завершено
المضعفون,1,Исследование не завершено
المضغة,1,Исследование не завершено
المضلين,1,Исследование не завершено
المطمئنة,1,Исследование не завершено
المطهرون,1,Исследование не завершено
المطهرين,1,Исследование не завершено
المطوعين,1,Исследование не завершено
المعارج,1,Исследование не завершено
المعتبين,1,Исследование не завершено
المعتدون,1,Исследование не завершено
المعذبين,1,Исследование не завершено
المعذرون,1,Исследование не завершено
المعروف,1,Исследование не завершено
المعز,1,Исследование не завершено
المعصرات,1,Исследование не завершено
المعمور,1,Исследование не завершено
المعوقين,1,Исследование не завершено
المغرب,1,Исследование не завершено
المغربين,1,Исследование не завершено
المغرقين,1,Исследование не завершено
المغشي,1,Исследование не завершено
المغضوب,1,Исследование не завершено
المفترين,1,Исследование не завершено
المفتون,1,Исследование не завершено
المفر,1,Исследование не завершено
المفسد,1,Исследование не завершено
المفسدون,1,Исследование не завершено
المفلحين,1,Исследование не завершено
المقابر,1,Исследование не завершено
المقامة,1,Исследование не завершено
المقبوحين,1,Исследование не завершено
المقتر,1,Исследование не завершено
المقتسمين,1,Исследование не завершено
المقدسة,1,Исследование не завершено
المقنطرة,1,Исследование не завершено
المكذبون,1,Исследование не завершено
المكنون,1,Исследование не завершено
المكيدون,1,Исследование не завершено
الملة,1,Исследование не завершено
الملعونة,1,Исследование не завершено
الملقين,1,Исследование не завершено
الملكين,1,Исследование не завершено
الملوك,1,Исследование не завершено
الممات,1,Исследование не завершено
المناد,1,Исследование не завершено
المنام,1,Исследование не завершено
المنتصرين,1,Исследование не завершено
المنزلون,1,Исследование не завершено
المنشآت,1,Исследование не завершено
المنشئون,1,Исследование не завершено
المنصورون,1,Исследование не завершено
المنفوش,1,Исследование не завершено
المنون,1,Исследование не завершено
المهتدون,1,Исследование не завершено
المهتدي,1,Исследование не завершено
المهلكين,1,Исследование не завершено
المهيمن,1,Исследование не завершено
الموءودة,1,Исследование не завершено
الموازين,1,Исследование не завершено
الموالي,1,Исследование не завершено
الموتة,1,Исследование не завершено
المودة,1,Исследование не завершено
المورود,1,Исследование не завершено
الموسع,1,Исследование не завершено
الموعود,1,Исследование не завершено
الموقدة,1,Исследование не завершено
الموقنين,1,Исследование не завершено
المولود,1,Исследование не завершено
الميثاق,1,Исследование не завершено
الميل,1,Исследование не завершено
النادمين,1,Исследование не завершено
الناصرين,1,Исследование не завершено
الناظرين,1,Исследование не завершено
الناقور,1,Исследование не завершено
النبإ,1,Исследование не завершено
النجاة,1,Исследование не завершено
النجدين,1,Исследование не завершено
النجم,1,Исследование не завершено
النحل,1,Исследование не завершено
النخيل,1,Исследование не завершено
النسوة,1,Исследование не завершено
النسيء,1,Исследование не завершено
النصب,1,Исследование не завершено
النصف,1,Исследование не завершено
النطفة,1,Исследование не завершено
النعاس,1,Исследование не завершено
النعم,1,Исследование не завершено
النعمة,1,Исследование не завершено
النفاثات,1,Исследование не завершено
النفاق,1,Исследование не завершено
النفوس,1,Исследование не завершено
النون,1,Исследование не завершено
الهالكين,1,Исследование не завершено
الهدهد,1,Исследование не завершено
الهيم,1,Исследование не завершено
الواد,1,Исследование не завершено
الوارث,1,Исследование не завершено
الواعظين,1,Исследование не завершено
الوالدين,1,Исследование не завершено
الوتين,1,Исследование не завершено
الوثاق,1,Исследование не завершено
الوحوش,1,Исследование не завершено
الودود,1,Исследование не завершено
الورد,1,Исследование не завершено
الوريد,1,Исследование не завершено
الوزن,1,Исследование не завершено
الوسطى,1,Исследование не завершено
الوسواس,1,Исследование не завершено
الوقود,1,Исследование не завершено
الوكيل,1,Исследование не завершено
الولاية,1,Исследование не завершено
الويل,1,Исследование не завершено
الياقوت,1,Исследование не завершено
اليسر,1,Исследование не завершено
امتحن,1,Исследование не завершено
امتلأت,1,Исследование не завершено
امرأ,1,Исследование не завершено
امرأتين,1,Исследование не завершено
امرؤ,1,Исследование не завершено
امشوا,1,Исследование не завершено
انبعاثهم,1,Исследование не завершено
انبعث,1,Исследование не завершено
انتبذت,1,Исследование не завершено
انتثرت,1,Исследование не завершено
انتصر,1,Исследование не завершено
انتظروا,1,Исследование не завершено
انتقمنا,1,Исследование не завершено
انسلخ,1,Исследование не завершено
انشزوا,1,Исследование не завершено
انصرفوا,1,Исследование не завершено
انطلقتم,1,Исследование не завершено
انظرنا,1,Исследование не завершено
انظرونا,1,Исследование не завершено
انفخوا,1,Исследование не завершено
انفصام,1,Исследование не завершено
انفضوا,1,Исследование не завершено
انفطرت,1,Исследование не завершено
انقص,1,Исследование не завершено
انقلب,1,Исследование не завершено
انكدرت,1,Исследование не завершено
اهبط,1,Исследование не завершено
اهبطا,1,Исследование не завершено
اهتديت,1,Исследование не завершено
اهتديتم,1,Исследование не завершено
اهدنا,1,Исследование не завершено
بآخذيه,1,Исследование не завершено
بآخرين,1,Исследование не завершено
بآل,1,Исследование не завершено
بآنية,1,Исследование не завершено
بأبصارهم,1,Исследование не завершено
بأحسنها,1,Исследование не завершено
بأحكم,1,Исследование не завершено
بأخ,1,Исследование не завершено
بأخيك,1,Исследование не завершено
بأرجلهن,1,Исследование не завершено
بأسماء,1,Исследование не завершено
بأسه,1,Исследование не завершено
بأسهم,1,Исследование не завершено
بأشياعهم,1,Исследование не завершено
بأصحاب,1,Исследование не завершено
بأعدائكم,1,Исследование не завершено
بأكواب,1,Исследование не завершено
بألسنة,1,Исследование не завершено
بألسنتكم,1,Исследование не завершено
بألف,1,Исследование не завершено
بأمانيكم,1,Исследование не завершено
بأمرهم,1,Исследование не завершено
بأنعام,1,Исследование не завершено
بأنعم,1,Исследование не завершено
بأنكم,1,Проверяемое соответствие не найдено. Все 1 вхождений — служебные формы или местоимения по QAC v0.4 (грамматическая частица; https://corpus.quran.com/download/). Их грамматическая функция не задаёт независимой измеримой величины для сравнения с частотой.
بأننا,1,Проверяемое соответствие не найдено. Все 1 вхождений — служебные формы или местоимения по QAC v0.4 (грамматическая частица; https://corpus.quran.com/download/). Их грамматическая функция не задаёт независимой измеримой величины для сравнения с частотой.
بأهدى,1,Исследование не завершено
بأهلكم,1,Исследование не завершено
بأهوائهم,1,Исследование не завершено
بأوعيتهم,1,Исследование не завершено
بأيام,1,Исследование не завершено
بأيد,1,Исследование не завершено
بأيدي,1,Исследование не завершено
بأيدينا,1,Исследование не завершено
بأييكم,1,Проверяемое соответствие не найдено. Все 1 вхождений — служебные формы или местоимения по QAC v0.4 (вопросительная частица/местоимение; https://corpus.quran.com/download/). Их грамматическая функция не задаёт независимой измеримой величины для сравнения с частотой.
بإبراهيم,1,Исследование не завершено
بإثمي,1,Исследование не завершено
بإخراج,1,Исследование не завершено
بإلحاد,1,Исследование не завершено
بإمامهم,1,Исследование не завершено
بإيمان,1,Исследование не завершено
بإيمانكم,1,Исследование не завершено
بإيمانهم,1,Исследование не завершено
بإيمانهن,1,Исследование не завершено
بئيس,1,Исследование не завершено
باتخاذكم,1,Исследование не завершено
بادون,1,Исследование не завершено
بادي,1,Исследование не завершено
بارزة,1,Исследование не завершено
بارزون,1,Исследование не завершено
بازغا,1,Исследование не завершено
بازغة,1,Исследование не завершено
باسرة,1,Исследование не завершено
باسط,1,Исследование не завершено
باسطو,1,Исследование не завершено
باسقات,1,Исследование не завершено
باشروهن,1,Исследование не завершено
باطنه,1,Исследование не завершено
باعد,1,Исследование не завершено
باق,1,Исследование не завершено
بالأبصار,1,Исследование не завершено
بالأحقاف,1,Исследование не завершено
بالأخسرين,1,Исследование не завершено
بالأذن,1,Исследование не завершено
بالأزلام,1,Исследование не завершено
بالأسحار,1,Исследование не завершено
بالألقاب,1,Исследование не завершено
بالأمن,1,Исследование не завершено
بالأنف,1,Исследование не завершено
بالإفك,1,Исследование не завершено
بالبصر,1,Исследование не завершено
بالبيت,1,Исследование не завершено
بالتقوى,1,Исследование не завершено
بالتوراة,1,Исследование не завершено
بالجبت,1,Исследование не завершено
بالجنب,1,Исследование не завершено
بالجنة,1,Исследование не завершено
بالجنود,1,Исследование не завершено
بالحج,1,Исследование не завершено
بالحجاب,1,Исследование не завершено
بالحر,1,Исследование не завершено
بالحسنات,1,Исследование не завершено
بالخاطئة,1,Исследование не завершено
بالخلق,1,Исследование не завершено
بالخنس,1,Исследование не завершено
بالخيرات,1,Исследование не завершено
بالدهن,1,Исследование не завершено
بالذكر,1,Исследование не завершено
بالرسل,1,Исследование не завершено
بالروح,1,Исследование не завершено
بالساحل,1,Исследование не завершено
بالساق,1,Исследование не завершено
بالساهرة,1,Исследование не завершено
بالسن,1,Исследование не завершено
بالسنين,1,Исследование не завершено
بالسوق,1,Исследование не завершено
بالشاكرين,1,Исследование не завершено
بالشفق,1,Исследование не завершено
بالشمس,1,Исследование не завершено
بالشهادة,1,Исследование не завершено
بالشهداء,1,Исследование не завершено
بالشهر,1,Исследование не завершено
بالطاغوت,1,Исследование не завершено
بالطاغية,1,Исследование не завершено
بالطيب,1,Исследование не завершено
بالعبد,1,Исследование не завершено
بالعرف,1,Исследование не завершено
بالعصبة,1,Исследование не завершено
بالعقود,1,Исследование не завершено
بالعمرة,1,Исследование не завершено
بالعهد,1,Исследование не завершено
بالعين,1,Исследование не завершено
بالغمام,1,Исследование не завершено
بالغوه,1,Исследование не завершено
بالغيه,1,Исследование не завершено
بالفتح,1,Исследование не завершено
بالقارعة,1,Исследование не завершено
بالقعود,1,Исследование не завершено
بالقلم,1,Исследование не завершено
بالمرحمة,1,Исследование не завершено
بالمعتدين,1,Исследование не завершено
بالمغفرة,1,Исследование не завершено
بالملإ,1,Исследование не завершено
بالملائكة,1,Исследование не завершено
بالملك,1,Исследование не завершено
بالمن,1,Исследование не завершено
بالمنكر,1,Исследование не завершено
بالناصية,1,Исследование не завершено
بالنبيين,1,Исследование не завершено
بالنواصي,1,Исследование не завершено
بالهزل,1,Исследование не завершено
بالوحي,1,Исследование не завершено
بالوصيد,1,Исследование не завершено
بالوعيد,1,Исследование не завершено
بايعتم,1,Исследование не завершено
ببابل,1,Исследование не завершено
بباسط,1,Исследование не завершено
ببالغه,1,Исследование не завершено
ببالغيه,1,Исследование не завершено
ببدر,1,Исследование не завершено
ببدنك,1,Исследование не завершено
ببضاعة,1,Исследование не завершено
ببطن,1,Исследование не завершено
ببعضها,1,Исследование не завершено
ببغيهم,1,Исследование не завершено
ببكة,1,Исследование не завершено
ببنيه,1,Исследование не завершено
ببهتان,1,Исследование не завершено
ببيعكم,1,Исследование не завершено
بتاركي,1,Исследование не завершено
بتحية,1,Исследование не завершено
بث,1,Исследование не завершено
بثالث,1,Исследование не завершено
بثلاثة,1,Исследование не завершено
بثمره,1,Исследование не завершено
بثمن,1,Исследование не завершено
بثي,1,Исследование не завершено
بجالوت,1,Исследование не завершено
بجبار,1,Исследование не завершено
بجذع,1,Исследование не завершено
بجناحيه,1,Исследование не завершено
بجنتيهم,1,Исследование не завершено
بجنوده,1,Исследование не завершено
بحاملين,1,Исследование не завершено
بحجارة,1,Исследование не завершено
بحديث,1,Исследование не завершено
بحر,1,Исследование не завершено
بحرب,1,Исследование не завершено
بحسبان,1,Исследование не завершено
بحق,1,Исследование не завершено
بحكمه,1,Исследование не завершено
بحمدك,1,Исследование не завершено
بحيرة,1,Исследование не завершено
بخارج,1,Исследование не завершено
بخازنين,1,Исследование не завершено
بخالصة,1,Исследование не завершено
بخس,1,Исследование не завершено
بخسا,1,Исследование не завершено
بخل,1,Исследование не завершено
بخلاقكم,1,Исследование не завершено
بخلقهن,1,Исследование не завершено
بخمرهن,1,Исследование не завершено
بخمسة,1,Исследование не завершено
بخيلك,1,Исследование не завершено
بدءوكم,1,Исследование не завершено
بدأ,1,Исследование не завершено
بدأكم,1,Исследование не завершено
بدأنا,1,Исследование не завершено
بدخان,1,Исследование не завершено
بدعا,1,Исследование не завершено
بدعاء,1,Исследование не завершено
بدعائك,1,Исследование не завершено
بدل,1,Исследование не завершено
بدلا,1,Исследование не завершено
بدلناهم,1,Исследование не завершено
بدم,1,Исследование не завершено
بدين,1,Исследование не завершено
بدينار,1,Исследование не завершено
بدينكم,1,Исследование не завершено
بذبح,1,Исследование не завершено
بذكرهم,1,Исследование не завершено
بذنبه,1,Исследование не завершено
بذنوبكم,1,Исследование не завершено
بذنوبنا,1,Исследование не завершено
برءوسكم,1,Исследование не завершено
برآء,1,Исследование не завершено
برأس,1,Исследование не завершено
برأسي,1,Исследование не завершено
براء,1,Исследование не завершено
برادي,1,Исследование не завершено
برازقين,1,Исследование не завершено
بربه,1,Исследование не завершено
بربوة,1,Исследование не завершено
برجال,1,Исследование не завершено
برجلك,1,Исследование не завершено
برحمتنا,1,Исследование не завершено
برد,1,Исследование не завершено
بردهن,1,Исследование не завершено
بررة,1,Исследование не завершено
برزخا,1,Исследование не завершено
برزق,1,Исследование не завершено
برسالاتي,1,Исследование не завершено
برسلنا,1,Исследование не завершено
برسلي,1,Исследование не завершено
برسول,1,Исследование не завершено
برسوله,1,Исследование не завершено
برسولهم,1,Исследование не завершено
برشيد,1,Исследование не завершено
برق,1,Исследование не завершено
برقه,1,Исследование не завершено
بركات,1,Исследование не завершено
بركنه,1,Исследование не завершено
برهانان,1,Исследование не завершено
بروج,1,Исследование не завершено
بريئا,1,Исследование не завершено
بريئون,1,Исследование не завершено
بسؤال,1,Исследование не завершено
بسا,1,Исследование не завершено
بساحتهم,1,Исследование не завершено
بساطا,1,Исследование не завершено
بسبب,1,Исследование не завершено
بسحرك,1,Исследование не завершено
بسحره,1,Исследование не завершено
بسحرهما,1,Исследование не завершено
بسخط,1,Исследование не завершено
بسط,1,Исследование не завершено
بسطت,1,Исследование не завершено
بسكارى,1,Исследование не завершено
بسمعهم,1,Исследование не завершено
بسور,1,Исследование не завершено
بشراكم,1,Исследование не завершено
بشرر,1,Исследование не завершено
بشرككم,1,Исследование не завершено
بشرناك,1,Исследование не завершено
بشق,1,Исследование не завершено
بشماله,1,Исследование не завершено
بشهاب,1,Исследование не завершено
بشهاداتهم,1,Исследование не завершено
بشهيد,1,Исследование не завершено
بصاحبكم,1,Исследование не завершено
بصاحبهم,1,Исследование не завершено
بصحاف,1,Исследование не завершено
بصدقة,1,Исследование не завершено
بصدقهم,1,Исследование не завершено
بصرت,1,Исследование не завершено
بصره,1,Исследование не завершено
بصلاتك,1,Исследование не завершено
بصوتك,1,Исследование не завершено
بضارهم,1,Исследование не завершено
بضارين,1,Исследование не завершено
بضاعة,1,Исследование не завершено
بضاعتنا,1,Исследование не завершено
بضنين,1,Исследование не завершено
بضياء,1,Исследование не завершено
بطائنها,1,Исследование не завершено
بطانة,1,Исследование не завершено
بطرا,1,Исследование не завершено
بطرت,1,Исследование не завершено
بطريقتكم,1,Исследование не завершено
بطش,1,Исследование не завершено
بطشتنا,1,Исследование не завершено
بطغواها,1,Исследование не завершено
بطني,1,Исследование не завершено
بطونه,1,Исследование не завершено
بظاهر,1,Исследование не завершено
بعاد,1,Исследование не завершено
بعالمين,1,Исследование не завершено
بعبادة,1,Исследование не завершено
بعبده,1,Исследование не завершено
بعثر,1,Исследование не завершено
بعثرت,1,Исследование не завершено
بعثكم,1,Исследование не завершено
بعثناكم,1,Исследование не завершено
بعثه,1,Исследование не завершено
بعدتهم,1,Исследование не завершено
بعدك,1,Исследование не завершено
بعدكم,1,Исследование не завершено
بعدهن,1,Исследование не завершено
بعذابكم,1,Исследование не завершено
بعرشها,1,Исследование не завершено
بعزة,1,Исследование не завершено
بعصم,1,Исследование не завершено
بعظم,1,Исследование не завершено
بعلا,1,Исследование не завершено
بعلها,1,Исследование не завершено
بعلي,1,Исследование не завершено
بعهدكم,1,Исследование не завершено
بعهدهم,1,Исследование не завершено
بعهدي,1,Исследование не завершено
بعورة,1,Исследование не завершено
بعوضة,1,Исследование не завершено
بغائبين,1,Исследование не завершено
بغت,1,Исследование не завершено
بغرور,1,Исследование не завершено
بغم,1,Исследование не завершено
بغى,1,Исследование не завершено
بغي,1,Исследование не завершено
بغيظكم,1,Исследование не завершено
بغيظهم,1,Исследование не завершено
بغيكم,1,Исследование не завершено
بفاتنين,1,Исследование не завершено
بفضل,1,Исследование не завершено
بقبس,1,Исследование не завершено
بقبول,1,Исследование не завершено
بقدرها,1,Исследование не завершено
بقرآن,1,Исследование не завершено
بقربان,1,Исследование не завершено
بقريب,1,Исследование не завершено
بقلها,1,Исследование не завершено
بقميصي,1,Исследование не завершено
بقنطار,1,Исследование не завершено
بقي,1,Исследование не завершено
بقية,1,Исследование не завершено
بقيت,1,Исследование не завершено
بقيعة,1,Исследование не завершено
بكأس,1,Исследование не завершено
بكاف,1,Исследование не завершено
بكافرين,1,Исследование не завершено
بكاهن,1,Исследование не завершено
بكت,1,Исследование не завершено
بكتابكم,1,Исследование не завершено
بكتابي,1,Исследование не завершено
بكر,1,Исследование не завершено
بكفرك,1,Исследование не завершено
بكيدهن,1,Исследование не завершено
بلاغا,1,Исследование не завершено
بلحيتي,1,Исследование не завершено
بلدا,1,Исследование не завершено
بلغا,1,Исследование не завершено
بلغني,1,Исследование не завершено
بلونا,1,Исследование не завершено
بلوناهم,1,Исследование не завершено
بليغا,1,Исследование не завершено
بليل,1,Исследование не завершено
بم,1,Проверяемое соответствие не найдено. Все 1 вхождений — служебные формы или местоимения по QAC v0.4 (вопросительная частица/местоимение; https://corpus.quran.com/download/). Их грамматическая функция не задаёт независимой измеримой величины для сравнения с частотой.
بمؤمن,1,Исследование не завершено
بمال,1,Исследование не завершено
بمثلها,1,Исследование не завершено
بمخرجين,1,Исследование не завершено
بمزحزحه,1,Исследование не завершено
بمستيقنين,1,Исследование не завершено
بمسمع,1,Исследование не завершено
بمصر,1,Исследование не завершено
بمصرخكم,1,Исследование не завершено
بمصرخي,1,Исследование не завершено
بمصيطر,1,Исследование не завершено
بمعجز,1,Исследование не завершено
بمغفرة,1,Исследование не завершено
بمفازة,1,Исследование не завершено
بمفازتهم,1,Исследование не завершено
بمقدار,1,Исследование не завершено
بمقعدهم,1,Исследование не завершено
بمكرهن,1,Исследование не завершено
بملكنا,1,Исследование не завершено
بملوم,1,Исследование не завершено
بمنشرين,1,Исследование не завершено
بمواقع,1,Исследование не завершено
بموسى,1,Исследование не завершено
بميت,1,Исследование не завершено
بميتين,1,Исследование не завершено
بميثاقهم,1,Исследование не завершено
بنات,1,Исследование не завершено
بناتك,1,Исследование не завершено
بناصيتها,1,Исследование не завершено
بنان,1,Исследование не завершено
بنانه,1,Исследование не завершено
بنخل,1,Исследование не завершено
بنصب,1,Исследование не завершено
بنصر,1,Исследование не завершено
بنعمته,1,Исследование не завершено
بنفسك,1,Исследование не завершено
بنميم,1,Исследование не завершено
بنهر,1,Исследование не завершено
بنو,1,Исследование не завершено
بنوا,1,Исследование не завершено
بنور,1,Исследование не завершено
بنورهم,1,Исследование не завершено
بنون,1,Исследование не завершено
بنيان,1,Исследование не завершено
بنيه,1,Исследование не завершено
بهاد,1,Исследование не завершено
بهادي,1,Исследование не завершено
بهتان,1,Исследование не завершено
بهجة,1,Исследование не завершено
بهدية,1,Исследование не завершено
بهديتكم,1,Исследование не завершено
بواحدة,1,Исследование не завершено
بواد,1,Исследование не завершено
بوالدتي,1,Исследование не завершено
بوجهه,1,Исследование не завершено
بورقكم,1,Исследование не завершено
بورك,1,Исследование не завершено
بولده,1,Исследование не завершено
بولدها,1,Исследование не завершено
بيان,1,Исследование не завершено
بيانه,1,Исследование не завершено
بيته,1,Исследование не завершено
بيتها,1,Исследование не завершено
بيحيى,1,Исследование не завершено
بيدي,1,Исследование не завершено
بيناه,1,Исследование не завершено
بينت,1,Исследование не завершено
بينهن,1,Исследование не завершено
بيوتنا,1,Исследование не завершено
بيوتهن,1,Исследование не завершено
بيوسف,1,Исследование не завершено
تأتنا,1,Исследование не завершено
تأتوا,1,Исследование не завершено
تأتوننا,1,Исследование не завершено
تأتوني,1,Исследование не завершено
تأثيم,1,Исследование не завершено
تأثيما,1,Исследование не завершено
تأجرني,1,Исследование не завершено
تأخذ,1,Исследование не завершено
تأخذكم,1,Исследование не завершено
تأخذه,1,Исследование не завершено
تأخذهم,1,Исследование не завершено
تأخذونه,1,Исследование не завершено
تأخذونها,1,Исследование не завершено
تأسوا,1,Исследование не завершено
تأكله,1,Исследование не завершено
تأكلوها,1,Исследование не завершено
تأمرك,1,Исследование не завершено
تأمرنا,1,Исследование не завершено
تأمرهم,1,Исследование не завершено
تأمروننا,1,Исследование не завершено
تأمروني,1,Исследование не завершено
تأمرين,1,Исследование не завершено
تأمنا,1,Исследование не завершено
تؤاخذنا,1,Исследование не завершено
تؤاخذني,1,Исследование не завершено
تؤتوا,1,Исследование не завершено
تؤتون,1,Исследование не завершено
تؤتونهن,1,Исследование не завершено
تؤتوه,1,Исследование не завершено
تؤثرون,1,Исследование не завершено
تؤدوا,1,Исследование не завершено
تؤذوا,1,Исследование не завершено
تؤذونني,1,Исследование не завершено
تؤزهم,1,Исследование не завершено
تؤويه,1,Исследование не завершено
تائبات,1,Исследование не завершено
تابا,1,Исследование не завершено
تارك,1,Исследование не завершено
تباب,1,Исследование не завершено
تبارا,1,Исследование не завершено
تباشروهن,1,Исследование не завершено
تبايعتم,1,Исследование не завершено
تبتغون,1,Исследование не завершено
تبتيلا,1,Исследование не завершено
تبخلوا,1,Исследование не завершено
تبدونها,1,Исследование не завершено
تبدوه,1,Исследование не завершено
تبذر,1,Исследование не завершено
تبذيرا,1,Исследование не завершено
تبرءوا,1,Исследование не завершено
تبرأنا,1,Исследование не завершено
تبرج,1,Исследование не завершено
تبرجن,1,Исследование не завершено
تبرنا,1,Исследование не завершено
تبروا,1,Исследование не завершено
تبروهم,1,Исследование не завершено
تبسطها,1,Исследование не завершено
تبسل,1,Исследование не завершено
تبشرون,1,Исследование не завершено
تبصرة,1,Исследование не завершено
تبعثون,1,Исследование не завершено
تبعني,1,Исследование не завершено
تبعوا,1,Исследование не завершено
تبغ,1,Исследование не завершено
تبغوا,1,Исследование не завершено
تبغونها,1,Исследование не завершено
تبغي,1,Исследование не завершено
تبقي,1,Исследование не завершено
تبكون,1,Исследование не завершено
تبلغ,1,Исследование не завершено
تبلو,1,Исследование не завершено
تبلى,1,Исследование не завершено
تبوء,1,Исследование не завершено
تبوءوا,1,Исследование не завершено
تبوآ,1,Исследование не завершено
تبوئ,1,Исследование не завершено
تبور,1,Исследование не завершено
تبيانا,1,Исследование не завершено
تبيد,1,Исследование не завершено
تبيض,1,Исследование не завершено
تبيعا,1,Исследование не завершено
تبينت,1,Исследование не завершено
تتبدلوا,1,Исследование не завершено
تتبعان,1,Исследование не завершено
تتبعن,1,Исследование не завершено
تتبعها,1,Исследование не завершено
تتبعونا,1,Исследование не завершено
تتبيب,1,Исследование не завершено
تتجافى,1,Исследование не завершено
تتخذ,1,Исследование не завершено
تتركه,1,Исследование не завершено
تتركوا,1,Исследование не завершено
تترى,1,Исследование не завершено
تتفرقوا,1,Исследование не завершено
تتفكروا,1,Исследование не завершено
تتقلب,1,Исследование не завершено
تتكبر,1,Исследование не завершено
تتلون,1,Исследование не завершено
تتمارى,1,Исследование не завершено
تتمنوا,1,Исследование не завершено
تتناجوا,1,Исследование не завершено
تتنزل,1,Исследование не завершено
تتوبا,1,Исследование не завершено
تثبيتا,1,Исследование не завершено
تثريب,1,Исследование не завершено
تثقفنهم,1,Исследование не завершено
تثير,1,Исследование не завершено
تجأروا,1,Исследование не завершено
تجأرون,1,Исследование не завершено
تجادلك,1,Исследование не завершено
تجادلوا,1,Исследование не завершено
تجارتهم,1,Исследование не завершено
تجتنبوا,1,Исследование не завершено
تجرمون,1,Исследование не завершено
تجريان,1,Исследование не завершено
تجسسوا,1,Исследование не завершено
تجعلونه,1,Исследование не завершено
تجمعوا,1,Исследование не завершено
تجهروا,1,Исследование не завершено
تجوع,1,Исследование не завершено
تحاضون,1,Исследование не завершено
تحاوركما,1,Исследование не завершено
تحبرون,1,Исследование не завершено
تحبسونهما,1,Исследование не завершено
تحبط,1,Исследование не завершено
تحبوا,1,Исследование не завершено
تحبونها,1,Исследование не завершено
تحبونهم,1,Исследование не завершено
تحتك,1,Исследование не завершено
تحته,1,Исследование не завершено
تحتي,1,Исследование не завершено
تحدث,1,Исследование не завершено
تحذرون,1,Исследование не завершено
تحرثون,1,Исследование не завершено
تحرص,1,Исследование не завершено
تحرك,1,Исследование не завершено
تحرم,1,Исследование не завершено
تحرموا,1,Исследование не завершено
تحروا,1,Исследование не завершено
تحرير,1,Исследование не завершено
تحس,1,Исследование не завершено
تحسب,1,Исследование не завершено
تحسبنهم,1,Исследование не завершено
تحسبها,1,Исследование не завершено
تحسبهم,1,Исследование не завершено
تحسبوه,1,Исследование не завершено
تحسدوننا,1,Исследование не завершено
تحسنوا,1,Исследование не завершено
تحسونهم,1,Исследование не завершено
تحصنا,1,Исследование не завершено
تحصنون,1,Исследование не завершено
تحصوه,1,Исследование не завершено
تحكم,1,Исследование не завершено
تحكموا,1,Исследование не завершено
تحلة,1,Исследование не завершено
تحلقوا,1,Исследование не завершено
تحلوا,1,Исследование не завершено
تحملنا,1,Исследование не завершено
تحنث,1,Исследование не завершено
تحيد,1,Исследование не завершено
تحيطوا,1,Исследование не завершено
تحيون,1,Исследование не завершено
تحيي,1,Исследование не завершено
تخاصم,1,Исследование не завершено
تخاف,1,Исследование не завершено
تخافا,1,Исследование не завершено
تخافت,1,Исследование не завершено
تخافن,1,Исследование не завершено
تخافوا,1,Исследование не завершено
تخافونهم,1,Исследование не завершено
تخافوهم,1,Исследование не завершено
تخافي,1,Исследование не завершено
تخالطوهم,1,Исследование не завершено
تختانون,1,Исследование не завершено
تختصموا,1,Исследование не завершено
تختصمون,1,Исследование не завершено
تخرجوا,1,Исследование не завершено
تخرجوهن,1,Исследование не завершено
تخرصون,1,Исследование не завершено
تخرق,1,Исследование не завершено
تخزنا,1,Исследование не завершено
تخزني,1,Исследование не завершено
تخسروا,1,Исследование не завершено
تخسير,1,Исследование не завершено
تخشاه,1,Исследование не завершено
تخشع,1,Исследование не завершено
تخشوا,1,Исследование не завершено
تخشون,1,Исследование не завершено
تخشوه,1,Исследование не завершено
تخشى,1,Исследование не завершено
تخضعن,1,Исследование не завершено
تخطه,1,Исследование не завершено
تخفوا,1,Исследование не завершено
تخفوها,1,Исследование не завершено
تخفى,1,Исследование не завершено
تخفيف,1,Исследование не завершено
تخلدون,1,Исследование не завершено
تخلف,1,Исследование не завершено
تخلفه,1,Исследование не завершено
تخلق,1,Исследование не завершено
تخلقونه,1,Исследование не завершено
تخوف,1,Исследование не завершено
تخونوا,1,Исследование не завершено
تخويفا,1,Исследование не завершено
تخيرون,1,Исследование не завершено
تداركه,1,Исследование не завершено
تداينتم,1,Исследование не завершено
تدخرون,1,Исследование не завершено
تدخل,1,Исследование не завершено
تدخلوها,1,Исследование не завершено
تدرك,1,Исследование не завершено
تدركه,1,Исследование не завершено
تدرون,1,Исследование не завершено
تدعهم,1,Исследование не завершено
تدعو,1,Исследование не завершено
تدعوننا,1,Исследование не завершено
تدعونه,1,Исследование не завершено
تدعى,1,Исследование не завершено
تدمر,1,Исследование не завершено
تدهن,1,Исследование не завершено
تدور,1,Исследование не завершено
تديرونها,1,Исследование не завершено
تذبحوا,1,Исследование не завершено
تذرني,1,Исследование не завершено
تذرهم,1,Исследование не завершено
تذروه,1,Исследование не завершено
تذليلا,1,Исследование не завершено
تذهب,1,Исследование не завершено
تذهبوا,1,Исследование не завершено
تذهبون,1,Исследование не завершено
تذهل,1,Исследование не завершено
تذودان,1,Исследование не завершено
تراءت,1,Исследование не завершено
تراءى,1,Исследование не завершено
تراضوا,1,Исследование не завершено
تراضيتم,1,Исследование не завершено
تراهم,1,Исследование не завершено
تراود,1,Исследование не завершено
تربص,1,Исследование не завершено
تربصوا,1,Исследование не завершено
تربصون,1,Исследование не завершено
ترتابوا,1,Исследование не завершено
ترتدوا,1,Исследование не завершено
ترثوا,1,Исследование не завершено
ترجعونها,1,Исследование не завершено
ترجعوهن,1,Исследование не завершено
ترجمون,1,Исследование не завершено
ترجو,1,Исследование не завершено
ترجون,1,Исследование не завершено
ترجوها,1,Исследование не завершено
ترجي,1,Исследование не завершено
ترد,1,Исследование не завершено
تردى,1,Исследование не завершено
ترزقانه,1,Исследование не завершено
ترضاها,1,Исследование не завершено
ترضوا,1,Исследование не завершено
ترضون,1,Исследование не завершено
ترضونها,1,Исследование не завершено
ترفع,1,Исследование не завершено
ترفعوا,1,Исследование не завершено
ترقب,1,Исследование не завершено
ترقى,1,Исследование не завершено
تركبون,1,Исследование не завершено
تركتموها,1,Исследование не завершено
تركضوا,1,Исследование не завершено
تركنا,1,Исследование не завершено
تركناها,1,Исследование не завершено
تركنوا,1,Исследование не завершено
ترمي,1,Исследование не завершено
ترميهم,1,Исследование не завершено
ترن,1,Исследование не завершено
ترهبون,1,Исследование не завершено
ترهقني,1,Исследование не завершено
ترهقها,1,Исследование не завершено
ترونهم,1,Исследование не завершено
تريحون,1,Исследование не завершено
ترين,1,Исследование не завершено
تريني,1,Исследование не завершено
تزال,1,Исследование не завершено
تزاور,1,Исследование не завершено
تزداد,1,Исследование не завершено
تزدري,1,Исследование не завершено
تزرعون,1,Исследование не завершено
تزرعونه,1,Исследование не завершено
تزغ,1,Исследование не завершено
تزكوا,1,Исследование не завершено
تزولا,1,Исследование не завершено
تزيدونني,1,Исследование не завершено
تزيلوا,1,Исследование не завершено
تسأل,1,Исследование не завершено
تسألن,1,Исследование не завершено
تسألني,1,Исследование не завершено
تسأموا,1,Исследование не завершено
تسؤكم,1,Исследование не завершено
تساءلون,1,Исследование не завершено
تساقط,1,Исследование не завершено
تسبح,1,Исследование не завершено
تسبحون,1,Исследование не завершено
تسبوا,1,Исследование не завершено
تسبيحهم,1,Исследование не завершено
تستأخرون,1,Исследование не завершено
تستأنسوا,1,Исследование не завершено
تستترون,1,Исследование не завершено
تستخفونها,1,Исследование не завершено
تسترضعوا,1,Исследование не завершено
تستطع,1,Исследование не завершено
تستطيعوا,1,Исследование не завершено
تستطيعون,1,Исследование не завершено
تستعجل,1,Исследование не завершено
تستعجلوه,1,Исследование не завершено
تستغفرون,1,Исследование не завершено
تستغيثون,1,Исследование не завершено
تستفت,1,Исследование не завершено
تستفتحوا,1,Исследование не завершено
تستفتيان,1,Исследование не завершено
تستقدمون,1,Исследование не завершено
تستقسموا,1,Исследование не завершено
تستكثر,1,Исследование не завершено
تستمعون,1,Исследование не завершено
تستهزئون,1,Исследование не завершено
تسجدوا,1,Исследование не завершено
تسحرون,1,Исследование не завершено
تسخروا,1,Исследование не завершено
تسخرون,1,Исследование не завершено
تسر,1,Исследование не завершено
تسرحون,1,Исследование не завершено
تسريح,1,Исследование не завершено
تسطع,1,Исследование не завершено
تسعا,1,Исследование не завершено
تسفكون,1,Исследование не завершено
تسقى,1,Исследование не завершено
تسقي,1,Исследование не завершено
تسكن,1,Исследование не завершено
تسكنون,1,Исследование не завершено
تسلمون,1,Исследование не завершено
تسمعوا,1,Исследование не завершено
تسمى,1,Исследование не завершено
تسمية,1,Исследование не завершено
تسنيم,1,Исследование не завершено
تسوروا,1,Исследование не завершено
تسوى,1,Исследование не завершено
تسيمون,1,Исследование не завершено
تشابهت,1,Исследование не завершено
تشاقون,1,Исследование не завершено
تشتهي,1,Исследование не завершено
تشتهيه,1,Исследование не завершено
تشخص,1,Исследование не завершено
تشطط,1,Исследование не завершено
تشكروا,1,Исследование не завершено
تشمت,1,Исследование не завершено
تشيع,1,Исследование не завершено
تصاحبني,1,Исследование не завершено
تصبحون,1,Исследование не завершено
تصبر,1,Исследование не завершено
تصبكم,1,Исследование не завершено
تصدق,1,Исследование не завершено
تصدقوا,1,Исследование не завершено
تصدقون,1,Исследование не завершено
تصدون,1,Исследование не завершено
تصدونا,1,Исследование не завершено
تصدى,1,Исследование не завершено
تصرف,1,Исследование не завершено
تصعدون,1,Исследование не завершено
تصعر,1,Исследование не завершено
تصف,1,Исследование не завершено
تصلحوا,1,Исследование не завершено
تصلى,1,Исследование не завершено
تصنعون,1,Исследование не завершено
تصوموا,1,Исследование не завершено
تصيبن,1,Исследование не завершено
تصيبنا,1,Исследование не завершено
تصيبوا,1,Исследование не завершено
تصير,1,Исследование не завершено
تضار,1,Исследование не завершено
تضاروهن,1,Исследование не завершено
تضحكون,1,Исследование не завершено
تضحى,1,Исследование не завершено
تضربوا,1,Исследование не завершено
تضرعوا,1,Исследование не завершено
تضرونه,1,Исследование не завершено
تضروه,1,Исследование не завершено
تضعوا,1,Исследование не завершено
تضعون,1,Исследование не завершено
تضليل,1,Исследование не завершено
تطئوها,1,Исследование не завершено
تطئوهم,1,Исследование не завершено
تطرد,1,Исследование не завершено
تطعمون,1,Исследование не завершено
تطعه,1,Исследование не завершено
تطمئن,1,Исследование не завершено
تطهرن,1,Исследование не завершено
تطهرهم,1,Исследование не завершено
تطهيرا,1,Исследование не завершено
تطيرنا,1,Исследование не завершено
تطيعوه,1,Исследование не завершено
تظلموا,1,Исследование не завершено
تظمأ,1,Исследование не завершено
تظن,1,Исследование не завершено
تظهرون,1,Исследование не завершено
تعاسرتم,1,Исследование не завершено
تعاونوا,1,Исследование не завершено
تعبثون,1,Исследование не завершено
تعبرون,1,Исследование не завершено
تعتدونها,1,Исследование не завершено
تعتدوها,1,Исследование не завершено
تعجب,1,Исследование не завершено
تعجبون,1,Исследование не завершено
تعد,1,Исследование не завершено
تعدل,1,Исследование не завершено
تعذب,1,Исследование не завершено
تعرج,1,Исследование не завершено
تعرض,1,Исследование не завершено
تعرضن,1,Исследование не завершено
تعرضوا,1,Исследование не завершено
تعرضون,1,Исследование не завершено
تعرفهم,1,Исследование не завершено
تعرى,1,Исследование не завершено
تعزموا,1,Исследование не завершено
تعظون,1,Исследование не завершено
تعلمن,1,Исследование не завершено
تعلمها,1,Исследование не завершено
تعلمهم,1,Исследование не завершено
تعلمونهم,1,Исследование не завершено
تعلمونهن,1,Исследование не завершено
تعلموهم,1,Исследование не завершено
تعمدت,1,Исследование не завершено
تعمل,1,Исследование не завершено
تعودون,1,Исследование не завершено
تعولوا,1,Исследование не завершено
تغتسلوا,1,Исследование не завершено
تغرب,1,Исследование не завершено
تغشاها,1,Исследование не завершено
تغفلون,1,Исследование не завершено
تغلبون,1,Исследование не завершено
تغمضوا,1,Исследование не завершено
تغيض,1,Исследование не завершено
تغيظا,1,Исследование не завершено
تفادوهم,1,Исследование не завершено
تفاوت,1,Исследование не завершено
تفتأ,1,Исследование не завершено
تفتح,1,Исследование не завершено
تفتروا,1,Исследование не завершено
تفتنون,1,Исследование не завершено
تفتني,1,Исследование не завершено
تفثهم,1,Исследование не завершено
تفجر,1,Исследование не завершено
تفرح,1,Исследование не завершено
تفرحوا,1,Исследование не завершено
تفرضوا,1,Исследование не завершено
تفرق,1,Исследование не завершено
تفرون,1,Исследование не завершено
تفسحوا,1,Исследование не завершено
تفسقون,1,Исследование не завершено
تفسيرا,1,Исследование не завершено
تفشلا,1,Исследование не завершено
تفصيلا,1,Исследование не завершено
تفضحون,1,Исследование не завершено
تفعل,1,Исследование не завершено
تفعلوه,1,Исследование не завершено
تفقدون,1,Исследование не завершено
تفقهون,1,Исследование не завершено
تفكهون,1,Исследование не завершено
تفلحوا,1,Исследование не завершено
تفندون,1,Исследование не завершено
تفور,1,Исследование не завершено
تفيء,1,Исследование не завершено
تق,1,Исследование не завершено
تقاة,1,Исследование не завершено
تقاتل,1,Исследование не завершено
تقاتلونهم,1,Исследование не завершено
تقاتلوهم,1,Исследование не завершено
تقاته,1,Исследование не завершено
تقاسموا,1,Исследование не завершено
تقبلوا,1,Исследование не завершено
تقتلني,1,Исследование не завершено
تقتلوه,1,Исследование не завершено
تقتلوهم,1,Исследование не завершено
تقتيلا,1,Исследование не завершено
تقدم,1,Исследование не завершено
تقربكم,1,Исследование не завершено
تقربون,1,Исследование не завершено
تقربوها,1,Исследование не завершено
تقربوهن,1,Исследование не завершено
تقرضهم,1,Исследование не завершено
تقرضوا,1,Исследование не завершено
تقسطوا,1,Исследование не завершено
تقسموا,1,Исследование не завершено
تقشعر,1,Исследование не завершено
تقصروا,1,Исследование не завершено
تقصص,1,Исследование не завершено
تقضي,1,Исследование не завершено
تقع,1,Исследование не завершено
تقعد,1,Исследование не завершено
تقف,1,Исследование не завершено
تقل,1,Исследование не завершено
تقلبون,1,Исследование не завершено
تقنطوا,1,Исследование не завершено
تقهر,1,Исследование не завершено
تقواهم,1,Исследование не завершено
تقولن,1,Исследование не завершено
تقوله,1,Исследование не завершено
تقويم,1,Исследование не завершено
تقيموا,1,Исследование не завершено
تكبيرا,1,Исследование не завершено
تكتبوه,1,Исследование не завершено
تكتبوها,1,Исследование не завершено
تكتموا,1,Исследование не завершено
تكتمونه,1,Исследование не завершено
تكذبوا,1,Исследование не завершено
تكذيب,1,Исследование не завершено
تكرمون,1,Исследование не завершено
تكره,1,Исследование не завершено
تكفر,1,Исследование не завершено
تكلمهم,1,Исследование не завершено
تكلمون,1,Исследование не завершено
تكليما,1,Исследование не завершено
تكنزون,1,Исследование не завершено
تلاها,1,Исследование не завершено
تلاوته,1,Исследование не завершено
تلبثوا,1,Исследование не завершено
تلبسوا,1,Исследование не завершено
تلبسون,1,Исследование не завершено
تلظى,1,Исследование не завершено
تلفح,1,Исследование не завершено
تلقوا,1,Исследование не завершено
تلقون,1,Исследование не завершено
تلقونه,1,Исследование не завершено
تلقوه,1,Исследование не завершено
تلكم,1,Проверяемое соответствие не найдено. Все 1 вхождений — служебные формы или местоимения по QAC v0.4 (указательное местоимение; https://corpus.quran.com/download/). Их грамматическая функция не задаёт независимой измеримой величины для сравнения с частотой.
تلكما,1,Проверяемое соответствие не найдено. Все 1 вхождений — служебные формы или местоимения по QAC v0.4 (указательное местоимение; https://corpus.quran.com/download/). Их грамматическая функция не задаёт независимой измеримой величины для сравнения с частотой.
تلمزوا,1,Исследование не завершено
تلهكم,1,Исследование не завершено
تلهى,1,Исследование не завершено
تلهيهم,1,Исследование не завершено
تلوته,1,Исследование не завершено
تلوموني,1,Исследование не завершено
تلووا,1,Исследование не завершено
تلوون,1,Исследование не завершено
تليت,1,Исследование не завершено
تلين,1,Исследование не завершено
تمار,1,Исследование не завершено
تماما,1,Исследование не завершено
تمت,1,Исследование не завершено
تمترن,1,Исследование не завершено
تمتعون,1,Исследование не завершено
تمر,1,Исследование не завершено
تمرحون,1,Исследование не завершено
تمسسكم,1,Исследование не завершено
تمسسه,1,Исследование не завершено
تمسكوا,1,Исследование не завершено
تمسكوهن,1,Исследование не завершено
تمسون,1,Исследование не завершено
تمشون,1,Исследование не завершено
تمكرون,1,Исследование не завершено
تملكهم,1,Исследование не завершено
تملى,1,Исследование не завершено
تمنعهم,1,Исследование не завершено
تمنن,1,Исследование не завершено
تمنها,1,Исследование не завершено
تمهيدا,1,Исследование не завершено
تموتون,1,Исследование не завершено
تميز,1,Исследование не завершено
تنابزوا,1,Исследование не завершено
تناجيتم,1,Исследование не завершено
تنازعتم,1,Исследование не завершено
تنازعوا,1,Исследование не завершено
تناصرون,1,Исследование не завершено
تناله,1,Исследование не завершено
تنالوا,1,Исследование не завершено
تنبئهم,1,Исследование не завершено
تنبئونه,1,Исследование не завершено
تنبتوا,1,Исследование не завершено
تنتشرون,1,Исследование не завершено
تنتصران,1,Исследование не завершено
تنجيكم,1,Исследование не завершено
تنحتون,1,Исследование не завершено
تنزع,1,Исследование не завершено
تنزلت,1,Исследование не завершено
تنس,1,Исследование не завершено
تنسوا,1,Исследование не завершено
تنصروا,1,Исследование не завершено
تنصروه,1,Исследование не завершено
تنفد,1,Исследование не завершено
تنفذوا,1,Исследование не завершено
تنفذون,1,Исследование не завершено
تنفس,1,Исследование не завершено
تنفعكم,1,Исследование не завершено
تنفعها,1,Исследование не завершено
تنفعهم,1,Исследование не завершено
تنقذ,1,Исследование не завершено
تنقص,1,Исследование не завершено
تنقصوا,1,Исследование не завершено
تنقضوا,1,Исследование не завершено
تنقم,1,Исследование не завершено
تنقمون,1,Исследование не завершено
تنكح,1,Исследование не завершено
تنكرون,1,Исследование не завершено
تنكصون,1,Исследование не завершено
تنكيلا,1,Исследование не завершено
تنهر,1,Исследование не завершено
تنهرهما,1,Исследование не завершено
تنهون,1,Исследование не завершено
تنهى,1,Исследование не завершено
تنيا,1,Исследование не завершено
تهجرون,1,Исследование не завершено
تهدوا,1,Исследование не завершено
توارت,1,Исследование не завершено
تواعدتم,1,Исследование не завершено
تواعدوهن,1,Исследование не завершено
توبتهم,1,Исследование не завершено
توجل,1,Исследование не завершено
توجه,1,Исследование не завершено
تود,1,Исследование не завершено
تورون,1,Исследование не завершено
توسوس,1,Исследование не завершено
توصون,1,Исследование не завершено
توصية,1,Исследование не завершено
توعظون,1,Исследование не завершено
توفاهم,1,Исследование не завершено
توفته,1,Исследование не завершено
توفتهم,1,Исследование не завершено
توفني,1,Исследование не завершено
توفون,1,Исследование не завершено
توفيتني,1,Исследование не завершено
توفيقي,1,Исследование не завершено
توقدون,1,Исследование не завершено
توقنون,1,Исследование не завершено
توكلوا,1,Исследование не завершено
توكيدها,1,Исследование не завершено
تول,1,Исследование не завершено
تولاه,1,Исследование не завершено
تولج,1,Исследование не завершено
تولون,1,Исследование не завершено
تيأسوا,1,Исследование не завершено
تيمموا,1,Исследование не завершено
ثابت,1,Исследование не завершено
ثاقب,1,Исследование не завершено
ثالث,1,Исследование не завершено
ثاويا,1,Исследование не завершено
ثبات,1,Исследование не завершено
ثبتناك,1,Исследование не завершено
ثبوتها,1,Исследование не завершено
ثجاجا,1,Исследование не завершено
ثقالا,1,Исследование не завершено
ثلاثون,1,Исследование не завершено
ثلاثين,1,Исследование не завершено
ثلثا,1,Исследование не завершено
ثلثي,1,Исследование не завершено
ثماني,1,Исследование не завершено
ثمانين,1,Исследование не завершено
ثمر,1,Исследование не завершено
ثمرة,1,Исследование не завершено
ثوب,1,Исследование не завершено
ثيابا,1,Исследование не завершено
ثيابكم,1,Исследование не завершено
ثيابهن,1,Исследование не завершено
ثيبات,1,Исследование не завершено
جئتك,1,Исследование не завершено
جئناكم,1,Исследование не завершено
جئناهم,1,Исследование не завершено
جاءتك,1,Исследование не завершено
جاءتنا,1,Исследование не завершено
جاءته,1,Исследование не завершено
جاءتها,1,Исследование не завершено
جائر,1,Исследование не завершено
جابوا,1,Исследование не завершено
جاثية,1,Исследование не завершено
جادلتم,1,Исследование не завершено
جادلتنا,1,Исследование не завершено
جادلوك,1,Исследование не завершено
جار,1,Исследование не завершено
جارية,1,Исследование не завершено
جاز,1,Исследование не завершено
جاعلك,1,Исследование не завершено
جالوت,1,Исследование не завершено
جامدة,1,Исследование не завершено
جاهلون,1,Исследование не завершено
جاوزا,1,Исследование не завершено
جاوزه,1,Исследование не завершено
جباههم,1,Исследование не завершено
جبلا,1,Исследование не завершено
جحدوا,1,Исследование не завершено
جد,1,Исследование не завершено
جدارا,1,Исследование не завершено
جدال,1,Исследование не завершено
جدالنا,1,Исследование не завершено
جدد,1,Исследование не завершено
جدر,1,Исследование не завершено
جذاذا,1,Исследование не завершено
جذع,1,Исследование не завершено
جذوة,1,Исследование не завершено
جذوع,1,Исследование не завершено
جراد,1,Исследование не завершено
جرحتم,1,Исследование не завершено
جرزا,1,Исследование не завершено
جرف,1,Исследование не завершено
جزء,1,Исследование не завершено
جزاؤكم,1,Исследование не завершено
جزوعا,1,Исследование не завершено
جزيتهم,1,Исследование не завершено
جعلا,1,Исследование не завершено
جعلتم,1,Исследование не завершено
جعلته,1,Исследование не завершено
جعلها,1,Исследование не завершено
جفاء,1,Исследование не завершено
جلابيبهن,1,Исследование не завершено
جلاها,1,Исследование не завершено
جلودا,1,Исследование не завершено
جلودكم,1,Исследование не завершено
جما,1,Исследование не завершено
جمال,1,Исследование не завершено
جمالت,1,Исследование не завершено
جمع,1,Исследование не завершено
جمعكم,1,Исследование не завершено
جمعناكم,1,Исследование не завершено
جمعناهم,1,Исследование не завершено
جمعه,1,Исследование не завершено
جمعهم,1,Исследование не завершено
جمعوا,1,Исследование не завершено
جملة,1,Исследование не завершено
جن,1,Исследование не завершено
جنته,1,Исследование не завершено
جنتي,1,Исследование не завершено
جنحوا,1,Исследование не завершено
جندا,1,Исследование не завершено
جندنا,1,Исследование не завершено
جنفا,1,Исследование не завершено
جنوبكم,1,Исследование не завершено
جنوبها,1,Исследование не завершено
جنودا,1,Исследование не завершено
جنوده,1,Исследование не завершено
جنيا,1,Исследование не завершено
جهاده,1,Исследование не завершено
جهارا,1,Исследование не завершено
جهدهم,1,Исследование не завершено
جهر,1,Исследование не завершено
جهولا,1,Исследование не завершено
جو,1,Исследование не завершено
جوفه,1,Исследование не завершено
جيدها,1,Исследование не завершено
جيوبهن,1,Исследование не завершено
حاج,1,Исследование не завершено
حاججتم,1,Исследование не завершено
حاجزا,1,Исследование не завершено
حاجزين,1,Исследование не завершено
حاجك,1,Исследование не завершено
حاجوك,1,Исследование не завершено
حاد,1,Исследование не завершено
حاذرون,1,Исследование не завершено
حارب,1,Исследование не завершено
حاسبين,1,Исследование не завершено
حاسد,1,Исследование не завершено
حاضرا,1,Исследование не завершено
حاضري,1,Исследование не завершено
حافظ,1,Исследование не завершено
حافظا,1,Исследование не завершено
حافظات,1,Исследование не завершено
حافظوا,1,Исследование не завершено
حافين,1,Исследование не завершено
حام,1,Исследование не завершено
حبب,1,Исследование не завершено
حبط,1,Исследование не завершено
حتما,1,Исследование не завершено
حثيثا,1,Исследование не завершено
حجتنا,1,Исследование не завершено
حجج,1,Исследование не завершено
حجرا,1,Исследование не завершено
حجوركم,1,Исследование не завершено
حداد,1,Исследование не завершено
حدب,1,Исследование не завершено
حدوده,1,Исследование не завершено
حديدا,1,Исследование не завершено
حذرهم,1,Исследование не завершено
حرا,1,Исследование не завершено
حرام,1,Исследование не завершено
حراما,1,Исследование не завершено
حرثه,1,Исследование не завершено
حرد,1,Исследование не завершено
حرسا,1,Исследование не завершено
حرصت,1,Исследование не завершено
حرصتم,1,Исследование не завершено
حرض,1,Исследование не завершено
حرضا,1,Исследование не завершено
حرف,1,Исследование не завершено
حرمات,1,Исследование не завершено
حرمها,1,Исследование не завершено
حرمهما,1,Исследование не завершено
حريص,1,Исследование не завершено
حزبه,1,Исследование не завершено
حزنا,1,Исследование не завершено
حسابك,1,Исследование не завершено
حسبت,1,Исследование не завершено
حسبته,1,Исследование не завершено
حسبتهم,1,Исследование не завершено
حسبه,1,Исследование не завершено
حسد,1,Исследование не завершено
حسدا,1,Исследование не завершено
حسرتنا,1,Исследование не завершено
حسرتى,1,Исследование не завершено
حسنات,1,Исследование не завершено
حسنت,1,Исследование не завершено
حسنهن,1,Исследование не завершено
حسوما,1,Исследование не завершено
حسير,1,Исследование не завершено
حسيسها,1,Исследование не завершено
حشرت,1,Исследование не завершено
حشرتني,1,Исследование не завершено
حصاده,1,Исследование не завершено
حصب,1,Исследование не завершено
حصحص,1,Исследование не завершено
حصدتم,1,Исследование не завершено
حصرت,1,Исследование не завершено
حصونهم,1,Исследование не завершено
حصيرا,1,Исследование не завершено
حضروه,1,Исследование не завершено
حطبا,1,Исследование не завершено
حفرة,1,Исследование не завершено
حفظ,1,Исследование не завершено
حفظة,1,Исследование не завершено
حفظهما,1,Исследование не завершено
حفي,1,Исследование не завершено
حفيا,1,Исследование не завершено
حقبا,1,Исследование не завершено
حقيق,1,Исследование не завершено
حكمة,1,Исследование не завершено
حكمت,1,Исследование не завершено
حكمتم,1,Исследование не завершено
حكمه,1,Исследование не завершено
حلا,1,Исследование не завершено
حلاف,1,Исследование не завершено
حلال,1,Исследование не завершено
حلفتم,1,Исследование не завершено
حللتم,1,Исследование не завершено
حليهم,1,Исследование не завершено
حمئة,1,Исследование не завершено
حمارك,1,Исследование не завершено
حمالة,1,Исследование не завершено
حمر,1,Исследование не завершено
حملتم,1,Исследование не завершено
حملناكم,1,Исследование не завершено
حملوا,1,Исследование не завершено
حمولة,1,Исследование не завершено
حمية,1,Исследование не завершено
حميدا,1,Исследование не завершено
حنيذ,1,Исследование не завершено
حنين,1,Исследование не завершено
حوبا,1,Исследование не завершено
حوتهما,1,Исследование не завершено
حور,1,Исследование не завершено
حولا,1,Исследование не завершено
حولك,1,Исследование не завершено
حولين,1,Исследование не завершено
حياتكم,1,Исследование не завершено
حية,1,Исследование не завершено
حيتانهم,1,Исследование не завершено
حيران,1,Исследование не завершено
حيلة,1,Исследование не завершено
حينئذ,1,Исследование не завершено
حيوك,1,Исследование не завершено
حييتم,1,Исследование не завершено
خائبين,1,Исследование не завершено
خائفين,1,Исследование не завершено
خادعهم,1,Исследование не завершено
خاسئا,1,Исследование не завершено
خاسرة,1,Исследование не завершено
خاشعا,1,Исследование не завершено
خاشعون,1,Исследование не завершено
خاصة,1,Исследование не завершено
خاضعين,1,Исследование не завершено
خاضوا,1,Исследование не завершено
خاطئة,1,Исследование не завершено
خاطبهم,1,Исследование не завершено
خافت,1,Исследование не завершено
خافضة,1,Исследование не завершено
خافوا,1,Исследование не завершено
خافية,1,Исследование не завершено
خالاتك,1,Исследование не завершено
خالاتكم,1,Исследование не завершено
خالد,1,Исследование не завершено
خالصا,1,Исследование не завершено
خالك,1,Исследование не завершено
خامدون,1,Исследование не завершено
خامدين,1,Исследование не завершено
خانوا,1,Исследование не завершено
خبت,1,Исследование не завершено
خبث,1,Исследование не завершено
خبزا,1,Исследование не завершено
ختار,1,Исследование не завершено
ختامه,1,Исследование не завершено
ختم,1,Исследование не завершено
خدك,1,Исследование не завершено
خذها,1,Исследование не завершено
خذولا,1,Исследование не завершено
خرابها,1,Исследование не завершено
خرجتم,1,Исследование не завершено
خرجن,1,Исследование не завершено
خرقها,1,Исследование не завершено
خروج,1,Исследование не завершено
خزائنه,1,Исследование не завершено
خسرا,1,Исследование не завершено
خسرانا,1,Исследование не завершено
خسفنا,1,Исследование не завершено
خشب,1,Исследование не завершено
خشعا,1,Исследование не завершено
خشوعا,1,Исследование не завершено
خشيت,1,Исследование не завершено
خشيته,1,Исследование не завершено
خصاصة,1,Исследование не завершено
خصمون,1,Исследование не завершено
خصيما,1,Исследование не завершено
خطئا,1,Исследование не завершено
خطابا,1,Исследование не завершено
خطاياهم,1,Исследование не завершено
خطبة,1,Исследование не завершено
خطبك,1,Исследование не завершено
خطبكما,1,Исследование не завершено
خطبكن,1,Исследование не завершено
خطف,1,Исследование не завершено
خطيئاتكم,1,Исследование не завершено
خطيئاتهم,1,Исследование не завершено
خطيئة,1,Исследование не завершено
خطيئته,1,Исследование не завершено
خطيئتي,1,Исследование не завершено
خفافا,1,Исследование не завершено
خفتكم,1,Исследование не завершено
خفف,1,Исследование не завершено
خفي,1,Исследование не завершено
خفيا,1,Исследование не завершено
خفيفا,1,Исследование не завершено
خلافك,1,Исследование не завершено
خلالكم,1,Исследование не завершено
خلالهما,1,Исследование не завершено
خلة,1,Исследование не завершено
خلصوا,1,Исследование не завершено
خلطوا,1,Исследование не завершено
خلفة,1,Исследование не завершено
خلفتموني,1,Исследование не завершено
خلفك,1,Исследование не завершено
خلفكم,1,Исследование не завершено
خلفنا,1,Исследование не завершено
خلفها,1,Исследование не завершено
خلفوا,1,Исследование не завершено
خلقتك,1,Исследование не завершено
خلقته,1,Исследование не завершено
خلقناهما,1,Исследование не завершено
خلقني,1,Исследование не завершено
خلقها,1,Исследование не завершено
خمر,1,Исследование не завершено
خمسه,1,Исследование не завершено
خمط,1,Исследование не завершено
خنزير,1,Исследование не завершено
خوان,1,Исследование не завершено
خوانا,1,Исследование не завершено
خوض,1,Исследование не завершено
خوضهم,1,Исследование не завершено
خوفهم,1,Исследование не завершено
خولناكم,1,Исследование не завершено
خولناه,1,Исследование не завершено
خوله,1,Исследование не завершено
خيانة,1,Исследование не завершено
خيانتك,1,Исследование не завершено
خيرات,1,Исследование не завершено
خيفته,1,Исследование не завершено
خيل,1,Исследование не завершено
دأب,1,Исследование не завершено
دأبا,1,Исследование не завершено
دائبين,1,Исследование не завершено
دائم,1,Исследование не завершено
دائمون,1,Исследование не завершено
داحضة,1,Исследование не завершено
داخلون,1,Исследование не завершено
داركم,1,Исследование не завершено
دافق,1,Исследование не завершено
داموا,1,Исследование не завершено
دان,1,Исследование не завершено
دبره,1,Исследование не завершено
دحاها,1,Исследование не завершено
دحورا,1,Исследование не завершено
دخان,1,Исследование не завершено
دخلتموه,1,Исследование не завершено
دخله,1,Исследование не завершено
دخلوه,1,Исследование не завершено
دراستهم,1,Исследование не завершено
دراهم,1,Исследование не завершено
درست,1,Исследование не завершено
دركا,1,Исследование не завершено
دري,1,Исследование не завершено
دساها,1,Исследование не завершено
دعاءكم,1,Исследование не завершено
دعاءه,1,Исследование не завершено
دعاؤكم,1,Исследование не завершено
دعائهم,1,Исследование не завершено
دعائي,1,Исследование не завершено
دعان,1,Исследование не завершено
دعاه,1,Исследование не завершено
دعوت,1,Исследование не завершено
دعوتك,1,Исследование не завершено
دعوتكم,1,Исследование не завершено
دعوتكما,1,Исследование не завершено
دعي,1,Исследование не завершено
دعيتم,1,Исследование не завершено
دفء,1,Исследование не завершено
دفعتم,1,Исследование не завершено
دكاء,1,Исследование не завершено
دكة,1,Исследование не завершено
دكت,1,Исследование не завершено
دلهم,1,Исследование не завершено
دلوه,1,Исследование не завершено
دليلا,1,Исследование не завершено
دما,1,Исследование не завершено
دماءكم,1,Исследование не завершено
دماؤها,1,Исследование не завершено
دمتم,1,Исследование не завершено
دمر,1,Исследование не завершено
دمرناهم,1,Исследование не завершено
دنا,1,Исследование не завершено
دهاقا,1,Исследование не завершено
دولة,1,Исследование не завершено
دونكم,1,Исследование не завершено
دوننا,1,Исследование не завершено
دونها,1,Исследование не завершено
ديارا,1,Исследование не завершено
ديارنا,1,Исследование не завершено
ذاقا,1,Исследование не завершено
ذاهب,1,Исследование не завершено
ذبابا,1,Исследование не завершено
ذبح,1,Исследование не завершено
ذرأنا,1,Исследование не завершено
ذراعا,1,Исследование не завершено
ذراعيه,1,Исследование не завершено
ذرعها,1,Исследование не завершено
ذرنا,1,Исследование не завершено
ذرني,1,Исследование не завершено
ذروا,1,Исследование не завершено
ذرونا,1,Исследование не завершено
ذروني,1,Исследование не завершено
ذريتنا,1,Исследование не завершено
ذق,1,Исследование не завершено
ذكرانا,1,Исследование не завершено
ذكراها,1,Исследование не завершено
ذكراهم,1,Исследование не завершено
ذكرت,1,Исследование не завершено
ذكرتم,1,Исследование не завершено
ذكرك,1,Исследование не завершено
ذكركم,1,Исследование не завершено
ذكرهم,1,Исследование не завершено
ذكيتم,1,Исследование не завершено
ذلكما,1,Проверяемое соответствие не найдено. Все 1 вхождений — служебные формы или местоимения по QAC v0.4 (указательное местоимение; https://corpus.quran.com/download/). Их грамматическая функция не задаёт независимой измеримой величины для сравнения с частотой.
ذللا,1,Исследование не завершено
ذلول,1,Исследование не завершено
ذلولا,1,Исследование не завершено
ذنبك,1,Исследование не завершено
ذنبه,1,Исследование не завершено
ذنوب,1,Исследование не завершено
ذنوبا,1,Исследование не завершено
ذهاب,1,Исследование не завершено
ذهبا,1,Исследование не завершено
ذهبت,1,Исследование не завершено
ذهبنا,1,Исследование не завершено
ذهبوا,1,Исследование не завершено
ذواتا,1,Исследование не завершено
ذواتي,1,Исследование не завершено
رآك,1,Исследование не завершено
رأته,1,Исследование не завершено
رأتهم,1,Исследование не завершено
رأسي,1,Исследование не завершено
رأوك,1,Исследование не завершено
رأوها,1,Исследование не завершено
رأوهم,1,Исследование не завершено
رأي,1,Исследование не завершено
رأيتموه,1,Исследование не завершено
رأينه,1,Исследование не завершено
رؤياك,1,Исследование не завершено
رابيا,1,Исследование не завершено
رابية,1,Исследование не завершено
راد,1,Исследование не завершено
رادوه,1,Исследование не завершено
راسيات,1,Исследование не завершено
راعنا,1,Исследование не завершено
رافعة,1,Исследование не завершено
راق,1,Исследование не завершено
راكعا,1,Исследование не завершено
راكعون,1,Исследование не завершено
ران,1,Исследование не завершено
راودتن,1,Исследование не завершено
راودتني,1,Исследование не завершено
راودوه,1,Исследование не завершено
رباط,1,Исследование не завершено
ربانيين,1,Исследование не завершено
ربحت,1,Исследование не завершено
ربطنا,1,Исследование не завершено
ربما,1,Исследование не завершено
ربوة,1,Исследование не завершено
ربياني,1,Исследование не завершено
ربيون,1,Исследование не завершено
رتقا,1,Исследование не завершено
رجا,1,Исследование не завершено
رجت,1,Исследование не завершено
رجسا,1,Исследование не завершено
رجسهم,1,Исследование не завершено
رجعت,1,Исследование не завершено
رجعك,1,Исследование не завершено
رجعنا,1,Исследование не завершено
رجعه,1,Исследование не завершено
رجلان,1,Исследование не завершено
رجما,1,Исследование не завершено
رجوما,1,Исследование не завершено
رحالهم,1,Исследование не завершено
رحل,1,Исследование не завершено
رحلة,1,Исследование не завершено
رحله,1,Исследование не завершено
رحما,1,Исследование не завершено
رحماء,1,Исследование не завершено
رحمتك,1,Исследование не завершено
رحمتي,1,Исследование не завершено
رحمنا,1,Исследование не завершено
رحمناهم,1,Исследование не завершено
رحمه,1,Исследование не завершено
رحيق,1,Исследование не завершено
رخاء,1,Исследование не завершено
ردءا,1,Исследование не завершено
رددت,1,Исследование не завершено
رددنا,1,Исследование не завершено
رددناه,1,Исследование не завершено
ردف,1,Исследование не завершено
ردما,1,Исследование не завершено
ردها,1,Исследование не завершено
ردوه,1,Исследование не завершено
رزقنا,1,Исследование не завершено
رزقناه,1,Исследование не завершено
رزقهن,1,Исследование не завершено
رزقوا,1,Исследование не завершено
رسالة,1,Исследование не завершено
رسلك,1,Исследование не завершено
رسلكم,1,Исследование не завершено
رسلي,1,Исследование не завершено
رسولها,1,Исследование не завершено
رشده,1,Исследование не завершено
رشيد,1,Исследование не завершено
رضيا,1,Исследование не завершено
رضيتم,1,Исследование не завершено
رطب,1,Исследование не завершено
رطبا,1,Исследование не завершено
رعايتها,1,Исследование не завершено
رعبا,1,Исследование не завершено
رعوها,1,Исследование не завершено
رغبا,1,Исследование не завершено
رفث,1,Исследование не завершено
رفرف,1,Исследование не завершено
رفعت,1,Исследование не завершено
رفعه,1,Исследование не завершено
رفعها,1,Исследование не завершено
رفيع,1,Исследование не завершено
رفيقا,1,Исследование не завершено
رق,1,Исследование не завершено
رقود,1,Исследование не завершено
ركاب,1,Исследование не завершено
ركاما,1,Исследование не завершено
ركبا,1,Исследование не завершено
ركبانا,1,Исследование не завершено
ركبك,1,Исследование не завершено
ركبوا,1,Исследование не завершено
ركزا,1,Исследование не завершено
ركعا,1,Исследование не завершено
ركن,1,Исследование не завершено
ركوبهم,1,Исследование не завершено
رمزا,1,Исследование не завершено
رمضان,1,Исследование не завершено
رمى,1,Исследование не завершено
رميم,1,Исследование не завершено
رهبة,1,Исследование не завершено
رهط,1,Исследование не завершено
رهطك,1,Исследование не завершено
رهوا,1,Исследование не завершено
رهين,1,Исследование не завершено
رهينة,1,Исследование не завершено
رواكد,1,Исследование не завершено
روحا,1,Исследование не завершено
روحه,1,Исследование не завершено
روضات,1,Исследование не завершено
روضة,1,Исследование не завершено
رويدا,1,Исследование не завершено
ريبة,1,Исследование не завершено
ريبهم,1,Исследование не завершено
ريحكم,1,Исследование не завершено
ريع,1,Исследование не завершено
زادته,1,Исследование не завершено
زادتهم,1,Исследование не завершено
زادوكم,1,Исследование не завершено
زادوهم,1,Исследование не завершено
زاغ,1,Исследование не завершено
زاغوا,1,Исследование не завершено
زالت,1,Исследование не завершено
زالتا,1,Исследование не завершено
زان,1,Исследование не завершено
زانية,1,Исследование не завершено
زاهق,1,Исследование не завершено
زبد,1,Исследование не завершено
زبدا,1,Исследование не завершено
زبرا,1,Исследование не завершено
زجاجة,1,Исследование не завершено
زجرا,1,Исследование не завершено
زحزح,1,Исследование не завершено
زحفا,1,Исследование не завершено
زخرفها,1,Исследование не завершено
زد,1,Исследование не завершено
زدني,1,Исследование не завершено
زرتم,1,Исследование не завершено
زرع,1,Исследование не завершено
زرقا,1,Исследование не завершено
زعم,1,Исследование не завершено
زعمت,1,Исследование не завершено
زقوم,1,Исследование не завершено
زكاها,1,Исследование не завершено
زكى,1,Исследование не завершено
زكيا,1,Исследование не завершено
زكية,1,Исследование не завершено
زلتم,1,Исследование не завершено
زلزالا,1,Исследование не завершено
زلزالها,1,Исследование не завершено
زلزلة,1,Исследование не завершено
زلزلت,1,Исследование не завершено
زلفة,1,Исследование не завершено
زلقا,1,Исследование не завершено
زللتم,1,Исследование не завершено
زمهريرا,1,Исследование не завершено
زنجبيلا,1,Исследование не завершено
زنيم,1,Исследование не завершено
زهرة,1,Исследование не завершено
زهوقا,1,Исследование не завершено
زوال,1,Исследование не завершено
زوجا,1,Исследование не завершено
زوجان,1,Исследование не завершено
زوجت,1,Исследование не завершено
زوجك,1,Исследование не завершено
زوجناكها,1,Исследование не завершено
زوجه,1,Исследование не завершено
زيادة,1,Исследование не завершено
زيتها,1,Исследование не завершено
زيتونة,1,Исследование не завершено
زيد,1,Исследование не завершено
زيغ,1,Исследование не завершено
زينتكم,1,Исследование не завершено
زينته,1,Исследование не завершено
سآتيكم,1,Исследование не завершено
سآوي,1,Исследование не завершено
سأتلو,1,Исследование не завершено
سأرهقه,1,Исследование не завершено
سأستغفر,1,Исследование не завершено
سأصرف,1,Исследование не завершено
سأصليه,1,Исследование не завершено
سأل,1,Исследование не завершено
سألتك,1,Исследование не завершено
سألتم,1,Исследование не завершено
سألتموه,1,Исследование не завершено
سألتموهن,1,Исследование не завершено
سألقي,1,Исследование не завершено
سألك,1,Исследование не завершено
سألها,1,Исследование не завершено
سألهم,1,Исследование не завершено
سألوا,1,Исследование не завершено
سأنبئك,1,Исследование не завершено
سأنزل,1,Исследование не завершено
سؤلك,1,Исследование не завершено
سئل,1,Исследование не завершено
سئلت,1,Исследование не завершено
سئلوا,1,Исследование не завершено
ساءت,1,Исследование не завершено
سائبة,1,Исследование не завершено
سائحات,1,Исследование не завершено
سائغ,1,Исследование не завершено
سائغا,1,Исследование не завершено
سائق,1,Исследование не завершено
سائل,1,Исследование не завершено
سابغات,1,Исследование не завершено
سابقوا,1,Исследование не завершено
سابقون,1,Исследование не завершено
سابقين,1,Исследование не завершено
ساجدا,1,Исследование не завершено
سادتنا,1,Исследование не завершено
سارقين,1,Исследование не завершено
سافلين,1,Исследование не завершено
ساق,1,Исследование не завершено
ساقطا,1,Исследование не завершено
ساقيها,1,Исследование не завершено
ساكنا,1,Исследование не завершено
سالمون,1,Исследование не завершено
سامدون,1,Исследование не завершено
سامرا,1,Исследование не завершено
سامري,1,Исследование не завершено
ساوى,1,Исследование не завершено
سبإ,1,Исследование не завершено
سبتهم,1,Исследование не завершено
سبحوا,1,Исследование не завершено
سبعون,1,Исследование не завершено
سبقا,1,Исследование не завершено
سبقوا,1,Исследование не завершено
سبيلنا,1,Исследование не завершено
سبيلهم,1,Исследование не завершено
ستجدون,1,Исследование не завершено
ستدعون,1,Исследование не завершено
ستذكرونهن,1,Исследование не завершено
سترا,1,Исследование не завершено
ستغلبون,1,Исследование не завершено
ستكتب,1,Исследование не завершено
ستين,1,Исследование не завершено
سجدوا,1,Исследование не завершено
سجرت,1,Исследование не завершено
سجى,1,Исследование не завершено
سحار,1,Исследование не завершено
سحران,1,Исследование не завершено
سحرهم,1,Исследование не завершено
سحروا,1,Исследование не завершено
سحيق,1,Исследование не завершено
سخرنا,1,Исследование не завершено
سخرناها,1,Исследование не завершено
سخط,1,Исследование не завершено
سدرة,1,Исследование не завершено
سدى,1,Исследование не завершено
سرابا,1,Исследование не завершено
سرابيل,1,Исследование не завершено
سرابيلهم,1,Исследование не завершено
سرادقها,1,Исследование не завершено
سربا,1,Исследование не завершено
سرحوهن,1,Исследование не завершено
سركم,1,Исследование не завершено
سريا,1,Исследование не завершено
سطحت,1,Исследование не завершено
سعدوا,1,Исследование не завершено
سعرت,1,Исследование не завершено
سعيا,1,Исследование не завершено
سعيه,1,Исследование не завершено
سعيها,1,Исследование не завершено
سفرة,1,Исследование не завершено
سفرنا,1,Исследование не завершено
سفه,1,Исследование не завершено
سفها,1,Исследование не завершено
سفينة,1,Исследование не завершено
سفيها,1,Исследование не завершено
سفيهنا,1,Исследование не завершено
سقاية,1,Исследование не завершено
سقط,1,Исследование не завершено
سقطوا,1,Исследование не завершено
سقناه,1,Исследование не завершено
سقيت,1,Исследование не завершено
سكت,1,Исследование не завершено
سكرا,1,Исследование не завершено
سكرة,1,Исследование не завершено
سكرت,1,Исследование не завершено
سكرتهم,1,Исследование не завершено
سكنتم,1,Исследование не завершено
سكينا,1,Исследование не завершено
سكينة,1,Исследование не завершено
سل,1,Исследование не завершено
سلاسل,1,Исследование не завершено
سلسبيلا,1,Исследование не завершено
سلسلة,1,Исследование не завершено
سلطانه,1,Исследование не завершено
سلطانيه,1,Исследование не завершено
سلفا,1,Исследование не завершено
سلقوكم,1,Исследование не завершено
سلككم,1,Исследование не завершено
سلكناه,1,Исследование не завершено
سلمتم,1,Исследование не завершено
سلهم,1,Исследование не завершено
سم,1,Исследование не завершено
سماكم,1,Исследование не завершено
سمعت,1,Исследование не завершено
سمعتم,1,Исследование не завершено
سمكها,1,Исследование не завершено
سموم,1,Исследование не завершено
سموهم,1,Исследование не завершено
سميتها,1,Исследование не завершено
سمين,1,Исследование не завершено
سنؤتيهم,1,Исследование не завершено
سنا,1,Исследование не завершено
سنابل,1,Исследование не завершено
سنبلة,1,Исследование не завершено
سنبله,1,Исследование не завершено
سنجزي,1,Исследование не завершено
سندع,1,Исследование не завершено
سنراود,1,Исследование не завершено
سنريهم,1,Исследование не завершено
سنزيد,1,Исследование не завершено
سنسمه,1,Исследование не завершено
سنشد,1,Исследование не завершено
سنطيعكم,1,Исследование не завершено
سنعذبهم,1,Исследование не завершено
سنعيدها,1,Исследование не завершено
سنفرغ,1,Исследование не завершено
سنقتل,1,Исследование не завершено
سنقرئك,1,Исследование не завершено
سنمتعهم,1,Исследование не завершено
سننظر,1,Исследование не завершено
سهولها,1,Исследование не завершено
سوآتكم,1,Исследование не завершено
سواعا,1,Исследование не завершено
سواك,1,Исследование не завершено
سواه,1,Исследование не завершено
سواها,1,Исследование не завершено
سود,1,Исследование не завершено
سور,1,Исследование не завершено
سوط,1,Исследование не завершено
سوقه,1,Исследование не завершено
سول,1,Исследование не завершено
سوى,1,Исследование не завершено
سيؤتينا,1,Исследование не завершено
سيئا,1,Исследование не завершено
سيئاتنا,1,Исследование не завершено
سيئت,1,Исследование не завершено
سيئه,1,Исследование не завершено
سيارة,1,Исследование не завершено
سيبطله,1,Исследование не завершено
سيحلفون,1,Исследование не завершено
سيدخلهم,1,Исследование не завершено
سيدخلون,1,Исследование не завершено
سيدها,1,Исследование не завершено
سيذكر,1,Исследование не завершено
سيرا,1,Исследование не завершено
سيرتها,1,Исследование не завершено
سيرحمهم,1,Исследование не завершено
سيريكم,1,Исследование не завершено
سيصلى,1,Исследование не завершено
سيصيبهم,1,Исследование не завершено
سيطوقون,1,Исследование не завершено
سيغفر,1,Исследование не завершено
سيغلبون,1,Исследование не завершено
سيكفرون,1,Исследование не завершено
سيكون,1,Исследование не завершено
سيل,1,Исследование не завершено
سيماهم,1,Исследование не завершено
سيناء,1,Исследование не завершено
سينالهم,1,Исследование не завершено
سينين,1,Исследование не завершено
سيهديهم,1,Исследование не завершено
سيهزم,1,Исследование не завершено
شأنهم,1,Исследование не завершено
شاخصة,1,Исследование не завершено
شاطئ,1,Исследование не завершено
شافعين,1,Исследование не завершено
شاكر,1,Исследование не завершено
شاكرون,1,Исследование не завершено
شاكرين,1,Исследование не завершено
شاكلته,1,Исследование не завершено
شامخات,1,Исследование не завершено
شانئك,1,Исследование не завершено
شاهدون,1,Исследование не завершено
شبه,1,Исследование не завершено
شجرت,1,Исследование не завершено
شجرتها,1,Исследование не завершено
شجرها,1,Исследование не завершено
شحومهما,1,Исследование не завершено
شدادا,1,Исследование не завершено
شرابه,1,Исследование не завершено
شرع,1,Исследование не завершено
شرعا,1,Исследование не завершено
شرعة,1,Исследование не завершено
شرعوا,1,Исследование не завершено
شرقيا,1,Исследование не завершено
شرقية,1,Исследование не завершено
شركاءهم,1,Исследование не завершено
شركاؤكم,1,Исследование не завершено
شركاؤنا,1,Исследование не завершено
شره,1,Исследование не завершено
شروا,1,Исследование не завершено
شريعة,1,Исследование не завершено
شطأه,1,Исследование не завершено
شعب,1,Исследование не завершено
شعوبا,1,Исследование не завершено
شغفها,1,Исследование не завершено
شغل,1,Исследование не завершено
شغلتنا,1,Исследование не завершено
شفعاءكم,1,Исследование не завершено
شفعاؤنا,1,Исследование не завершено
شقا,1,Исследование не завершено
شقاقي,1,Исследование не завершено
شققنا,1,Исследование не завершено
شقوا,1,Исследование не завершено
شقوتنا,1,Исследование не завершено
شقي,1,Исследование не завершено
شكرا,1,Исследование не завершено
شكله,1,Исследование не завершено
شمائلهم,1,Исследование не завершено
شمسا,1,Исследование не завершено
شهابا,1,Исследование не завершено
شهادتهم,1,Исследование не завершено
شهادتهما,1,Исследование не завершено
شهدتم,1,Исследование не завершено
شهود,1,Исследование не завершено
شهيدين,1,Исследование не завершено
شهيقا,1,Исследование не завершено
شواظ,1,Исследование не завершено
شورى,1,Исследование не завершено
شياطين,1,Исследование не завершено
شياطينهم,1,Исследование не завершено
شية,1,Исследование не завершено
شيخ,1,Исследование не завершено
شيع,1,Исследование не завершено
شيعة,1,Исследование не завершено
شيوخا,1,Исследование не завершено
ص,1,Исследование не завершено
صابرة,1,Исследование не завершено
صابرون,1,Исследование не завершено
صاحبه,1,Исследование не завершено
صاحبهم,1,Исследование не завершено
صادق,1,Исследование не завершено
صادقا,1,Исследование не завершено
صارمين,1,Исследование не завершено
صاغرين,1,Исследование не завершено
صال,1,Исследование не завершено
صالو,1,Исследование не завершено
صامتون,1,Исследование не завершено
صبا,1,Исследование не завершено
صباح,1,Исследование не завершено
صببنا,1,Исследование не завершено
صبحا,1,Исследование не завершено
صبحهم,1,Исследование не завершено
صبرك,1,Исследование не завершено
صبوا,1,Исследование не завершено
صخرة,1,Исследование не завершено
صد,1,Исследование не завершено
صددتم,1,Исследование не завершено
صددناكم,1,Исследование не завершено
صدرا,1,Исследование не завершено
صدقا,1,Исследование не завершено
صدقات,1,Исследование не завершено
صدقاتكم,1,Исследование не завершено
صدقاتهن,1,Исследование не завершено
صدقت,1,Исследование не завершено
صدقتنا,1,Исследование не завершено
صدقكم,1,Исследование не завершено
صدقنا,1,Исследование не завершено
صدقناهم,1,Исследование не завершено
صدودا,1,Исследование не завершено
صدوكم,1,Исследование не завершено
صديد,1,Исследование не завершено
صديق,1,Исследование не завершено
صديقة,1,Исследование не завершено
صديقكم,1,Исследование не завершено
صر,1,Исследование не завершено
صراطك,1,Исследование не завершено
صراطي,1,Исследование не завершено
صرة,1,Исследование не завершено
صرح,1,Исследование не завершено
صرصر,1,Исследование не завершено
صرعى,1,Исследование не завершено
صرف,1,Исследование не завершено
صرفا,1,Исследование не завершено
صرفت,1,Исследование не завершено
صرفكم,1,Исследование не завершено
صرفناه,1,Исследование не завершено
صريخ,1,Исследование не завершено
صعدا,1,Исследование не завершено
صعقا,1,Исследование не завершено
صعودا,1,Исследование не завершено
صغار,1,Исследование не завершено
صغت,1,Исследование не завершено
صغير,1,Исследование не завершено
صفحا,1,Исследование не завершено
صفر,1,Исследование не завершено
صفراء,1,Исследование не завершено
صفصفا,1,Исследование не завершено
صفوان,1,Исследование не завершено
صلاتك,1,Исследование не завершено
صلاته,1,Исследование не завершено
صلاتي,1,Исследование не завершено
صلبوه,1,Исследование не завершено
صلحا,1,Исследование не завершено
صلدا,1,Исследование не завершено
صلوا,1,Исследование не завершено
صلوات,1,Исследование не завершено
صلواتهم,1,Исследование не завершено
صلوه,1,Исследование не завершено
صليا,1,Исследование не завершено
صما,1,Исследование не завершено
صنع,1,Исследование не завершено
صنعا,1,Исследование не завершено
صنعة,1,Исследование не завершено
صوابا,1,Исследование не завершено
صواع,1,Исследование не завершено
صواف,1,Исследование не завершено
صوامع,1,Исследование не завершено
صوت,1,Исследование не завершено
صوتك,1,Исследование не завершено
صورة,1,Исследование не завершено
صورناكم,1,Исследование не завершено
صوما,1,Исследование не завершено
صياصيهم,1,Исследование не завершено
صيام,1,Исследование не завершено
صياما,1,Исследование не завершено
ضاحكا,1,Исследование не завершено
ضاحكة,1,Исследование не завершено
ضاقت,1,Исследование не завершено
ضالا,1,Исследование не завершено
ضامر,1,Исследование не завершено
ضبحا,1,Исследование не завершено
ضدا,1,Исследование не завершено
ضربت,1,Исследование не завершено
ضربوه,1,Исследование не завершено
ضريع,1,Исследование не завершено
ضعافا,1,Исследование не завершено
ضعفاء,1,Исследование не завершено
ضعفوا,1,Исследование не завершено
ضغثا,1,Исследование не завершено
ضلالة,1,Исследование не завершено
ضلالك,1,Исследование не завершено
ضللنا,1,Исследование не завершено
ضنكا,1,Исследование не завершено
ضياء,1,Исследование не завершено
ضير,1,Исследование не завершено
ضيزى,1,Исследование не завершено
ضيفه,1,Исследование не завершено
طائر,1,Исследование не завершено
طائره,1,Исследование не завершено
طائرهم,1,Исследование не завершено
طائعين,1,Исследование не завершено
طائفتين,1,Исследование не завершено
طاب,1,Исследование не завершено
طاعم,1,Исследование не завершено
طال,1,Исследование не завершено
طبتم,1,Исследование не завершено
طبق,1,Исследование не завершено
طبقا,1,Исследование не завершено
طبن,1,Исследование не завершено
طحاها,1,Исследование не завершено
طردتهم,1,Исследование не завершено
طرف,1,Исследование не завершено
طرفا,1,Исследование не завершено
طرفك,1,Исследование не завершено
طرفهم,1,Исследование не завершено
طرفي,1,Исследование не завершено
طريقة,1,Исследование не завершено
طس,1,Исследование не завершено
طعاما,1,Исследование не завершено
طعامك,1,Исследование не завершено
طعامه,1,Исследование не завершено
طعمتم,1,Исследование не завершено
طعمه,1,Исследование не завершено
طعموا,1,Исследование не завершено
طغوا,1,Исследование не завершено
طلبا,1,Исследование не завершено
طلع,1,Исследование не завершено
طلعت,1,Исследование не завершено
طلقكن,1,Исследование не завершено
طمست,1,Исследование не завершено
طه,1,Исследование не завершено
طهرا,1,Исследование не завершено
طوافون,1,Исследование не завершено
طوبى,1,Исследование не завершено
طور,1,Исследование не завершено
طيباتكم,1,Исследование не завершено
طيبين,1,Исследование не завершено
طير,1,Исследование не завершено
طينا,1,Исследование не завершено
ظاهر,1,Исследование не завершено
ظاهروهم,1,Исследование не завершено
ظعنكم,1,Исследование не завершено
ظفر,1,Исследование не завершено
ظلا,1,Исследование не завершено
ظلالا,1,Исследование не завершено
ظلاله,1,Исследование не завершено
ظلالها,1,Исследование не завершено
ظلة,1,Исследование не завершено
ظلت,1,Исследование не завершено
ظلمك,1,Исследование не завершено
ظلمنا,1,Исследование не завершено
ظلوما,1,Исследование не завершено
ظليل,1,Исследование не завершено
ظليلا,1,Исследование не завершено
ظمأ,1,Исследование не завершено
ظننت,1,Исследование не завершено
ظنه,1,Исследование не завершено
ظنوا,1,Исследование не завершено
ظهرك,1,Исследование не завершено
ظهرها,1,Исследование не завершено
ظهريا,1,Исследование не завершено
ظهوركم,1,Исследование не завершено
ظهوره,1,Исследование не завершено
ظهورهما,1,Исследование не завершено
عائدون,1,Исследование не завершено
عائلا,1,Исследование не завершено
عابد,1,Исследование не завершено
عابدات,1,Исследование не завершено
عابري,1,Исследование не завершено
عاتية,1,Исследование не завершено
عادون,1,Исследование не завершено
عاديتم,1,Исследование не завершено
عارض,1,Исследование не завершено
عارضا,1,Исследование не завершено
عاصفة,1,Исследование не завершено
عاقب,1,Исследование не завершено
عاقبتم,1,Исследование не завершено
عاقبتهما,1,Исследование не завершено
عاقر,1,Исследование не завершено
عاكفا,1,Исследование не завершено
عاليا,1,Исследование не завершено
عالين,1,Исследование не завершено
عاليهم,1,Исследование не завершено
عاملة,1,Исследование не завершено
عامهم,1,Исследование не завершено
عامين,1,Исследование не завершено
عاهدت,1,Исследование не завершено
عبادتكم,1,Исследование не завершено
عبادتي,1,Исследование не завершено
عبادكم,1,Исследование не завершено
عبثا,1,Исследование не завершено
عبدت,1,Исследование не завершено
عبدتم,1,Исследование не завершено
عبدناهم,1,Исследование не завершено
عبدين,1,Исследование не завершено
عبرة,1,Исследование не завершено
عبوسا,1,Исследование не завершено
عتت,1,Исследование не завершено
عتل,1,Исследование не завершено
عتو,1,Исследование не завершено
عثر,1,Исследование не завершено
عجاب,1,Исследование не завершено
عجبت,1,Исследование не завершено
عجبوا,1,Исследование не завершено
عجلنا,1,Исследование не завершено
عجولا,1,Исследование не завершено
عدتم,1,Исследование не завершено
عدتهم,1,Исследование не завершено
عدوانا,1,Исследование не завершено
عدوهم,1,Исследование не завершено
عدوي,1,Исследование не завершено
عذابهما,1,Исследование не завершено
عربا,1,Исследование не завершено
عرشك,1,Исследование не завершено
عرشه,1,Исследование не завершено
عرشها,1,Исследование не завершено
عرضة,1,Исследование не завершено
عرضتم,1,Исследование не завершено
عرضنا,1,Исследование не завершено
عرضهم,1,Исследование не завершено
عرف,1,Исследование не завершено
عرفا,1,Исследование не завершено
عرفات,1,Исследование не завершено
عرفها,1,Исследование не завершено
عريض,1,Исследование не завершено
عزا,1,Исследование не завершено
عزة,1,Исследование не завершено
عزلت,1,Исследование не завершено
عزما,1,Исследование не завершено
عزمت,1,Исследование не завершено
عزموا,1,Исследование не завершено
عزير,1,Исследование не завершено
عزين,1,Исследование не завершено
عسرا,1,Исследование не завершено
عسرة,1,Исследование не завершено
عسعس,1,Исследование не завершено
عسق,1,Исследование не завершено
عسل,1,Исследование не завершено
عسير,1,Исследование не завершено
عسيرا,1,Исследование не завершено
عشاء,1,Исследование не завершено
عشرون,1,Исследование не завершено
عشية,1,Исследование не завершено
عشيرتك,1,Исследование не завершено
عشيرتهم,1,Исследование не завершено
عصاني,1,Исследование не завершено
عصاي,1,Исследование не завершено
عصفا,1,Исследование не завершено
عصوك,1,Исследование не завершено
عصوني,1,Исследование не завершено
عصيب,1,Исследование не завершено
عصيته,1,Исследование не завершено
عضدا,1,Исследование не завершено
عضدك,1,Исследование не завершено
عضوا,1,Исследование не завершено
عضين,1,Исследование не завершено
عطاؤنا,1,Исследование не завершено
عطفه,1,Исследование не завершено
عطلت,1,Исследование не завершено
عظامه,1,Исследование не завершено
عفريت,1,Исследование не завершено
عفونا,1,Исследование не завершено
عفي,1,Исследование не завершено
عقبا,1,Исследование не завершено
عقباها,1,Исследование не завершено
عقبه,1,Исследование не завершено
عقدت,1,Исследование не завершено
عقدتم,1,Исследование не завершено
عقلوه,1,Исследование не завершено
عقيما,1,Исследование не завершено
علا,1,Исследование не завершено
علق,1,Исследование не завершено
علماء,1,Исследование не завершено
علمتك,1,Исследование не завершено
علمتموهن,1,Исследование не завершено
علمتنا,1,Исследование не завершено
علمته,1,Исследование не завершено
علمني,1,Исследование не завершено
علمهم,1,Исследование не завершено
علموا,1,Исследование не завершено
علمي,1,Исследование не завершено
عليكما,1,Проверяемое соответствие не найдено. Все 1 вхождений — служебные формы или местоимения по QAC v0.4 (предлог; https://corpus.quran.com/download/). Их грамматическая функция не задаёт независимой измеримой величины для сравнения с частотой.
عليون,1,Исследование не завершено
عليين,1,Исследование не завершено
عم,1,"Проверяемое соответствие не найдено. Все 1 вхождений — служебные формы или местоимения по QAC v0.4 (вопросительная частица/местоимение, предлог; https://corpus.quran.com/download/). Их грамматическая функция не задаёт независимой измеримой величины для сравнения с частотой."
عماتك,1,Исследование не завершено
عماتكم,1,Исследование не завершено
عمرا,1,Исследование не завершено
عمرك,1,Исследование не завершено
عمره,1,Исследование не завершено
عمروها,1,Исследование не завершено
عمك,1,Исследование не завершено
عملتم,1,Исследование не завершено
عملته,1,Исследование не завершено
عملك,1,Исследование не завершено
عملي,1,Исследование не завершено
عموا,1,Исследование не завершено
عمون,1,Исследование не завершено
عمى,1,Исследование не завершено
عميا,1,Исследование не завершено
عميق,1,Исследование не завершено
عمين,1,Исследование не завершено
عنقك,1,Исследование не завершено
عنقه,1,Исследование не завершено
عنيدا,1,Исследование не завершено
عهدنا,1,Исследование не завершено
عهده,1,Исследование не завершено
عهدي,1,Исследование не завершено
عوان,1,Исследование не завершено
عورة,1,Исследование не завершено
عوقب,1,Исследование не завершено
عوقبتم,1,Исследование не завершено
عيدا,1,Исследование не завершено
عيلة,1,Исследование не завершено
عيناك,1,Исследование не завершено
عيناه,1,Исследование не завершено
عيني,1,Исследование не завершено
عينين,1,Исследование не завершено
عيونا,1,Исследование не завершено
غائبة,1,Исследование не завершено
غائبين,1,Исследование не завершено
غاسق,1,Исследование не завершено
غاشية,1,Исследование не завершено
غافر,1,Исследование не завершено
غافلا,1,Исследование не завершено
غالبون,1,Исследование не завершено
غاوين,1,Исследование не завершено
غبرة,1,Исследование не завершено
غداءنا,1,Исследование не завершено
غدقا,1,Исследование не завершено
غدوا,1,Исследование не завершено
غدوت,1,Исследование не завершено
غدوها,1,Исследование не завершено
غر,1,Исследование не завершено
غرابا,1,Исследование не завершено
غراما,1,Исследование не завершено
غربت,1,Исследование не завершено
غربية,1,Исследование не завершено
غرفا,1,Исследование не завершено
غرفة,1,Исследование не завершено
غرقا,1,Исследование не завершено
غرك,1,Исследование не завершено
غروبها,1,Исследование не завершено
غرور,1,Исследование не завершено
غزلها,1,Исследование не завершено
غزى,1,Исследование не завершено
غسق,1,Исследование не завершено
غسلين,1,Исследование не завершено
غشى,1,Исследование не завершено
غصبا,1,Исследование не завершено
غصة,1,Исследование не завершено
غضبوا,1,Исследование не завершено
غطاء,1,Исследование не завершено
غطاءك,1,Исследование не завершено
غفارا,1,Исследование не завершено
غفر,1,Исследование не завершено
غفرانك,1,Исследование не завершено
غلا,1,Исследование не завершено
غلاظ,1,Исследование не завершено
غلبا,1,Исследование не завершено
غلبهم,1,Исследование не завершено
غلبوا,1,Исследование не завершено
غلت,1,Исследование не завершено
غلظة,1,Исследование не завершено
غلمان,1,Исследование не завершено
غم,1,Исследование не завершено
غما,1,Исследование не завершено
غمة,1,Исследование не завершено
غمرات,1,Исследование не завершено
غمرتهم,1,Исследование не завершено
غنم,1,Исследование не завершено
غنمي,1,Исследование не завершено
غواش,1,Исследование не завершено
غول,1,Исследование не завершено
غوى,1,Исследование не завершено
غوينا,1,Исследование не завершено
غيا,1,Исследование не завершено
غيبه,1,Исследование не завершено
غيث,1,Исследование не завершено
غيرها,1,Исследование не завершено
غيظ,1,Исследование не завершено
فآت,1,Исследование не завершено
فآتاهم,1,Исследование не завершено
فآتت,1,Исследование не завершено
فآتهم,1,Исследование не завершено
فآتوا,1,Исследование не завершено
فآتوهم,1,Исследование не завершено
فآتينا,1,Исследование не завершено
فآخران,1,Исследование не завершено
فآذوهما,1,Исследование не завершено
فآزره,1,Исследование не завершено
فآمنت,1,Исследование не завершено
فآواكم,1,Исследование не завершено
فآوى,1,Исследование не завершено
فأبوا,1,Исследование не завершено
فأبين,1,Исследование не завершено
فأتبع,1,Исследование не завершено
فأتبعنا,1,Исследование не завершено
فأتبعوهم,1,Исследование не завершено
فأتت,1,Исследование не завершено
فأتمهن,1,Исследование не завершено
فأتموا,1,Исследование не завершено
فأتونا,1,Исследование не завершено
فأتوهن,1,Исследование не завершено
فأتى,1,Исследование не завершено
فأتيا,1,Исследование не завершено
فأتياه,1,Исследование не завершено
فأثابكم,1,Исследование не завершено
فأثابهم,1,Исследование не завершено
فأثرن,1,Исследование не завершено
فأجاءها,1,Исследование не завершено
فأحكم,1,Исследование не завершено
فأحياكم,1,Исследование не завершено
فأحيينا,1,Исследование не завершено
فأحييناه,1,Исследование не завершено
فأخذتكم,1,Исследование не завершено
فأخذه,1,Исследование не завершено
فأخرجناهم,1,Исследование не завершено
فأخرجهما,1,Исследование не завершено
فأخلفتكم,1,Исследование не завершено
فأخلفتم,1,Исследование не завершено
فأدخلوا,1,Исследование не завершено
فأدلى,1,Исследование не завершено
فأذاقها,1,Исследование не завершено
فأذاقهم,1,Исследование не завершено
فأذنوا,1,Исследование не завершено
فأرادوا,1,Исследование не завершено
فأراه,1,Исследование не завершено
فأردت,1,Исследование не завершено
فأردنا,1,Исследование не завершено
فأرسله,1,Исследование не завершено
فأرسلوا,1,Исследование не завершено
فأرسلون,1,Исследование не завершено
فأروني,1,Исследование не завершено
فأزلهما,1,Исследование не завершено
فأسرها,1,Исследование не завершено
فأسقط,1,Исследование не завершено
فأسقيناكموه,1,Исследование не завершено
فأسكناه,1,Исследование не завершено
فأشارت,1,Исследование не завершено
فأشهدوا,1,Исследование не завершено
فأصابتكم,1,Исследование не завершено
فأصابه,1,Исследование не завершено
فأصابها,1,Исследование не завершено
فأصبحت,1,Исследование не завершено
فأصحاب,1,Исследование не завершено
فأصدق,1,Исследование не завершено
فأصلح,1,Исследование не завершено
فأصمهم,1,Исследование не завершено
فأضلونا,1,Исследование не завершено
فأطاعوه,1,Исследование не завершено
فأطلع,1,Исследование не завершено
فأعذبهم,1,Исследование не завершено
فأعقبهم,1,Исследование не завершено
فأعينوني,1,Исследование не завершено
فأغرقناه,1,Исследование не завершено
فأغرينا,1,Исследование не завершено
فأغشيناهم,1,Исследование не завершено
فأغنى,1,Исследование не завершено
فأغويناكم,1,Исследование не завершено
فأفوز,1,Исследование не завершено
فأقامه,1,Исследование не завершено
فأقبره,1,Исследование не завершено
فأقبلت,1,Исследование не завершено
فأقبلوا,1,Исследование не завершено
فأقمت,1,Исследование не завершено
فأكثرت,1,Исследование не завершено
فأكثروا,1,Исследование не завершено
فأكرمه,1,Исследование не завершено
فأكلا,1,Исследование не завершено
فأكله,1,Исследование не завершено
فأكون,1,Исследование не завершено
فألف,1,Исследование не завершено
فألقاها,1,Исследование не завершено
فألقه,1,Исследование не завершено
فألقياه,1,Исследование не завершено
فألقيه,1,Исследование не завершено
فألهمها,1,Исследование не завершено
فأماته,1,Исследование не завершено
فأمتعه,1,Исследование не завершено
فأمطر,1,Исследование не завершено
فأمكن,1,Исследование не завершено
فأمه,1,Исследование не завершено
فأنا,1,Проверяемое соответствие не найдено. Все 1 вхождений — служебные формы или местоимения по QAC v0.4 (личное/притяжательное местоимение; https://corpus.quran.com/download/). Их грамматическая функция не задаёт независимой измеримой величины для сравнения с частотой.
فأنتم,1,Проверяемое соответствие не найдено. Все 1 вхождений — служебные формы или местоимения по QAC v0.4 (личное/притяжательное местоимение; https://corpus.quran.com/download/). Их грамматическая функция не задаёт независимой измеримой величины для сравнения с частотой.
فأنجاه,1,Исследование не завершено
فأنجيناكم,1,Исследование не завершено
فأنجيناهم,1,Исследование не завершено
فأنذر,1,Исследование не завершено
فأنذرتكم,1,Исследование не завершено
فأنساه,1,Исследование не завершено
فأنشأنا,1,Исследование не завершено
فأنشرنا,1,Исследование не завершено
فأنفخ,1,Исследование не завершено
فأنفقوا,1,Исследование не завершено
فأنقذكم,1,Исследование не завершено
فأهلكته,1,Исследование не завершено
فأهلكنا,1,Исследование не завершено
فأواري,1,Исследование не завершено
فأوردهم,1,Исследование не завершено
فأوعى,1,Исследование не завершено
فأوف,1,Исследование не завершено
فأوفوا,1,Исследование не завершено
فأوقد,1,Исследование не завершено
فأووا,1,Исследование не завершено
فأيدنا,1,Исследование не завершено
فأين,1,Проверяемое соответствие не найдено. Все 1 вхождений — служебные формы или местоимения по QAC v0.4 (вопросительная частица/местоимение; https://corpus.quran.com/download/). Их грамматическая функция не задаёт независимой измеримой величины для сравнения с частотой.
فأينما,1,Проверяемое соответствие не найдено. Все 1 вхождений — служебные формы или местоимения по QAC v0.4 (условная частица/местоимение; https://corpus.quran.com/download/). Их грамматическая функция не задаёт независимой измеримой величины для сравнения с частотой.
فؤاد,1,Исследование не завершено
فإطعام,1,Исследование не завершено
فإلم,1,Проверяемое соответствие не найдено. Все 1 вхождений — служебные формы или местоимения по QAC v0.4 (условная частица/местоимение; https://corpus.quran.com/download/). Их грамматическая функция не задаёт независимой измеримой величины для сравнения с частотой.
فإلهكم,1,Исследование не завершено
فإليه,1,Проверяемое соответствие не найдено. Все 1 вхождений — служебные формы или местоимения по QAC v0.4 (предлог; https://corpus.quran.com/download/). Их грамматическая функция не задаёт независимой измеримой величины для сравнения с частотой.
فإمساك,1,Исследование не завершено
فئتكم,1,Исследование не завершено
فاءت,1,Исследование не завершено
فاءوا,1,Исследование не завершено
فابتغوا,1,Исследование не завершено
فاتباع,1,Исследование не завершено
فاتبع,1,Исследование не завершено
فاتبعني,1,Исследование не завершено
فاتبعها,1,Исследование не завершено
فاتخذ,1,Исследование не завершено
فاتخذت,1,Исследование не завершено
فاتخذتموهم,1,Исследование не завершено
فاتخذه,1,Исследование не завершено
فاتخذوه,1,Исследование не завершено
فاتلوها,1,Исследование не завершено
فاثبتوا,1,Исследование не завершено
فاجتباه,1,Исследование не завершено
فاجتنبوا,1,Исследование не завершено
فاجتنبوه,1,Исследование не завершено
فاجرا,1,Исследование не завершено
فاجلدوا,1,Исследование не завершено
فاجلدوهم,1,Исследование не завершено
فاجنح,1,Исследование не завершено
فاحترقت,1,Исследование не завершено
فاحتمل,1,Исследование не завершено
فاحذرهم,1,Исследование не завершено
فاحذروا,1,Исследование не завершено
فاحذروه,1,Исследование не завершено
فاحذروهم,1,Исследование не завершено
فاختلفوا,1,Исследование не завершено
فاخشوهم,1,Исследование не завершено
فاخلع,1,Исследование не завершено
فادارأتم,1,Исследование не завершено
فادخلوها,1,Исследование не завершено
فادخلي,1,Исследование не завершено
فادرءوا,1,Исследование не завершено
فادعوهم,1,Исследование не завершено
فادفعوا,1,Исследование не завершено
فاذكروني,1,Исследование не завершено
فاذهبا,1,Исследование не завершено
فارتد,1,Исследование не завершено
فارتدا,1,Исследование не завершено
فارتقبهم,1,Исследование не завершено
فارجع,1,Исследование не завершено
فارجعنا,1,Исследование не завершено
فارزقوهم,1,Исследование не завершено
فارض,1,Исследование не завершено
فارغا,1,Исследование не завершено
فارغب,1,Исследование не завершено
فارقوهن,1,Исследование не завершено
فارهين,1,Исследование не завершено
فاسأله,1,Исследование не завершено
فاسألوهم,1,Исследование не завершено
فاسألوهن,1,Исследование не завершено
فاستأذنوك,1,Исследование не завершено
فاستبشروا,1,Исследование не завершено
فاستجبتم,1,Исследование не завершено
فاستحبوا,1,Исследование не завершено
فاستخف,1,Исследование не завершено
فاستشهدوا,1,Исследование не завершено
فاستعصم,1,Исследование не завершено
فاستغاثه,1,Исследование не завершено
فاستغفروه,1,Исследование не завершено
فاستغلظ,1,Исследование не завершено
فاستقم,1,Исследование не завершено
فاستقيما,1,Исследование не завершено
فاستكبرتم,1,Исследование не завершено
فاستمتعتم,1,Исследование не завершено
فاستمتعوا,1,Исследование не завершено
فاستمسك,1,Исследование не завершено
فاستمع,1,Исследование не завершено
فاسجد,1,Исследование не завершено
فاسجدوا,1,Исследование не завершено
فاسعوا,1,Исследование не завершено
فاسق,1,Исследование не завершено
فاسقا,1,Исследование не завершено
فاسلك,1,Исследование не завершено
فاسلكوه,1,Исследование не завершено
فاسلكي,1,Исследование не завершено
فاسمعون,1,Исследование не завершено
فاشهدوا,1,Исследование не завершено
فاصدع,1,Исследование не завершено
فاصطادوا,1,Исследование не завершено
فاضربوا,1,Исследование не завершено
فاطلع,1,Исследование не завершено
فاطهروا,1,Исследование не завершено
فاعبدني,1,Исследование не завершено
فاعبدوا,1,Исследование не завершено
فاعتبروا,1,Исследование не завершено
فاعتدوا,1,Исследование не завершено
فاعترفنا,1,Исследование не завершено
فاعترفوا,1,Исследование не завершено
فاعتزلوا,1,Исследование не завершено
فاعتزلون,1,Исследование не завершено
فاعتلوه,1,Исследование не завершено
فاعدلوا,1,Исследование не завершено
فاعفوا,1,Исследование не завершено
فاعل,1,Исследование не завершено
فاعلون,1,Исследование не завершено
فاعمل,1,Исследование не завершено
فاغسلوا,1,Исследование не завершено
فافتح,1,Исследование не завершено
فافرق,1,Исследование не завершено
فافسحوا,1,Исследование не завершено
فافعلوا,1,Исследование не завершено
فاقتلوهم,1,Исследование не завершено
فاقذفيه,1,Исследование не завершено
فاقرة,1,Исследование не завершено
فاقصص,1,Исследование не завершено
فاقض,1,Исследование не завершено
فاقطعوا,1,Исследование не завершено
فاقع,1,Исследование не завершено
فاقعدوا,1,Исследование не завершено
فاكتبوه,1,Исследование не завершено
فاكهون,1,Исследование не завершено
فالآن,1,Исследование не завершено
فالتاليات,1,Исследование не завершено
فالتقطه,1,Исследование не завершено
فالتقمه,1,Исследование не завершено
فالتقى,1,Исследование не завершено
فالتمسوا,1,Исследование не завершено
فالجاريات,1,Исследование не завершено
فالحاملات,1,Исследование не завершено
فالحق,1,Исследование не завершено
فالحكم,1,Исследование не завершено
فالزاجرات,1,Исследование не завершено
فالسابقات,1,Исследование не завершено
فالصالحات,1,Исследование не завершено
فالعاصفات,1,Исследование не завершено
فالفارقات,1,Исследование не завершено
فالمدبرات,1,Исследование не завершено
فالمغيرات,1,Исследование не завершено
فالمقسمات,1,Исследование не завершено
فالملقيات,1,Исследование не завершено
فالموريات,1,Исследование не завершено
فامتحنوهن,1,Исследование не завершено
فامشوا,1,Исследование не завершено
فامنن,1,Исследование не завершено
فان,1,Исследование не завершено
فانبجست,1,Исследование не завершено
فانبذ,1,Исследование не завершено
فانتبذت,1,Исследование не завершено
فانتصر,1,Исследование не завершено
فانتهوا,1,Исследование не завершено
فانتهى,1,Исследование не завершено
فانسلخ,1,Исследование не завершено
فانشزوا,1,Исследование не завершено
فانصب,1,Исследование не завершено
فانصرنا,1,Исследование не завершено
فانطلقوا,1,Исследование не завершено
فانظري,1,Исследование не завершено
فانفجرت,1,Исследование не завершено
فانفذوا,1,Исследование не завершено
فانفروا,1,Исследование не завершено
فانفلق,1,Исследование не завершено
فانقلبوا,1,Исследование не завершено
فانكحوا,1,Исследование не завершено
فانكحوهن,1,Исследование не завершено
فانهار,1,Исследование не завершено
فاه,1,Исследование не завершено
فاهبط,1,Исследование не завершено
فاهجر,1,Исследование не завершено
فاهدوهم,1,Исследование не завершено
فباءوا,1,Исследование не завершено
فبايعهن,1,Исследование не завершено
فبدأ,1,Исследование не завершено
فبدت,1,Исследование не завершено
فبذلك,1,Проверяемое соответствие не найдено. Все 1 вхождений — служебные формы или местоимения по QAC v0.4 (указательное местоимение; https://corpus.quran.com/download/). Их грамматическая функция не задаёт независимой измеримой величины для сравнения с частотой.
فبرأه,1,Исследование не завершено
فبشر,1,Исследование не завершено
فبشرناه,1,Исследование не завершено
فبشرناها,1,Исследование не завершено
فبصرت,1,Исследование не завершено
فبصرك,1,Исследование не завершено
فبظلم,1,Исследование не завершено
فبعزتك,1,Исследование не завершено
فبغى,1,Исследование не завершено
فبم,1,Проверяемое соответствие не найдено. Все 1 вхождений — служебные формы или местоимения по QAC v0.4 (вопросительная частица/местоимение; https://corpus.quran.com/download/). Их грамматическая функция не задаёт независимой измеримой величины для сравнения с частотой.
فبهت,1,Исследование не завершено
فبهداهم,1,Исследование не завершено
فتأتون,1,Исследование не завершено
فتأتيهم,1,Исследование не завершено
فتأكل,1,Исследование не завершено
فتاها,1,Исследование не завершено
فتبسم,1,Исследование не завершено
فتبهتهم,1,Исследование не завершено
فتحسسوا,1,Исследование не завершено
فتحوا,1,Исследование не завершено
فتخبت,1,Исследование не завершено
فتخرجوه,1,Исследование не завершено
فتخشى,1,Исследование не завершено
فتخطفه,1,Исследование не завершено
فتدلى,1,Исследование не завершено
فتذروها,1,Исследование не завершено
فتذكر,1,Исследование не завершено
فترة,1,Исследование не завершено
فتردى,1,Исследование не завершено
فترضى,1,Исследование не завершено
فتركه,1,Исследование не завершено
فتزل,1,Исследование не завершено
فتستجيبون,1,Исследование не завершено
فتشابه,1,Исследование не завершено
فتشقى,1,Исследование не завершено
فتصبحوا,1,Исследование не завершено
فتصيبكم,1,Исследование не завершено
فتطاول,1,Исследование не завершено
فتطردهم,1,Исследование не завершено
فتعاطى,1,Исследование не завершено
فتعالين,1,Исследование не завершено
فتعرفونها,1,Исследование не завершено
فتعسا,1,Исследование не завершено
فتفجر,1,Исследование не завершено
فتفرق,1,Исследование не завершено
فتفشلوا,1,Исследование не завершено
فتقبلها,1,Исследование не завершено
فتقطعوا,1,Исследование не завершено
فتقول,1,Исследование не завершено
فتكفرون,1,Исследование не завершено
فتكن,1,Исследование не завершено
فتكونون,1,Исследование не завершено
فتكوى,1,Исследование не завершено
فتم,1,Исследование не завершено
فتماروا,1,Исследование не завершено
فتمثل,1,Исследование не завершено
فتمسكم,1,Исследование не завершено
فتنادوا,1,Исследование не завершено
فتنازعوا,1,Исследование не завершено
فتناه,1,Исследование не завершено
فتنتك,1,Исследование не завершено
فتنتكم,1,Исследование не завершено
فتنته,1,Исследование не завершено
فتنتهم,1,Исследование не завершено
فتنفخ,1,Исследование не завершено
فتنفعه,1,Исследование не завершено
فتهاجروا,1,Исследование не завершено
فتهجد,1,Исследование не завершено
فتوبوا,1,Исследование не завершено
فتوكلوا,1,Исследование не завершено
فتولوا,1,Исследование не завершено
فتونا,1,Исследование не завершено
فتى,1,Исследование не завершено
فتيان,1,Исследование не завершено
فتية,1,Исследование не завершено
فثبتوا,1,Исследование не завершено
فثبطهم,1,Исследование не завершено
فثم,1,Исследование не завершено
فج,1,Исследование не завершено
فجاء,1,Исследование не завершено
فجاءته,1,Исследование не завершено
فجاءها,1,Исследование не завершено
فجاسوا,1,Исследование не завершено
فجرت,1,Исследование не завершено
فجزاء,1,Исследование не завершено
فجزاؤه,1,Исследование не завершено
فجعلتم,1,Исследование не завершено
فجعلنا,1,Исследование не завершено
فجعلناهن,1,Исследование не завершено
فجمعناهم,1,Исследование не завершено
فجوة,1,Исследование не завершено
فجورها,1,Исследование не завершено
فحاسبناها,1,Исследование не завершено
فحبطت,1,Исследование не завершено
فحدث,1,Исследование не завершено
فحسبه,1,Исследование не завершено
فحشر,1,Исследование не завершено
فحكمه,1,Исследование не завершено
فحملته,1,Исследование не завершено
فحيوا,1,Исследование не завершено
فخانتاهما,1,Исследование не завершено
فخذها,1,Исследование не завершено
فخر,1,Исследование не завершено
فخراج,1,Исследование не завершено
فخسفنا,1,Исследование не завершено
فخشينا,1,Исследование не завершено
فخلق,1,Исследование не завершено
فخلوا,1,Исследование не завершено
فخورا,1,Исследование не завершено
فداء,1,Исследование не завершено
فدخلوا,1,Исследование не завершено
فدكتا,1,Исследование не завершено
فدلاهما,1,Исследование не завершено
فدمدم,1,Исследование не завершено
فدمرناها,1,Исследование не завершено
فدمرناهم,1,Исследование не завершено
فذاقت,1,Исследование не завершено
فذاقوا,1,Исследование не завершено
فذانك,1,Проверяемое соответствие не найдено. Все 1 вхождений — служебные формы или местоимения по QAC v0.4 (указательное местоимение; https://corpus.quran.com/download/). Их грамматическая функция не задаёт независимой измеримой величины для сравнения с частотой.
فذبحوها,1,Исследование не завершено
فذرني,1,Исследование не завершено
فذروه,1,Исследование не завершено
فذلكم,1,Проверяемое соответствие не найдено. Все 1 вхождений — служебные формы или местоимения по QAC v0.4 (указательное местоимение; https://corpus.quran.com/download/). Их грамматическая функция не задаёт независимой измеримой величины для сравнения с частотой.
فذلكن,1,Проверяемое соответствие не найдено. Все 1 вхождений — служебные формы или местоимения по QAC v0.4 (указательное местоимение; https://corpus.quran.com/download/). Их грамматическая функция не задаёт независимой измеримой величины для сравнения с частотой.
فذو,1,Исследование не завершено
فذوقوه,1,Исследование не завершено
فرأوه,1,Исследование не завершено
فراتا,1,Исследование не завершено
فرادى,1,Исследование не завершено
فراشا,1,Исследование не завершено
فراق,1,Исследование не завершено
فربكم,1,Исследование не завершено
فرت,1,Исследование не завершено
فرث,1,Исследование не завершено
فرجالا,1,Исследование не завершено
فرجت,1,Исследование не завершено
فرجع,1,Исследование не завершено
فرجعناك,1,Исследование не завершено
فرجعوا,1,Исследование не завершено
فرجل,1,Исследование не завершено
فرحين,1,Исследование не завершено
فرددناه,1,Исследование не завершено
فردوا,1,Исследование не завершено
فردوه,1,Исследование не завершено
فررتم,1,Исследование не завершено
فرش,1,Исследование не завершено
فرشناها,1,Исследование не завершено
فرضنا,1,Исследование не завершено
فرطا,1,Исследование не завершено
فرطت,1,Исследование не завершено
فرطتم,1,Исследование не завершено
فرغت,1,Исследование не завершено
فرق,1,Исследование не завершено
فرقا,1,Исследование не завершено
فرقانا,1,Исследование не завершено
فرقة,1,Исследование не завершено
فرقت,1,Исследование не завершено
فرقنا,1,Исследование не завершено
فرقناه,1,Исследование не завершено
فرهان,1,Исследование не завершено
فروج,1,Исследование не завершено
فروجهن,1,Исследование не завершено
فروح,1,Исследование не завершено
فريا,1,Исследование не завершено
فريقان,1,Исследование не завершено
فزادوهم,1,Исследование не завершено
فزده,1,Исследование не завершено
فزعوا,1,Исследование не завершено
فزيلنا,1,Исследование не завершено
فزين,1,Исследование не завершено
فزينوا,1,Исследование не завершено
فسأكتبها,1,Исследование не завершено
فساد,1,Исследование не завершено
فسالت,1,Исследование не завершено
فساهم,1,Исследование не завершено
فستبصر,1,Исследование не завершено
فستذكرون,1,Исследование не завершено
فسترضع,1,Исследование не завершено
فسحقا,1,Исследование не завершено
فسخرنا,1,Исследование не завершено
فسق,1,Исследование не завершено
فسقا,1,Исследование не завершено
فسقناه,1,Исследование не завершено
فسقى,1,Исследование не завершено
فسلام,1,Исследование не завершено
فسلكه,1,Исследование не завершено
فسلموا,1,Исследование не завершено
فسواك,1,Исследование не завершено
فسواهن,1,Исследование не завершено
فسيأتيهم,1,Исследование не завершено
فسيؤتيه,1,Исследование не завершено
فسيحشرهم,1,Исследование не завершено
فسيحوا,1,Исследование не завершено
فسيدخلهم,1,Исследование не завершено
فسيرى,1,Исследование не завершено
فسيكفيكهم,1,Исследование не завершено
فسينغضون,1,Исследование не завершено
فسينفقونها,1,Исследование не завершено
فشدوا,1,Исследование не завершено
فشربوا,1,Исследование не завершено
فشرد,1,Исследование не завершено
فشلتم,1,Исследование не завершено
فشهادة,1,Исследование не завершено
فصالا,1,Исследование не завершено
فصب,1,Исследование не завершено
فصبروا,1,Исследование не завершено
فصدقت,1,Исследование не завершено
فصرف,1,Исследование не завершено
فصرهن,1,Исследование не завершено
فصعق,1,Исследование не завершено
فصكت,1,Исследование не завершено
فصلى,1,Исследование не завершено
فضحكت,1,Исследование не завершено
فضربنا,1,Исследование не завершено
فضلكم,1,Исследование не завершено
فطاف,1,Исследование не завершено
فطال,1,Исследование не завершено
فطبع,1,Исследование не завершено
فطرت,1,Исследование не завершено
فطركم,1,Исследование не завершено
فطرنا,1,Исследование не завершено
فطرهن,1,Исследование не завершено
فطفق,1,Исследование не завершено
فطل,1,Исследование не завершено
فطلقوهن,1,Исследование не завершено
فطمسنا,1,Исследование не завершено
فطهر,1,Исследование не завершено
فطور,1,Исследование не завершено
فطوعت,1,Исследование не завершено
فظا,1,Исследование не завершено
فظلت,1,Исследование не завершено
فظلتم,1,Исследование не завершено
فظلوا,1,Исследование не завершено
فظن,1,Исследование не завершено
فظنوا,1,Исследование не завершено
فعاقبتم,1,Исследование не завершено
فعاقبوا,1,Исследование не завершено
فعتوا,1,Исследование не завершено
فعجب,1,Исследование не завершено
فعجل,1,Исследование не завершено
فعدتهن,1,Исследование не завершено
فعدلك,1,Исследование не завершено
فعرفهم,1,Исследование не завершено
فعززنا,1,Исследование не завершено
فعصوا,1,Исследование не завершено
فعصى,1,Исследование не завершено
فعظوهن,1,Исследование не завершено
فعفونا,1,Исследование не завершено
فعقر,1,Исследование не завершено
فعقروا,1,Исследование не завершено
فعلتك,1,Исследование не завершено
فعلته,1,Исследование не завершено
فعلتها,1,Исследование не завершено
فعلموا,1,Исследование не завершено
فعلنا,1,Исследование не завершено
فعله,1,Исследование не завершено
فعلى,1,Проверяемое соответствие не найдено. Все 1 вхождений — служебные формы или местоимения по QAC v0.4 (предлог; https://corpus.quran.com/download/). Их грамматическая функция не задаёт независимой измеримой величины для сравнения с частотой.
فعلي,1,Проверяемое соответствие не найдено. Все 1 вхождений — служебные формы или местоимения по QAC v0.4 (предлог; https://corpus.quran.com/download/). Их грамматическая функция не задаёт независимой измеримой величины для сравнения с частотой.
فعليكم,1,Проверяемое соответствие не найдено. Все 1 вхождений — служебные формы или местоимения по QAC v0.4 (предлог; https://corpus.quran.com/download/). Их грамматическая функция не задаёт независимой измеримой величины для сравнения с частотой.
فعليهم,1,Проверяемое соответствие не найдено. Все 1 вхождений — служебные формы или местоимения по QAC v0.4 (предлог; https://corpus.quran.com/download/). Их грамматическая функция не задаёт независимой измеримой величины для сравнения с частотой.
فعليهن,1,Проверяемое соответствие не найдено. Все 1 вхождений — служебные формы или местоимения по QAC v0.4 (предлог; https://corpus.quran.com/download/). Их грамматическая функция не задаёт независимой измеримой величины для сравнения с частотой.
فعموا,1,Исследование не завершено
فغشاها,1,Исследование не завершено
فغشيهم,1,Исследование не завершено
فغفر,1,Исследование не завершено
فغفرنا,1,Исследование не завершено
فغلبوا,1,Исследование не завершено
فغلوه,1,Исследование не завершено
فغوى,1,Исследование не завершено
ففتحنا,1,Исследование не завершено
ففتقناهما,1,Исследование не завершено
ففدية,1,Исследование не завершено
ففررت,1,Исследование не завершено
ففروا,1,Исследование не завершено
ففريقا,1,Исследование не завершено
ففسق,1,Исследование не завершено
ففسقوا,1,Исследование не завершено
ففهمناها,1,Исследование не завершено
فقاتل,1,Исследование не завершено
فقاتلا,1,Исследование не завершено
فقالت,1,Исследование не завершено
فقبضت,1,Исследование не завершено
فقتل,1,Исследование не завершено
فقدر,1,Исследование не завершено
فقدرنا,1,Исследование не завершено
فقدموا,1,Исследование не завершено
فقذفناها,1,Исследование не завершено
فقرأه,1,Исследование не завершено
فقراء,1,Исследование не завершено
فقربه,1,Исследование не завершено
فقست,1,Исследование не завершено
فقضاهن,1,Исследование не завершено
فقضى,1,Исследование не завершено
فقلت,1,Исследование не завершено
فقليلا,1,Исследование не завершено
فقنا,1,Исследование не завершено
فقولي,1,Исследование не завершено
فك,1,Исследование не завершено
فكأين,1,Исследование не завершено
فكاتبوهم,1,Исследование не завершено
فكبت,1,Исследование не завершено
فكبر,1,Исследование не завершено
فكبكبوا,1,Исследование не завершено
فكثركم,1,Исследование не завершено
فكذبنا,1,Исследование не завершено
فكذلك,1,Проверяемое соответствие не найдено. Все 1 вхождений — служебные формы или местоимения по QAC v0.4 (указательное местоимение; https://corpus.quran.com/download/). Их грамматическая функция не задаёт независимой измеримой величины для сравнения с частотой.
فكر,1,Исследование не завершено
فكرهتموه,1,Исследование не завершено
فكسونا,1,Исследование не завершено
فكف,1,Исследование не завершено
فكفارته,1,Исследование не завершено
فكفرت,1,Исследование не завершено
فكفى,1,Исследование не завершено
فكلوه,1,Исследование не завершено
فكلي,1,Исследование не завершено
فكهين,1,Исследование не завершено
فكيدون,1,Исследование не завершено
فكيدوني,1,Исследование не завершено
فلأقطعن,1,Исследование не завершено
فلأنفسكم,1,Исследование не завершено
فلأنفسهم,1,Исследование не завершено
فلانا,1,Исследование не завершено
فلبئس,1,Исследование не завершено
فلبثت,1,Исследование не завершено
فلتقم,1,Исследование не завершено
فلذلك,1,Проверяемое соответствие не найдено. Все 1 вхождений — служебные формы или местоимения по QAC v0.4 (указательное местоимение; https://corpus.quran.com/download/). Их грамматическая функция не задаёт независимой измеримой величины для сравнения с частотой.
فلسوف,1,Исследование не завершено
فلعرفتهم,1,Исследование не завершено
فلعنة,1,Исследование не завершено
فلقاتلوكم,1,Исследование не завершено
فلكل,1,Исследование не завершено
فللذكر,1,Исследование не завершено
فللوالدين,1,Исследование не завершено
فلمسوه,1,Исследование не завершено
فلنأتينك,1,Исследование не завершено
فلنأتينهم,1,Исследование не завершено
فلنحيينه,1,Исследование не завершено
فلنذيقن,1,Исследование не завершено
فلنسألن,1,Исследование не завершено
فلنعم,1,Исследование не завершено
فلنقصن,1,Исследование не завершено
فلننبئن,1,Исследование не завершено
فلنولينك,1,Исследование не завершено
فلهما,1,Проверяемое соответствие не найдено. Все 1 вхождений — служебные формы или местоимения по QAC v0.4 (личное/притяжательное местоимение; https://corpus.quran.com/download/). Их грамматическая функция не задаёт независимой измеримой величины для сравнения с частотой.
فليأت,1,Исследование не завершено
فليأتكم,1,Исследование не завершено
فليأتنا,1,Исследование не завершено
فليأكل,1,Исследование не завершено
فليؤد,1,Исследование не завершено
فليؤمن,1,Исследование не завершено
فليبتكن,1,Исследование не завершено
فليتقوا,1,Исследование не завершено
فليتنافس,1,Исследование не завершено
فليحذر,1,Исследование не завершено
فليدع,1,Исследование не завершено
فليذوقوه,1,Исследование не завершено
فليرتقوا,1,Исследование не завершено
فليستأذنوا,1,Исследование не завершено
فليستعفف,1,Исследование не завершено
فليصلوا,1,Исследование не завершено
فليصمه,1,Исследование не завершено
فليضحكوا,1,Исследование не завершено
فليعبدوا,1,Исследование не завершено
فليعلمن,1,Исследование не завершено
فليغيرن,1,Исследование не завершено
فليفرحوا,1,Исследование не завершено
فليقاتل,1,Исследование не завершено
فليكتب,1,Исследование не завершено
فليكفر,1,Исследование не завершено
فليكونوا,1,Исследование не завершено
فليلقه,1,Исследование не завершено
فليملل,1,Исследование не завершено
فلينفق,1,Исследование не завершено
فمأواهم,1,Исследование не завершено
فمتعناهم,1,Исследование не завершено
فمتعوهن,1,Исследование не завершено
فمحونا,1,Исследование не завершено
فمرت,1,Исследование не завершено
فمستقر,1,Исследование не завершено
فمكث,1,Исследование не завершено
فملاقيه,1,Исследование не завершено
فمنه,1,Проверяемое соответствие не найдено. Все 1 вхождений — служебные формы или местоимения по QAC v0.4 (предлог; https://corpus.quran.com/download/). Их грамматическая функция не задаёт независимой измеримой величины для сравнения с частотой.
فمنها,1,Проверяемое соответствие не найдено. Все 1 вхождений — служебные формы или местоимения по QAC v0.4 (предлог; https://corpus.quran.com/download/). Их грамматическая функция не задаёт независимой измеримой величины для сравнения с частотой.
فمهل,1,Исследование не завершено
فناداها,1,Исследование не завершено
فنادته,1,Исследование не завершено
فناظرة,1,Исследование не завершено
فنبذتها,1,Исследование не завершено
فنبذناه,1,Исследование не завершено
فنبذوه,1,Исследование не завершено
فنتبرأ,1,Исследование не завершено
فنجعل,1,Исследование не завершено
فنجي,1,Исследование не завершено
فنجيناك,1,Исследование не завершено
فنخرج,1,Исследование не завершено
فنذر,1,Исследование не завершено
فنردها,1,Исследование не завершено
فنزل,1,Исследование не завершено
فنسوا,1,Исследование не завершено
فنسيتها,1,Исследование не завершено
فنسيهم,1,Исследование не завершено
فنصف,1,Исследование не завершено
فنظر,1,Исследование не завершено
فنظرة,1,Исследование не завершено
فنظل,1,Исследование не завершено
فنعما,1,Исследование не завершено
فنعمل,1,Исследование не завершено
فنفعها,1,Исследование не завершено
فنقبوا,1,Исследование не завершено
فنكون,1,Исследование не завершено
فننبئكم,1,Исследование не завершено
فننبئهم,1,Исследование не завершено
فهب,1,Исследование не завершено
فهديناهم,1,Исследование не завершено
فهذا,1,Проверяемое соответствие не найдено. Все 1 вхождений — служебные формы или местоимения по QAC v0.4 (указательное местоимение; https://corpus.quran.com/download/). Их грамматическая функция не задаёт независимой измеримой величины для сравнения с частотой.
فهزموهم,1,Исследование не завершено
فواحدة,1,Исследование не завершено
فواق,1,Исследование не завершено
فوت,1,Исследование не завершено
فوجا,1,Исследование не завершено
فوجد,1,Исследование не завершено
فوجدناها,1,Исследование не завершено
فورب,1,Исследование не завершено
فورهم,1,Исследование не завершено
فوسطن,1,Исследование не завершено
فوفاه,1,Исследование не завершено
فوقاه,1,Исследование не завершено
فوقاهم,1,Исследование не завершено
فوقع,1,Исследование не завершено
فوقهن,1,Исследование не завершено
فوكزه,1,Исследование не завершено
فوهب,1,Исследование не завершено
فيأتيهم,1,Исследование не завершено
فيؤخذ,1,Исследование не завершено
فيؤمنوا,1,Исследование не завершено
فيئوس,1,Исследование не завершено
فيبسطه,1,Исследование не завершено
فيتعلمون,1,Исследование не завершено
فيجعله,1,Исследование не завершено
فيحفكم,1,Исследование не завершено
فيحل,1,Исследование не завершено
فيحلفون,1,Исследование не завершено
فيحلوا,1,Исследование не завершено
فيحيي,1,Исследование не завершено
فيخرج,1,Исследование не завершено
فيدخلهم,1,Исследование не завершено
فيدمغه,1,Исследование не завершено
فيدهنون,1,Исследование не завершено
فيذرها,1,Исследование не завершено
فيذهب,1,Исследование не завершено
فيرسل,1,Исследование не завершено
فيركمه,1,Исследование не завершено
فيسبوا,1,Исследование не завершено
فيستحيي,1,Исследование не завершено
فيسحتكم,1,Исследование не завершено
فيسخرون,1,Исследование не завершено
فيسقي,1,Исследование не завершено
فيشفعوا,1,Исследование не завершено
فيصبحوا,1,Исследование не завершено
فيصلب,1,Исследование не завершено
فيضل,1,Исследование не завершено
فيضلك,1,Исследование не завершено
فيطمع,1,Исследование не завершено
فيظللن,1,Исследование не завершено
فيعتذرون,1,Исследование не завершено
فيعذبهم,1,Исследование не завершено
فيعلمون,1,Исследование не завершено
فيغرقكم,1,Исследование не завершено
فيغفر,1,Исследование не завершено
فيقتل,1,Исследование не завершено
فيقتلون,1,Исследование не завершено
فيقولون,1,Исследование не завершено
فيكشف,1,Исследование не завершено
فيكيدوا,1,Исследование не завершено
فيمت,1,Исследование не завершено
فيمسك,1,Исследование не завершено
فيمكث,1,Исследование не завершено
فيموتوا,1,Исследование не завершено
فيميلون,1,Исследование не завершено
فينتقم,1,Исследование не завершено
فينسخ,1,Исследование не завершено
فينظر,1,Исследование не завершено
فينقلبوا,1,Исследование не завершено
فيوحي,1,Исследование не завершено
ق,1,Исследование не завершено
قائلها,1,Исследование не завершено
قائلون,1,Исследование не завершено
قائمون,1,Исследование не завершено
قاب,1,Исследование не завершено
قاتل,1,Исследование не завершено
قاتلكم,1,Исследование не завершено
قاتلوهم,1,Исследование не завершено
قادرون,1,Исследование не завершено
قارعة,1,Исследование не завершено
قاسية,1,Исследование не завершено
قاصدا,1,Исследование не завершено
قاصفا,1,Исследование не завершено
قاض,1,Исследование не завершено
قاطعة,1,Исследование не завершено
قاعا,1,Исследование не завершено
قاعدا,1,Исследование не завершено
قاعدون,1,Исследование не завершено
قالها,1,Исследование не завершено
قام,1,Исследование не завершено
قانت,1,Исследование не завершено
قانتا,1,Исследование не завершено
قانتين,1,Исследование не завершено
قاهرون,1,Исследование не завершено
قبره,1,Исследование не завершено
قبس,1,Исследование не завершено
قبضا,1,Исследование не завершено
قبضة,1,Исследование не завершено
قبضته,1,Исследование не завершено
قبضناه,1,Исследование не завершено
قبلتك,1,Исследование не завершено
قبيلا,1,Исследование не завершено
قتالا,1,Исследование не завершено
قتر,1,Исследование не завершено
قترة,1,Исследование не завершено
قتلتموهم,1,Исследование не завершено
قتله,1,Исследование не завершено
قتورا,1,Исследование не завершено
قدحا,1,Исследование не завершено
قددا,1,Исследование не завершено
قدرناه,1,Исследование не завершено
قدرناها,1,Исследование не завершено
قدروها,1,Исследование не завершено
قدمتم,1,Исследование не завершено
قدمتموه,1,Исследование не завершено
قدموا,1,Исследование не завершено
قديم,1,Исследование не завершено
قرآنه,1,Исследование не завершено
قرأناه,1,Исследование не завершено
قراطيس,1,Исследование не завершено
قربا,1,Исследование не завершено
قربات,1,Исследование не завершено
قربة,1,Исследование не завершено
قرت,1,Исследование не завершено
قرطاس,1,Исследование не завершено
قرناء,1,Исследование не завершено
قروء,1,Исследование не завершено
قريتك,1,Исследование не завершено
قريتنا,1,Исследование не завершено
قريش,1,Исследование не завершено
قسم,1,Исследование не завершено
قسمنا,1,Исследование не завершено
قسوة,1,Исследование не завершено
قسورة,1,Исследование не завершено
قسيسين,1,Исследование не завершено
قصد,1,Исследование не завершено
قصصا,1,Исследование не завершено
قصصناهم,1,Исследование не завершено
قصصهم,1,Исследование не завершено
قصمنا,1,Исследование не завершено
قصيا,1,Исследование не завершено
قصيه,1,Исследование не завершено
قضاها,1,Исследование не завершено
قضوا,1,Исследование не завершено
قطرا,1,Исследование не завершено
قطران,1,Исследование не завершено
قطع,1,Исследование не завершено
قطعا,1,Исследование не завершено
قطعتم,1,Исследование не завершено
قطعن,1,Исследование не завершено
قطمير,1,Исследование не завершено
قطنا,1,Исследование не завершено
قعود,1,Исследование не завершено
قعيد,1,Исследование не завершено
قفينا,1,Исследование не завершено
قلبها,1,Исследование не завершено
قلبي,1,Исследование не завершено
قلبين,1,Исследование не завершено
قلته,1,Исследование не завершено
قلن,1,Исследование не завершено
قلوبكما,1,Исследование не завершено
قلى,1,Исследование не завершено
قليلة,1,Исследование не завершено
قليلون,1,Исследование не завершено
قمتم,1,Исследование не завершено
قمطريرا,1,Исследование не завершено
قنطارا,1,Исследование не завершено
قنطوا,1,Исследование не завершено
قنوان,1,Исследование не завершено
قنوط,1,Исследование не завершено
قوا,1,Исследование не завершено
قواريرا,1,Исследование не завершено
قواما,1,Исследование не завершено
قوامون,1,Исследование не завершено
قوتكم,1,Исследование не завершено
قوتلتم,1,Исследование не завершено
قوتلوا,1,Исследование не завершено
قوسين,1,Исследование не завершено
قولك,1,Исследование не завершено
قولنا,1,Исследование не завершено
قولها,1,Исследование не завершено
قومها,1,Исследование не завершено
قويا,1,Исследование не завершено
قيمة,1,Исследование не завершено
كأحد,1,Исследование не завершено
كأس,1,Исследование не завершено
كألف,1,Исследование не завершено
كأمثال,1,Исследование не завершено
كأنك,1,Проверяемое соответствие не найдено. Все 1 вхождений — служебные формы или местоимения по QAC v0.4 (грамматическая частица; https://corpus.quran.com/download/). Их грамматическая функция не задаёт независимой измеримой величины для сравнения с частотой.
كاتبا,1,Исследование не завершено
كاتبون,1,Исследование не завершено
كاتبين,1,Исследование не завершено
كادت,1,Исследование не завершено
كادح,1,Исследование не завершено
كاذبون,1,Исследование не завершено
كارهين,1,Исследование не завершено
كاشفات,1,Исследование не завершено
كاشفة,1,Исследование не завершено
كاشفو,1,Исследование не завершено
كاظمين,1,Исследование не завершено
كافرة,1,Исследование не завершено
كافورا,1,Исследование не завершено
كالأعمى,1,Исследование не завершено
كالأنثى,1,Исследование не завершено
كالتي,1,Проверяемое соответствие не найдено. Все 1 вхождений — служебные формы или местоимения по QAC v0.4 (относительное местоимение; https://corpus.quran.com/download/). Их грамматическая функция не задаёт независимой измеримой величины для сравнения с частотой.
كالجبال,1,Исследование не завершено
كالجواب,1,Исследование не завершено
كالحجارة,1,Исследование не завершено
كالحون,1,Исследование не завершено
كالدهان,1,Исследование не завершено
كالرميم,1,Исследование не завершено
كالصريم,1,Исследование не завершено
كالطود,1,Исследование не завершено
كالظلل,1,Исследование не завершено
كالعرجون,1,Исследование не завершено
كالفجار,1,Исследование не завершено
كالفخار,1,Исследование не завершено
كالفراش,1,Исследование не завершено
كالقصر,1,Исследование не завершено
كالمجرمين,1,Исследование не завершено
كالمعلقة,1,Исследование не завершено
كالمفسدين,1,Исследование не завершено
كالوهم,1,Исследование не завершено
كاملين,1,Исследование не завершено
كاهن,1,Исследование не завершено
كبارا,1,Исследование не завершено
كباسط,1,Исследование не завершено
كبت,1,Исследование не завершено
كبتوا,1,Исследование не завершено
كبد,1,Исследование не завершено
كبرت,1,Исследование не завершено
كبره,1,Исследование не завершено
كتابك,1,Исследование не завершено
كتابنا,1,Исследование не завершено
كتابها,1,Исследование не завершено
كتابهم,1,Исследование не завершено
كتبناها,1,Исследование не завершено
كتم,1,Исследование не завершено
كثر,1,Исследование не завершено
كثرة,1,Исследование не завершено
كثرت,1,Исследование не завершено
كثرتكم,1,Исследование не завершено
كثيبا,1,Исследование не завершено
كجهر,1,Исследование не завершено
كحب,1,Исследование не завершено
كخشية,1,Исследование не завершено
كخلقه,1,Исследование не завершено
كخيفتكم,1,Исследование не завершено
كدحا,1,Исследование не завершено
كدعاء,1,Исследование не завершено
كدنا,1,Исследование не завершено
كذبه,1,Исследование не завершено
كذبوكم,1,Исследование не завершено
كذبوه,1,Исследование не завершено
كذكركم,1,Исследование не завершено
كذلكم,1,Проверяемое соответствие не найдено. Все 1 вхождений — служебные формы или местоимения по QAC v0.4 (указательное местоимение; https://corpus.quran.com/download/). Их грамматическая функция не задаёт независимой измеримой величины для сравнения с частотой.
كرام,1,Исследование не завершено
كرب,1,Исследование не завершено
كرتين,1,Исследование не завершено
كرماد,1,Исследование не завершено
كرمت,1,Исследование не завершено
كرمنا,1,Исследование не завершено
كرهتموهن,1,Исследование не завершено
كزرع,1,Исследование не завершено
كسادها,1,Исследование не завершено
كسبا,1,Исследование не завершено
كسراب,1,Исследование не завершено
كسوتهم,1,Исследование не завершено
كشطت,1,Исследование не завершено
كشفت,1,Исследование не завершено
كصاحب,1,Исследование не завершено
كصيب,1,Исследование не завершено
كطي,1,Исследование не завершено
كظلمات,1,Исследование не завершено
كعذاب,1,Исследование не завершено
كعرض,1,Исследование не завершено
كعصف,1,Исследование не завершено
كغلي,1,Исследование не завершено
كف,1,Исследование не завершено
كفاتا,1,Исследование не завершено
كفران,1,Исследование не завершено
كفرت,1,Исследование не завершено
كففت,1,Исследование не завершено
كفل,1,Исследование не завершено
كفلين,1,Исследование не завершено
كفيلا,1,Исследование не завершено
كفيناك,1,Исследование не завершено
كلالة,1,Исследование не завершено
كلاهما,1,Исследование не завершено
كلتا,1,Исследование не завершено
كلتم,1,Исследование не завершено
كلمتنا,1,Исследование не завершено
كلمه,1,Исследование не завершено
كلهن,1,Исследование не завершено
كلي,1,Исследование не завершено
كمثله,1,Исследование не завершено
كمشكاة,1,Исследование не завершено
كنزتم,1,Исследование не завершено
كنزهما,1,Исследование не завершено
كنفس,1,Исследование не завершено
كهشيم,1,Исследование не завершено
كهيعص,1,Исследование не завершено
كورت,1,Исследование не завершено
كوكب,1,Исследование не завершено
كوني,1,Исследование не завершено
كيدكم,1,Исследование не завершено
كيدون,1,Исследование не завершено
لآتوها,1,Исследование не завершено
لآتينا,1,Исследование не завершено
لآتيناهم,1,Исследование не завершено
لآتينهم,1,Исследование не завершено
لآمن,1,Исследование не завершено
لآياتنا,1,Исследование не завершено
لأبي,1,Исследование не завершено
لأتخذن,1,Исследование не завершено
لأجد,1,Исследование не завершено
لأجدن,1,Исследование не завершено
لأجعلنك,1,Исследование не завершено
لأحتنكن,1,Исследование не завершено
لأحدهما,1,Исследование не завершено
لأخته,1,Исследование не завершено
لأخذنا,1,Исследование не завершено
لأخراهم,1,Исследование не завершено
لأخيه,1,Исследование не завершено
لأذبحنه,1,Исследование не завершено
لأذقناك,1,Исследование не завершено
لأرجمنك,1,Исследование не завершено
لأريناكهم,1,Исследование не завершено
لأزواجهم,1,Исследование не завершено
لأزيدنكم,1,Исследование не завершено
لأزينن,1,Исследование не завершено
لأستغفرن,1,Исследование не завершено
لأسجد,1,Исследование не завершено
لأسقيناهم,1,Исследование не завершено
لأسمعهم,1,Исследование не завершено
لأصلبنكم,1,Исследование не завершено
لأعدل,1,Исследование не завершено
لأعدوا,1,Исследование не завершено
لأعذبنه,1,Исследование не завершено
لأعنتكم,1,Исследование не завершено
لأغلبن,1,Исследование не завершено
لأغوينهم,1,Исследование не завершено
لأقتلك,1,Исследование не завершено
لأقتلنك,1,Исследование не завершено
لأقرب,1,Исследование не завершено
لأقعدن,1,Исследование не завершено
لأكثرهم,1,Исследование не завершено
لأكفر,1,Исследование не завершено
لأكلوا,1,Исследование не завершено
لأكونن,1,Исследование не завершено
لأكيدن,1,Исследование не завершено
لأمارة,1,Исследование не завершено
لأمر,1,Исследование не завершено
لأمسكتم,1,Исследование не завершено
لأن,1,Проверяемое соответствие не найдено. Все 1 вхождений — служебные формы или местоимения по QAC v0.4 (подчинительная частица; https://corpus.quran.com/download/). Их грамматическая функция не задаёт независимой измеримой величины для сравнения с частотой.
لأنتم,1,Проверяемое соответствие не найдено. Все 1 вхождений — служебные формы или местоимения по QAC v0.4 (личное/притяжательное местоимение; https://corpus.quran.com/download/). Их грамматическая функция не задаёт независимой измеримой величины для сравнения с частотой.
لأنذركم,1,Исследование не завершено
لأنعمه,1,Исследование не завершено
لأهب,1,Исследование не завершено
لأهل,1,Исследование не завершено
لأواه,1,Исследование не завершено
لأوتين,1,Исследование не завершено
لأول,1,Исследование не завершено
لأولاهم,1,Исследование не завершено
لأولنا,1,Исследование не завершено
لأي,1,Исследование не завершено
لأيمانكم,1,Исследование не завершено
لؤلؤ,1,Исследование не завершено
لؤلؤا,1,Исследование не завершено
لإثم,1,Исследование не завершено
لإحدى,1,Исследование не завершено
لإيلاف,1,Исследование не завершено
لائم,1,Исследование не завершено
لابتغوا,1,Исследование не завершено
لابثين,1,Исследование не завершено
لابنه,1,Исследование не завершено
لاتبعتم,1,Исследование не завершено
لاتبعناكم,1,Исследование не завершено
لاتبعوك,1,Исследование не завершено
لاتخذت,1,Исследование не завершено
لاتخذناه,1,Исследование не завершено
لاتخذوك,1,Исследование не завершено
لاختلفتم,1,Исследование не завершено
لارتاب,1,Исследование не завершено
لازب,1,Исследование не завершено
لاستكثرت,1,Исследование не завершено
لاصطفى,1,Исследование не завершено
لاغية,1,Исследование не завершено
لافتدت,1,Исследование не завершено
لاقيه,1,Исследование не завершено
لامرأته,1,Исследование не завершено
لانتصر,1,Исследование не завершено
لانفضوا,1,Исследование не завершено
لاهية,1,Исследование не завершено
لبإمام,1,Исследование не завершено
لباسهما,1,Исследование не завершено
لبالمرصاد,1,Исследование не завершено
لبث,1,Исследование не завершено
لبرز,1,Исследование не завершено
لبس,1,Исследование не завершено
لبسبيل,1,Исследование не завершено
لبشرين,1,Исследование не завершено
لبعثنا,1,Исследование не завершено
لبعولتهن,1,Исследование не завершено
لبغوا,1,Исследование не завершено
لبلاغا,1,Исследование не завершено
لبلد,1,Исследование не завершено
لبن,1,Исследование не завершено
لبنا,1,Исследование не завершено
لبنيه,1,Исследование не завершено
لبوس,1,Исследование не завершено
لبيت,1,Исследование не завершено
لبيوتهم,1,Исследование не завершено
لتأتنني,1,Исследование не завершено
لتأتينكم,1,Исследование не завершено
لتأخذوها,1,Исследование не завершено
لتأفكنا,1,Исследование не завершено
لتؤمنن,1,Исследование не завершено
لتاركو,1,Исследование не завершено
لتبدي,1,Исследование не завершено
لتبشر,1,Исследование не завершено
لتبعثن,1,Исследование не завершено
لتبلون,1,Исследование не завершено
لتبيننه,1,Исследование не завершено
لتتلو,1,Исследование не завершено
لتجدن,1,Исследование не завершено
لتجزى,1,Исследование не завершено
لتحسبوه,1,Исследование не завершено
لتحصنكم,1,Исследование не завершено
لتحكم,1,Исследование не завершено
لتحملهم,1,Исследование не завершено
لتخرج,1,Исследование не завершено
لتخرجنا,1,Исследование не завершено
لتخرجوا,1,Исследование не завершено
لتدخلن,1,Исследование не завершено
لتدعوهم,1,Исследование не завершено
لتذكرة,1,Исследование не завершено
لتذهبوا,1,Исследование не завершено
لتردين,1,Исследование не завершено
لترضوا,1,Исследование не завершено
لترضى,1,Исследование не завершено
لتركبن,1,Исследование не завершено
لتركبوا,1,Исследование не завершено
لتركبوها,1,Исследование не завершено
لترون,1,Исследование не завершено
لترونها,1,Исследование не завершено
لتزول,1,Исследование не завершено
لتستووا,1,Исследование не завершено
لتسحرنا,1,Исследование не завершено
لتسلكوا,1,Исследование не завершено
لتشرك,1,Исследование не завершено
لتشقى,1,Исследование не завершено
لتشهدون,1,Исследование не завершено
لتضيقوا,1,Исследование не завершено
لتعارفوا,1,Исследование не завершено
لتعتدوا,1,Исследование не завершено
لتعجل,1,Исследование не завершено
لتعرضوا,1,Исследование не завершено
لتعلم,1,Исследование не завершено
لتغرق,1,Исследование не завершено
لتغفر,1,Исследование не завершено
لتفتروا,1,Исследование не завершено
لتفتري,1,Исследование не завершено
لتفسدن,1,Исследование не завершено
لتقتلني,1,Исследование не завершено
لتقرأه,1,Исследование не завершено
لتقولون,1,Исследование не завершено
لتكبروا,1,Исследование не завершено
لتكفرون,1,Исследование не завершено
لتلفتنا,1,Исследование не завершено
لتلقى,1,Исследование не завершено
لتمرون,1,Исследование не завершено
لتنبؤن,1,Исследование не завершено
لتنبئنهم,1,Исследование не завершено
لتنزيل,1,Исследование не завершено
لتنفقوا,1,Исследование не завершено
لتنوء,1,Исследование не завершено
لتهتدوا,1,Исследование не завершено
لتهدي,1,Исследование не завершено
لتولوا,1,Исследование не завершено
لثمود,1,Исследование не завершено
لجاءهم,1,Исследование не завершено
لجاعلون,1,Исследование не завершено
لجالوت,1,Исследование не завершено
لجبريل,1,Исследование не завершено
لجة,1,Исследование не завершено
لجعل,1,Исследование не завершено
لجعله,1,Исследование не завершено
لجعلهم,1,Исследование не завершено
لجلودهم,1,Исследование не завершено
لجمعهم,1,Исследование не завершено
لجميع,1,Исследование не завершено
لجنبه,1,Исследование не завершено
لجوا,1,Исследование не завершено
لجي,1,Исследование не завершено
لحافظين,1,Исследование не завершено
لحب,1,Исследование не завершено
لحبط,1,Исследование не завершено
لحدود,1,Исследование не завершено
لحديث,1,Исследование не завершено
لحسرة,1,Исследование не завершено
لحسن,1,Исследование не завершено
لحكمه,1,Исследование не завершено
لحكمهم,1,Исследование не завершено
لحليم,1,Исследование не завершено
لحن,1,Исследование не завершено
لحومها,1,Исследование не завершено
لحياتي,1,Исследование не завершено
لخاطئين,1,Исследование не завершено
لخرجنا,1,Исследование не завершено
لخزنة,1,Исследование не завершено
لخسف,1,Исследование не завершено
لدا,1,Исследование не завершено
لداوود,1,Исследование не завершено
لدلوك,1,Исследование не завершено
لدني,1,Исследование не завершено
لذائقو,1,Исследование не завершено
لذائقون,1,Исследование не завершено
لذكري,1,Исследование не завершено
لذكورنا,1,Исследование не завершено
لذنوبهم,1,Исследование не завершено
لذي,1,Исследование не завершено
لرأيته,1,Исследование не завершено
لرادك,1,Исследование не завершено
لربكم,1,Исследование не завершено
لرجمناك,1,Исследование не завершено
لرحمة,1,Исследование не завершено
لرزقنا,1,Исследование не завершено
لرسلهم,1,Исследование не завершено
لرسوله,1,Исследование не завершено
لرفعناه,1,Исследование не завершено
لرقيك,1,Исследование не завершено
لساحران,1,Исследование не завершено
لسارقون,1,Исследование не завершено
لسانك,1,Исследование не завершено
لسبإ,1,Исследование не завершено
لستن,1,Исследование не завершено
لسحر,1,Исследование не завершено
لسريع,1,Исследование не завершено
لسعيه,1,Исследование не завершено
لسعيها,1,Исследование не завершено
لسلطهم,1,Исследование не завершено
لسليمان,1,Исследование не завершено
لسنتنا,1,Исследование не завершено
لسوف,1,Исследование не завершено
لشاعر,1,Исследование не завершено
لشتى,1,Исследование не завершено
لشر,1,Исследование не завершено
لشرذمة,1,Исследование не завершено
لشركائنا,1,Исследование не завершено
لشركائهم,1,Исследование не завершено
لشهادتنا,1,Исследование не завершено
لشهيد,1,Исследование не завершено
لشوبا,1,Исследование не завершено
لصادق,1,Исследование не завершено
لصالو,1,Исследование не завершено
لصوت,1,Исследование не завершено
لطمسنا,1,Исследование не завершено
لطيفا,1,Исследование не завершено
لظالمون,1,Исследование не завершено
لظالمين,1,Исследование не завершено
لظلم,1,Исследование не завершено
لظلوا,1,Исследование не завершено
لظلوم,1,Исследование не завершено
لظى,1,Исследование не завершено
لعاد,1,Исследование не завершено
لعادوا,1,Исследование не завершено
لعال,1,Исследование не завершено
لعبا,1,Исследование не завершено
لعبادته,1,Исследование не завершено
لعبادنا,1,Исследование не завершено
لعجل,1,Исследование не завершено
لعدتهن,1,Исследование не завершено
لعذبنا,1,Исследование не завершено
لعذبهم,1,Исследование не завершено
لعلم,1,Исследование не завершено
لعلمه,1,Исследование не завершено
لعلنا,1,Проверяемое соответствие не найдено. Все 1 вхождений — служебные формы или местоимения по QAC v0.4 (грамматическая частица; https://corpus.quran.com/download/). Их грамматическая функция не задаёт независимой измеримой величины для сравнения с частотой.
لعليم,1,Исследование не завершено
لعمرك,1,Исследование не завершено
لعملكم,1,Исследование не завершено
لعناهم,1,Исследование не завершено
لعنتم,1,Исследование не завершено
لعنتي,1,Исследование не завершено
لعنوا,1,Исследование не завершено
لغائظون,1,Исследование не завершено
لغافلون,1,Исследование не завершено
لغد,1,Исследование не завершено
لغفار,1,Исследование не завершено
لغلامين,1,Исследование не завершено
لغو,1,Исследование не завершено
لغوي,1,Исследование не завершено
لفاسقون,1,Исследование не завершено
لفاسقين,1,Исследование не завершено
لفاعلون,1,Исследование не завершено
لفتحنا,1,Исследование не завершено
لفتيانه,1,Исследование не завершено
لفرح,1,Исследование не завершено
لفريقا,1,Исследование не завершено
لفسدتا,1,Исследование не завершено
لفسق,1,Исследование не завершено
لفشلتم,1,Исследование не завершено
لفضله,1,Исследование не завершено
لفيفا,1,Исследование не завершено
لقائه,1,Исследование не завершено
لقادر,1,Исследование не завершено
لقال,1,Исследование не завершено
لقتال,1,Исследование не завершено
لقدير,1,Исследование не завершено
لقرآن,1,Исследование не завершено
لقسم,1,Исследование не завершено
لقطعنا,1,Исследование не завершено
لقلنا,1,Исследование не завершено
لقلوبكم,1,Исследование не завершено
لقوكم,1,Исследование не завершено
لقولهم,1,Исследование не завершено
لقومكما,1,Исследование не завершено
لقومهم,1,Исследование не завершено
لقيا,1,Исследование не завершено
لقينا,1,Исследование не завершено
لكارهون,1,Исследование не завершено
لكافرون,1,Исследование не завершено
لكتاب,1,Исследование не завершено
لكثير,1,Исследование не завершено
لكفرنا,1,Исследование не завершено
لكنتم,1,Исследование не завершено
لكنود,1,Исследование не завершено
للآخرة,1,Исследование не завершено
للآخرين,1,Исследование не завершено
للآكلين,1,Исследование не завершено
للأبرار,1,Исследование не завершено
للأنام,1,Исследование не завершено
للأوابين,1,Исследование не завершено
للبث,1,Исследование не завершено
للتي,1,Проверяемое соответствие не найдено. Все 1 вхождений — служебные формы или местоимения по QAC v0.4 (относительное местоимение; https://corpus.quran.com/download/). Их грамматическая функция не задаёт независимой измеримой величины для сравнения с частотой.
للجبل,1,Исследование не завершено
للجبين,1,Исследование не завершено
للجوا,1,Исследование не завершено
للحرب,1,Исследование не завершено
للحسنى,1,Исследование не завершено
للحواريين,1,Исследование не завершено
للحي,1,Исследование не завершено
للخائنين,1,Исследование не завершено
للخبيثات,1,Исследование не завершено
للخبيثين,1,Исследование не завершено
للخروج,1,Исследование не завершено
للذاكرين,1,Исследование не завершено
للرؤيا,1,Исследование не завершено
للرسل,1,Исследование не завершено
للزكاة,1,Исследование не завершено
للساعة,1,Исследование не завершено
للسحت,1,Исследование не завершено
للسلم,1,Исследование не завершено
للسمع,1,Исследование не завершено
للشهادة,1,Исследование не завершено
للشوى,1,Исследование не завершено
للشياطين,1,Исследование не завершено
للشيطان,1,Исследование не завершено
للصابرين,1,Исследование не завершено
للصلاة,1,Исследование не завершено
للطيبات,1,Исследование не завершено
للطيبين,1,Исследование не завершено
للعابدين,1,Исследование не завершено
للعسرى,1,Исследование не завершено
للغاوين,1,Исследование не завершено
للقاسية,1,Исследование не завершено
للقتال,1,Исследование не завершено
للقمر,1,Исследование не завершено
للكتب,1,Исследование не завершено
للكفر,1,Исследование не завершено
للمؤمنات,1,Исследование не завершено
للمتكبرين,1,Исследование не завершено
للمتوسمين,1,Исследование не завершено
للمحسنات,1,Исследование не завершено
للمخلفين,1,Исследование не завершено
للمصلين,1,Исследование не завершено
للمطففين,1,Исследование не завершено
للمقوين,1,Исследование не завершено
للملإ,1,Исследование не завершено
للموقنين,1,Исследование не завершено
للهدى,1,Исследование не завершено
للوالدين,1,Исследование не завершено
لليتامى,1,Исследование не завершено
لمبتلين,1,Исследование не завершено
لمبلسين,1,Исследование не завершено
لمتنني,1,Исследование не завершено
لمثل,1,Исследование не завершено
لمثله,1,Исследование не завершено
لمثوبة,1,Исследование не завершено
لمجموعون,1,Исследование не завершено
لمحجوبون,1,Исследование не завершено
لمخرجون,1,Исследование не завершено
لمدركون,1,Исследование не завершено
لمدين,1,Исследование не завершено
لمدينون,1,Исследование не завершено
لمردودون,1,Исследование не завершено
لمرسلون,1,Исследование не завершено
لمزة,1,Исследование не завершено
لمساكين,1,Исследование не завершено
لمستقر,1,Исследование не завершено
لمسجد,1,Исследование не завершено
لمسخناهم,1,Исследование не завершено
لمسرفون,1,Исследование не завершено
لمسنا,1,Исследование не завершено
لمشركون,1,Исследование не завершено
لمع,1,Исследование не завершено
لمعزولون,1,Исследование не завершено
لمعكم,1,Исследование не завершено
لمغرمون,1,Исследование не завершено
لمغفرة,1,Исследование не завершено
لمفعولا,1,Исследование не завершено
لمقت,1,Исследование не завершено
لمكر,1,Исследование не завершено
لمنجوهم,1,Исследование не завершено
لمنقلبون,1,Исследование не завершено
لمنكم,1,Проверяемое соответствие не найдено. Все 1 вхождений — служебные формы или местоимения по QAC v0.4 (предлог; https://corpus.quran.com/download/). Их грамматическая функция не задаёт независимой измеримой величины для сравнения с частотой.
لمهلكهم,1,Исследование не завершено
لموسعون,1,Исследование не завершено
لموسى,1,Исследование не завершено
لموعدهم,1,Исследование не завершено
لموفوهم,1,Исследование не завершено
لميتون,1,Исследование не завершено
لميقات,1,Исследование не завершено
لنؤمنن,1,Исследование не завершено
لناصحون,1,Исследование не завершено
لناكبون,1,Исследование не завершено
لنبذ,1,Исследование не завершено
لنبلوهم,1,Исследование не завершено
لنبيتنه,1,Исследование не завершено
لنبين,1,Исследование не завершено
لنت,1,Исследование не завершено
لنتخذن,1,Исследование не завершено
لنثبت,1,Исследование не завершено
لنجعلها,1,Исследование не завершено
لنحرقنه,1,Исследование не завершено
لنحشرنهم,1,Исследование не завершено
لنحضرنهم,1,Исследование не завершено
لنحيي,1,Исследование не завершено
لنخرج,1,Исследование не завершено
لنخرجن,1,Исследование не завершено
لنخرجنك,1,Исследование не завершено
لنخرجنكم,1,Исследование не завершено
لندخلنهم,1,Исследование не завершено
لنذهبن,1,Исследование не завершено
لنذيقهم,1,Исследование не завершено
لنراها,1,Исследование не завершено
لنرجمنكم,1,Исследование не завершено
لنرسل,1,Исследование не завершено
لنريك,1,Исследование не завершено
لنريه,1,Исследование не завершено
لنزلنا,1,Исследование не завершено
لنسألنهم,1,Исследование не завершено
لنسفعا,1,Исследование не завершено
لنسلم,1,Исследование не завершено
لنصدقن,1,Исследование не завершено
لنصرف,1,Исследование не завершено
لنظنك,1,Исследование не завершено
لنعبد,1,Исследование не завершено
لنغرينك,1,Исследование не завершено
لنفد,1,Исследование не завершено
لنفسد,1,Исследование не завершено
لنقولن,1,Исследование не завершено
لنكفرن,1,Исследование не завершено
لننجينه,1,Исследование не завершено
لننزعن,1,Исследование не завершено
لننسفنه,1,Исследование не завершено
لننصر,1,Исследование не завершено
لننصرنكم,1,Исследование не завершено
لننظر,1,Исследование не завершено
لنهتدي,1,Исследование не завершено
لنهدينهم,1,Исследование не завершено
لنهلكن,1,Исследование не завершено
لنوره,1,Исследование не завершено
لهاد,1,Исследование не завершено
لهدمت,1,Исследование не завершено
لهديناكم,1,Исследование не завершено
لهمت,1,Исследование не завершено
لهي,1,Проверяемое соответствие не найдено. Все 1 вхождений — служебные формы или местоимения по QAC v0.4 (личное/притяжательное местоимение; https://corpus.quran.com/download/). Их грамматическая функция не задаёт независимой измеримой величины для сравнения с частотой.
لواحة,1,Исследование не завершено
لواحد,1,Исследование не завершено
لواذا,1,Исследование не завершено
لواقح,1,Исследование не завершено
لوالديه,1,Исследование не завершено
لوجه,1,Исследование не завершено
لوح,1,Исследование не завершено
لوقتها,1,Исследование не завершено
لوقعتها,1,Исследование не завершено
لوليت,1,Исследование не завершено
لومة,1,Исследование не завершено
لووا,1,Исследование не завершено
ليأتيني,1,Исследование не завершено
ليأخذ,1,Исследование не завершено
ليأخذوه,1,Исследование не завершено
ليأكلوا,1,Исследование не завершено
ليؤذن,1,Исследование не завершено
ليئوس,1,Исследование не завершено
ليا,1,Исследование не завершено
ليالي,1,Исследование не завершено
ليبتليكم,1,Исследование не завершено
ليبدي,1,Исследование не завершено
ليبطئن,1,Исследование не завершено
ليبعثن,1,Исследование не завершено
ليبغي,1,Исследование не завершено
ليبلغ,1,Исследование не завершено
ليبلو,1,Исследование не завершено
ليبلونكم,1,Исследование не завершено
ليبلوني,1,Исследование не завершено
ليتخذ,1,Исследование не завершено
ليتساءلوا,1,Исследование не завершено
ليتفقهوا,1,Исследование не завершено
ليتها,1,Исследование не завершено
ليتوبوا,1,Исследование не завершено
ليثبت,1,Исследование не завершено
ليثبتوك,1,Исследование не завершено
ليجادلوكم,1,Исследование не завершено
ليجزيك,1,Исследование не завершено
ليحاجوكم,1,Исследование не завершено
ليحبطن,1,Исследование не завершено
ليحزن,1,Исследование не завершено
ليحزنك,1,Исследование не завершено
ليحزنني,1,Исследование не завершено
ليحق,1,Исследование не завершено
ليحملوا,1,Исследование не завершено
ليخرج,1,Исследование не завершено
ليخرجوك,1,Исследование не завершено
ليدبروا,1,Исследование не завершено
ليدخلنهم,1,Исследование не завершено
ليذر,1,Исследование не завершено
ليذهب,1,Исследование не завершено
ليذوق,1,Исследование не завершено
ليذوقوا,1,Исследование не завершено
ليذيقهم,1,Исследование не завершено
ليربو,1,Исследование не завершено
ليردوهم,1,Исследование не завершено
ليرزقنهم,1,Исследование не завершено
ليرضوكم,1,Исследование не завершено
ليروا,1,Исследование не завершено
ليريكم,1,Исследование не завершено
ليريه,1,Исследование не завершено
ليريهما,1,Исследование не завершено
ليزلقونك,1,Исследование не завершено
ليسأل,1,Исследование не завершено
ليستأذنكم,1,Исследование не завершено
ليستخفوا,1,Исследование не завершено
ليستخلفنهم,1,Исследование не завершено
ليستفزونك,1,Исследование не завершено
ليستيقن,1,Исследование не завершено
ليسجنن,1,Исследование не завершено
ليسجننه,1,Исследование не завершено
ليسكن,1,Исследование не завершено
ليسكنوا,1,Исследование не завершено
ليسمون,1,Исследование не завершено
ليسوءوا,1,Исследование не завершено
ليشتروا,1,Исследование не завершено
ليشهدوا,1,Исследование не завершено
ليصبحن,1,Исследование не завершено
ليصدوا,1,Исследование не завершено
ليصدونهم,1,Исследование не завершено
ليصرمنها,1,Исследование не завершено
ليضلنا,1,Исследование не завершено
ليضلون,1,Исследование не завершено
ليضيع,1,Исследование не завершено
ليطاع,1,Исследование не завершено
ليطغى,1,Исследование не завершено
ليطفئوا,1,Исследование не завершено
ليطلعكم,1,Исследование не завершено
ليطمئن,1,Исследование не завершено
ليعبدون,1,Исследование не завершено
ليعجزه,1,Исследование не завершено
ليعذب,1,Исследование не завершено
ليعلموا,1,Исследование не завершено
ليعلمون,1,Исследование не завершено
ليغيظ,1,Исследование не завершено
ليفتدوا,1,Исследование не завершено
ليفتنونك,1,Исследование не завершено
ليفجر,1,Исследование не завершено
ليفسد,1,Исследование не завершено
ليفسدوا,1,Исследование не завершено
ليقتلوك,1,Исследование не завершено
ليقربونا,1,Исследование не завершено
ليقض,1,Исследование не завершено
ليقضوا,1,Исследование не завершено
ليقضى,1,Исследование не завершено
ليقولوا,1,Исследование не завершено
ليقوم,1,Исследование не завершено
ليقيموا,1,Исследование не завершено
ليكتمون,1,Исследование не завершено
ليكفر,1,Исследование не завершено
ليكونا,1,Исследование не завершено
ليكونن,1,Исследование не завершено
ليلها,1,Исследование не завершено
ليمسن,1,Исследование не завершено
ليمكروا,1,Исследование не завершено
ليميز,1,Исследование не завершено
لينا,1,Исследование не завершено
لينبذن,1,Исследование не завершено
لينة,1,Исследование не завершено
لينصرنه,1,Исследование не завершено
لينفروا,1,Исследование не завершено
لينفق,1,Исследование не завершено
ليواطئوا,1,Исследование не завершено
ليوحون,1,Исследование не завершено
ليوفينهم,1,Исследование не завершено
ليوفيهم,1,Исследование не завершено
ليولن,1,Исследование не завершено
مآرب,1,Исследование не завершено
مأتيا,1,Исследование не завершено
مأكول,1,Исследование не завершено
مأمنه,1,Исследование не завершено
مأمون,1,Исследование не завершено
مأواكم,1,Исследование не завершено
مؤجلا,1,Исследование не завершено
ماءك,1,Исследование не завершено
ماءها,1,Исследование не завершено
ماؤكم,1,Исследование не завершено
ماؤها,1,Исследование не завершено
مارج,1,Исследование не завершено
مارد,1,Исследование не завершено
ماكثون,1,Исследование не завершено
ماكثين,1,Исследование не завершено
مالكون,1,Исследование не завершено
ماليه,1,Исследование не завершено
مانعتهم,1,Исследование не завершено
مبتليكم,1,Исследование не завершено
مبثوثة,1,Исследование не завершено
مبديه,1,Исследование не завершено
مبرءون,1,Исследование не завершено
مبرمون,1,Исследование не завершено
مبسوطتان,1,Исследование не завершено
مبشرات,1,Исследование не завершено
مبصرون,1,Исследование не завершено
مبطلون,1,Исследование не завершено
مبعدون,1,Исследование не завершено
مبلغهم,1,Исследование не завершено
مبنية,1,Исследование не завершено
مبوأ,1,Исследование не завершено
متاب,1,Исследование не завершено
متابا,1,Исследование не завершено
متاعهم,1,Исследование не завершено
متبر,1,Исследование не завершено
متبرجات,1,Исследование не завершено
متجانف,1,Исследование не завершено
متجاورات,1,Исследование не завершено
متحرفا,1,Исследование не завершено
متحيزا,1,Исследование не завершено
متخذ,1,Исследование не завершено
متخذات,1,Исследование не завершено
متخذي,1,Исследование не завершено
متراكبا,1,Исследование не завершено
متربة,1,Исследование не завершено
متربص,1,Исследование не завершено
متربصون,1,Исследование не завершено
مترفين,1,Исследование не завершено
مترفيها,1,Исследование не завершено
مترفيهم,1,Исследование не завершено
متشابهات,1,Исследование не завершено
متشاكسون,1,Исследование не завершено
متصدعا,1,Исследование не завершено
متعت,1,Исследование не завершено
متعتهم,1,Исследование не завершено
متعناه,1,Исследование не завершено
متعناهم,1,Исследование не завершено
متفرقة,1,Исследование не завершено
متفرقون,1,Исследование не завершено
متقلبكم,1,Исследование не завершено
متكأ,1,Исследование не завершено
متكئون,1,Исследование не завершено
متوفيك,1,Исследование не завершено
مثابة,1,Исследование не завершено
مثاني,1,Исследование не завершено
مثبورا,1,Исследование не завершено
مثقلة,1,Исследование не завершено
مثلهن,1,Исследование не завершено
مثليها,1,Исследование не завершено
مثليهم,1,Исследование не завершено
مثواكم,1,Исследование не завершено
مثواه,1,Исследование не завершено
مثواي,1,Исследование не завершено
مثوبة,1,Исследование не завершено
مجتمعون,1,Исследование не завершено
مجذوذ,1,Исследование не завершено
مجراها,1,Исследование не завершено
مجرما,1,Исследование не завершено
مجرميها,1,Исследование не завершено
مجموع,1,Исследование не завершено
مجيب,1,Исследование не завершено
محاريب,1,Исследование не завершено
محبة,1,Исследование не завершено
محتضر,1,Исследование не завершено
محذورا,1,Исследование не завершено
محررا,1,Исследование не завершено
محرم,1,Исследование не завершено
محرما,1,Исследование не завершено
محرمة,1,Исследование не завершено
محسنون,1,Исследование не завершено
محسنين,1,Исследование не завершено
محسورا,1,Исследование не завершено
محشورة,1,Исследование не завершено
محصنات,1,Исследование не завершено
محصنة,1,Исследование не завершено
محضرا,1,Исследование не завершено
محظورا,1,Исследование не завершено
محفوظ,1,Исследование не завершено
محفوظا,1,Исследование не завершено
محكمات,1,Исследование не завершено
محكمة,1,Исследование не завершено
محلقين,1,Исследование не завершено
محلها,1,Исследование не завершено
محلي,1,Исследование не завершено
محمودا,1,Исследование не завершено
محياهم,1,Исследование не завершено
محيصا,1,Исследование не завершено
مختالا,1,Исследование не завершено
مختلفون,1,Исследование не завершено
مختلفين,1,Исследование не завершено
مختوم,1,Исследование не завершено
مخذولا,1,Исследование не завершено
مخرجا,1,Исследование не завершено
مخرجون,1,Исследование не завершено
مخزي,1,Исследование не завершено
مخضرة,1,Исследование не завершено
مخضود,1,Исследование не завершено
مخلصون,1,Исследование не завершено
مخلف,1,Исследование не завершено
مدادا,1,Исследование не завершено
مدت,1,Исследование не завершено
مدتهم,1,Исследование не завершено
مدخل,1,Исследование не завершено
مددا,1,Исследование не завершено
مدهامتان,1,Исследование не завершено
مدهنون,1,Исследование не завершено
مدينين,1,Исследование не завершено
مذءوما,1,Исследование не завершено
مذبذبين,1,Исследование не завершено
مذعنين,1,Исследование не завершено
مذكر,1,Исследование не завершено
مذكورا,1,Исследование не завершено
مذموم,1,Исследование не завершено
مراء,1,Исследование не завершено
مرات,1,Исследование не завершено
مراغما,1,Исследование не завершено
مرتاب,1,Исследование не завершено
مرتان,1,Исследование не завершено
مرتقبون,1,Исследование не завершено
مرجوا,1,Исследование не завершено
مرجون,1,Исследование не завершено
مردا,1,Исследование не завершено
مردفين,1,Исследование не завершено
مردنا,1,Исследование не завершено
مردوا,1,Исследование не завершено
مردود,1,Исследование не завершено
مرسلا,1,Исследование не завершено
مرسلة,1,Исследование не завершено
مرسلو,1,Исследование не завершено
مرسلون,1,Исследование не завершено
مرشدا,1,Исследование не завершено
مرصادا,1,Исследование не завершено
مرصد,1,Исследование не завершено
مرصوص,1,Исследование не завершено
مرضا,1,Исследование не завершено
مرضاتي,1,Исследование не завершено
مرضت,1,Исследование не завершено
مرضعة,1,Исследование не завершено
مرضيا,1,Исследование не завершено
مرضية,1,Исследование не завершено
مرفقا,1,Исследование не завершено
مرقدنا,1,Исследование не завершено
مركوم,1,Исследование не завершено
مريئا,1,Исследование не завершено
مريج,1,Исследование не завершено
مريد,1,Исследование не завершено
مريدا,1,Исследование не завершено
مزجاة,1,Исследование не завершено
مزدجر,1,Исследование не завершено
مزقتم,1,Исследование не завершено
مسئولون,1,Исследование не завершено
مساس,1,Исследование не завершено
مسافحات,1,Исследование не завершено
مساكن,1,Исследование не завершено
مساكنكم,1,Исследование не завершено
مستأنسين,1,Исследование не завершено
مستبشرة,1,Исследование не завершено
مستبصرين,1,Исследование не завершено
مستخف,1,Исследование не завершено
مستخلفين,1,Исследование не завершено
مستسلمون,1,Исследование не завершено
مستضعفون,1,Исследование не завершено
مستضعفين,1,Исследование не завершено
مستطر,1,Исследование не завершено
مستطيرا,1,Исследование не завершено
مستقبل,1,Исследование не завершено
مستقرها,1,Исследование не завершено
مستكبرين,1,Исследование не завершено
مستمسكون,1,Исследование не завершено
مستمعهم,1,Исследование не завершено
مستمعون,1,Исследование не завершено
مستنفرة,1,Исследование не завершено
مستهزئون,1,Исследование не завершено
مستورا,1,Исследование не завершено
مسحا,1,Исследование не завершено
مسحورون,1,Исследование не завершено
مسد,1,Исследование не завершено
مسرفين,1,Исследование не завершено
مسطور,1,Исследование не завершено
مسغبة,1,Исследование не завершено
مسفرة,1,Исследование не завершено
مسفوحا,1,Исследование не завершено
مسك,1,Исследование не завершено
مسكنهم,1,Исследование не завершено
مسكوب,1,Исследование не завершено
مسكونة,1,Исследование не завершено
مسلمات,1,Исследование не завершено
مسمع,1,Исследование не завершено
مسندة,1,Исследование не завершено
مسهم,1,Исследование не завершено
مسودة,1,Исследование не завершено
مسومين,1,Исследование не завершено
مشاء,1,Исследование не завершено
مشارق,1,Исследование не завершено
مشتبها,1,Исследование не завершено
مشهد,1,Исследование не завершено
مشهود,1,Исследование не завершено
مشهودا,1,Исследование не завершено
مشوا,1,Исследование не завершено
مشيد,1,Исследование не завершено
مشيدة,1,Исследование не завершено
مشيك,1,Исследование не завершено
مصانع,1,Исследование не завершено
مصباح,1,Исследование не завершено
مصرا,1,Исследование не завершено
مصرفا,1,Исследование не завершено
مصروفا,1,Исследование не завершено
مصفى,1,Исследование не завершено
مصلى,1,Исследование не завершено
مصيبها,1,Исследование не завершено
مصيركم,1,Исследование не завершено
مضاجعهم,1,Исследование не завершено
مضار,1,Исследование не завершено
مضاعفة,1,Исследование не завершено
مضت,1,Исследование не завершено
مضيا,1,Исследование не завершено
مطاع,1,Исследование не завершено
مطلعون,1,Исследование не завершено
مطمئن,1,Исследование не завершено
مطمئنة,1,Исследование не завершено
مطمئنين,1,Исследование не завершено
مطويات,1,Исследование не завершено
مظلما,1,Исследование не завершено
مظلمون,1,Исследование не завершено
مظلوما,1,Исследование не завершено
معاد,1,Исследование не завершено
معاذيره,1,Исследование не завершено
معاشا,1,Исследование не завершено
معدود,1,Исследование не завершено
معذبوها,1,Исследование не завершено
معذبين,1,Исследование не завершено
معذرة,1,Исследование не завершено
معرة,1,Исследование не завершено
معروفة,1,Исследование не завершено
معزل,1,Исследование не завершено
معشار,1,Исследование не завершено
معطلة,1,Исследование не завершено
معقب,1,Исследование не завершено
معقبات,1,Исследование не завершено
معكما,1,Исследование не завершено
معكوفا,1,Исследование не завершено
معلم,1,Исследование не завершено
معمر,1,Исследование не завершено
معها,1,Исследование не завершено
معيشة,1,Исследование не завершено
معيشتها,1,Исследование не завершено
معيشتهم,1,Исследование не завершено
مغارات,1,Исследование не завершено
مغاضبا,1,Исследование не завершено
مغتسل,1,Исследование не завершено
مغرب,1,Исследование не завершено
مغرما,1,Исследование не завершено
مغلوب,1,Исследование не завершено
مغيرا,1,Исследование не завершено
مفاتح,1,Исследование не завершено
مفازا,1,Исследование не завершено
مفتحة,1,Исследование не завершено
مفتر,1,Исследование не завершено
مفترون,1,Исследование не завершено
مفتريات,1,Исследование не завершено
مفرطون,1,Исследование не завершено
مفسدون,1,Исследование не завершено
مفصلا,1,Исследование не завершено
مفصلات,1,Исследование не завершено
مقامع,1,Исследование не завершено
مقامك,1,Исследование не завершено
مقامهما,1,Исследование не завершено
مقبوضة,1,Исследование не завершено
مقتحم,1,Исследование не завершено
مقتدرا,1,Исследование не завершено
مقتدرون,1,Исследование не завершено
مقتدون,1,Исследование не завершено
مقترفون,1,Исследование не завершено
مقترنين,1,Исследование не завершено
مقتصدة,1,Исследование не завершено
مقتكم,1,Исследование не завершено
مقدورا,1,Исследование не завершено
مقربة,1,Исследование не завершено
مقسوم,1,Исследование не завершено
مقصورات,1,Исследование не завершено
مقطوع,1,Исследование не завершено
مقطوعة,1,Исследование не завершено
مقعد,1,Исследование не завершено
مقمحون,1,Исследование не завершено
مقنعي,1,Исследование не завершено
مقيتا,1,Исследование не завершено
مقيلا,1,Исследование не завершено
مكاء,1,Исследование не завершено
مكانتهم,1,Исследование не завершено
مكانكم,1,Исследование не завершено
مكبا,1,Исследование не завершено
مكة,1,Исследование не завершено
مكتوبا,1,Исследование не завершено
مكث,1,Исследование не завершено
مكذبين,1,Исследование не завершено
مكذوب,1,Исследование не завершено
مكرتموه,1,Исследование не завершено
مكرم,1,Исследование не завершено
مكرمة,1,Исследование не завершено
مكروها,1,Исследование не завершено
مكظوم,1,Исследование не завершено
مكلبين,1,Исследование не завершено
مكني,1,Исследование не завершено
ملء,1,Исследование не завершено
ملأ,1,Исследование не завершено
ملئت,1,Исследование не завершено
ملاق,1,Исследование не завершено
ملاقوه,1,Исследование не завершено
ملاقيكم,1,Исследование не завершено
ملتكم,1,Исследование не завершено
ملجإ,1,Исследование не завершено
ملعونين,1,Исследование не завершено
ملكتم,1,Исследование не завершено
ملكين,1,Исследование не завершено
ملوكا,1,Исследование не завершено
مليا,1,Исследование не завершено
مليك,1,Исследование не завершено
مم,1,"Проверяемое соответствие не найдено. Все 1 вхождений — служебные формы или местоимения по QAC v0.4 (предлог, относительное местоимение; https://corpus.quran.com/download/). Их грамматическая функция не задаёт независимой измеримой величины для сравнения с частотой."
ممددة,1,Исследование не завершено
ممدكم,1,Исследование не завершено
ممدود,1,Исследование не завершено
ممدودا,1,Исследование не завершено
ممرد,1,Исследование не завершено
ممسك,1,Исследование не завершено
ممسكات,1,Исследование не завершено
ممطرنا,1,Исследование не завершено
مملوكا,1,Исследование не завершено
ممنوعة,1,Исследование не завершено
مناديا,1,Исследование не завершено
مناسككم,1,Исследование не завершено
مناسكنا,1,Исследование не завершено
مناص,1,Исследование не завершено
منافقون,1,Исследование не завершено
مناكبها,1,Исследование не завершено
منامك,1,Исследование не завершено
منامكم,1,Исследование не завершено
منامها,1,Исследование не завершено
منبثا,1,Исследование не завершено
منتشر,1,Исследование не завершено
منتصر,1,Исследование не завершено
منتصرا,1,Исследование не завершено
منتصرين,1,Исследование не завершено
منتهاها,1,Исследование не завершено
منتهون,1,Исследование не завершено
منجوك,1,Исследование не завершено
منذرون,1,Исследование не завершено
منزل,1,Исследование не завершено
منزلا,1,Исследование не завершено
منزلها,1,Исследование не завершено
منزلون,1,Исследование не завершено
منسأته,1,Исследование не завершено
منسيا,1,Исследование не завершено
منشرة,1,Исследование не завершено
منشور,1,Исследование не завершено
منشورا,1,Исследование не завершено
منصورا,1,Исследование не завершено
منطق,1,Исследование не завершено
منظرون,1,Исследование не завершено
منعنا,1,Исследование не завершено
منعهم,1,Исследование не завершено
منفطر,1,Исследование не завершено
منفكين,1,Исследование не завершено
منقعر,1,Исследование не завершено
منقلب,1,Исследование не завершено
منقلبا,1,Исследование не завершено
منقوص,1,Исследование не завершено
منكر,1,Исследование не завершено
منكرا,1,Исследование не завершено
منكرة,1,Исследование не завершено
منهمر,1,Исследование не завершено
منوعا,1,Исследование не завершено
منيبا,1,Исследование не завершено
مهاجر,1,Исследование не завершено
مهاجرا,1,Исследование не завершено
مهاجرات,1,Исследование не завершено
مهاد,1,Исследование не завершено
مهادا,1,Исследование не завершено
مهانا,1,Исследование не завершено
مهتد,1,Исследование не завершено
مهجورا,1,Исследование не завершено
مهزوم,1,Исследование не завершено
مهلكهم,1,Исследование не завершено
مهلكو,1,Исследование не завершено
مهلكوها,1,Исследование не завершено
مهلكي,1,Исследование не завершено
مهما,1,Проверяемое соответствие не найдено. Все 1 вхождений — служебные формы или местоимения по QAC v0.4 (условная частица/местоимение; https://corpus.quran.com/download/). Их грамматическая функция не задаёт независимой измеримой величины для сравнения с частотой.
مهيلا,1,Исследование не завершено
موئلا,1,Исследование не завершено
مواطن,1,Исследование не завершено
مواقعوها,1,Исследование не завершено
مواقيت,1,Исследование не завершено
موالي,1,Исследование не завершено
موبقا,1,Исследование не завершено
موتا,1,Исследование не завершено
موتكم,1,Исследование не завершено
موثقهم,1,Исследование не завершено
مورا,1,Исследование не завершено
موزون,1,Исследование не завершено
موص,1,Исследование не завершено
موضوعة,1,Исследование не завершено
موضونة,1,Исследование не завершено
موطئا,1,Исследование не завершено
موعد,1,Исследование не завершено
موعدة,1,Исследование не завершено
موعدك,1,Исследование не завершено
موعدكم,1,Исследование не завершено
موعده,1,Исследование не завершено
موعدي,1,Исследование не завершено
موفورا,1,Исследование не завершено
موقنون,1,Исследование не завершено
موقوتا,1,Исследование не завершено
موقوفون,1,Исследование не завершено
موليها,1,Исследование не завершено
موهن,1,Исследование не завершено
ميتون,1,Исследование не завершено
ميسرة,1,Исследование не завершено
ميسورا,1,Исследование не завершено
ميعاد,1,Исследование не завершено
ميقاتا,1,Исследование не завершено
ميقاتهم,1,Исследование не завершено
ميلا,1,Исследование не завершено
ميلة,1,Исследование не завершено
ن,1,Исследование не завершено
نأت,1,Исследование не завершено
نأتيكم,1,Исследование не завершено
نأخذ,1,Исследование не завершено
نأكل,1,Исследование не завершено
نؤتها,1,Исследование не завершено
نؤتى,1,Исследование не завершено
نؤثرك,1,Исследование не завершено
نؤخره,1,Исследование не завершено
ناج,1,Исследование не завершено
ناجيتم,1,Исследование не завершено
نادانا,1,Исследование не завершено
ناداه,1,Исследование не завершено
نادوا,1,Исследование не завершено
ناديتم,1,Исследование не завершено
ناديكم,1,Исследование не завершено
نادينا,1,Исследование не завершено
ناديه,1,Исследование не завершено
ناسكوه,1,Исследование не завершено
ناشئة,1,Исследование не завершено
ناصبة,1,Исследование не завершено
ناصح,1,Исследование не завершено
ناصحون,1,Исследование не завершено
ناصرا,1,Исследование не завершено
ناصية,1,Исследование не завершено
ناضرة,1,Исследование не завершено
ناظرة,1,Исследование не завершено
ناظرين,1,Исследование не завершено
ناعمة,1,Исследование не завершено
ناكسو,1,Исследование не завершено
نبأت,1,Исследование не завершено
نبأتكما,1,Исследование не завершено
نبأنا,1,Исследование не завершено
نبأني,1,Исследование не завершено
نبأه,1,Исследование не завершено
نبأها,1,Исследование не завершено
نبأهم,1,Исследование не завершено
نبئ,1,Исследование не завершено
نبئنا,1,Исследование не завершено
نبئوني,1,Исследование не завершено
نبتغي,1,Исследование не завершено
نبتليه,1,Исследование не завершено
نبتهل,1,Исследование не завершено
نبذ,1,Исследование не завершено
نبذه,1,Исследование не завершено
نبرأها,1,Исследование не завершено
نبرح,1,Исследование не завершено
نبطش,1,Исследование не завершено
نبغ,1,Исследование не завершено
نبغي,1,Исследование не завершено
نبلوهم,1,Исследование не завершено
نبين,1,Исследование не завершено
نتبعكم,1,Исследование не завершено
نتبعه,1,Исследование не завершено
نتبعهم,1,Исследование не завершено
نتبوأ,1,Исследование не завершено
نتخطف,1,Исследование не завершено
نترك,1,Исследование не завершено
نتقبل,1,Исследование не завершено
نتقنا,1,Исследование не завершено
نتكلم,1,Исследование не завершено
نتلو,1,Исследование не завершено
نتلوه,1,Исследование не завершено
نتنزل,1,Исследование не завершено
نتوكل,1,Исследование не завершено
نثبت,1,Исследование не завершено
نجا,1,Исследование не завершено
نجازي,1,Исследование не завершено
نجاكم,1,Исследование не завершено
نجب,1,Исследование не завершено
نجد,1,Исследование не завершено
نجزيه,1,Исследование не завершено
نجس,1,Исследование не завершено
نجعلها,1,Исследование не завершено
نجعلهم,1,Исследование не завершено
نجعلهما,1,Исследование не завершено
نجمع,1,Исследование не завершено
نجواهم,1,Исследование не завершено
نجوت,1,Исследование не завершено
نجيناكم,1,Исследование не завершено
نجيناه,1,Исследование не завершено
نجيناهم,1,Исследование не завершено
نحبه,1,Исследование не завершено
نحس,1,Исследование не завершено
نحسات,1,Исследование не завершено
نحلة,1,Исследование не завершено
نختم,1,Исследование не завершено
نخرة,1,Исследование не завершено
نخسف,1,Исследование не завершено
نخشى,1,Исследование не завершено
نخفي,1,Исследование не завершено
نخلفه,1,Исследование не завершено
نخلقكم,1,Исследование не завершено
نداء,1,Исследование не завершено
نداولها,1,Исследование не завершено
ندع,1,Исследование не завершено
ندعوه,1,Исследование не завершено
ندلكم,1,Исследование не завершено
نديا,1,Исследование не завершено
نذر,1,Исследование не завершено
نذرا,1,Исследование не завершено
نذرتم,1,Исследование не завершено
نذل,1,Исследование не завершено
نذهبن,1,Исследование не завершено
نذورهم,1,Исследование не завершено
نذيقهم,1,Исследование не завершено
نربك,1,Исследование не завершено
نرث,1,Исследование не завершено
نرزقك,1,Исследование не завершено
نرزقكم,1,Исследование не завершено
نرزقهم,1,Исследование не завершено
نري,1,Исследование не завершено
نريك,1,Исследование не завершено
نريهم,1,Исследование не завершено
نزاعة,1,Исследование не завершено
نزعناها,1,Исследование не завершено
نزلة,1,Исследование не завершено
نزلت,1,Исследование не завершено
نزلناه,1,Исследование не завершено
نزلهم,1,Исследование не завершено
نزيدكم,1,Исследование не завершено
نسأل,1,Исследование не завершено
نسألك,1,Исследование не завершено
نساؤكم,1,Исследование не завершено
نسارع,1,Исследование не завершено
نسبح,1,Исследование не завершено
نسبحك,1,Исследование не завершено
نستبق,1,Исследование не завершено
نستحوذ,1,Исследование не завершено
نستعين,1,Исследование не завершено
نستنسخ,1,Исследование не завершено
نسختها,1,Исследование не завершено
نسخر,1,Исследование не завершено
نسفت,1,Исследование не завершено
نسقط,1,Исследование не завершено
نسقي,1,Исследование не завершено
نسك,1,Исследование не завершено
نسلخ,1,Исследование не завершено
نسلكه,1,Исследование не завершено
نسله,1,Исследование не завершено
نسوة,1,Исследование не завершено
نسوق,1,Исследование не завершено
نسوه,1,Исследование не завершено
نسوي,1,Исследование не завершено
نسويكم,1,Исследование не завершено
نسي,1,Исследование не завершено
نسير,1,Исследование не завершено
نسينا,1,Исследование не завершено
نسيناكم,1,Исследование не завершено
نشتري,1,Исследование не завершено
نشرا,1,Исследование не завершено
نشرت,1,Исследование не завершено
نشرح,1,Исследование не завершено
نشطا,1,Исследование не завершено
نشهد,1,Исследование не завершено
نشوزا,1,Исследование не завершено
نشوزهن,1,Исследование не завершено
نصبا,1,Исследование не завершено
نصبت,1,Исследование не завершено
نصبر,1,Исследование не завершено
نصحوا,1,Исследование не завершено
نصحي,1,Исследование не завершено
نصرانيا,1,Исследование не завершено
نصره,1,Исследование не завершено
نصروهم,1,Исследование не завершено
نصفه,1,Исследование не завершено
نصليه,1,Исследование не завершено
نصليهم,1,Исследование не завершено
نصوحا,1,Исследование не завершено
نصيبك,1,Исследование не завершено
نضاختان,1,Исследование не завершено
نضجت,1,Исследование не завершено
نضطرهم,1,Исследование не завершено
نضيد,1,Исследование не завершено
نطبع,1,Исследование не завершено
نطعم,1,Исследование не завершено
نطعمكم,1,Исследование не завершено
نطمس,1,Исследование не завершено
نطمع,1,Исследование не завершено
نطوي,1,Исследование не завершено
نطيع,1,Исследование не завершено
نظرة,1,Исследование не завершено
نظن,1,Исследование не завершено
نظنك,1,Исследование не завершено
نظنكم,1,Исследование не завершено
نعاجه,1,Исследование не завершено
نعاسا,1,Исследование не завершено
نعبدهم,1,Исследование не завершено
نعجتك,1,Исследование не завершено
نعجز,1,Исследование не завершено
نعجزه,1,Исследование не завершено
نعذب,1,Исследование не завершено
نعذبه,1,Исследование не завершено
نعف,1,Исследование не завершено
نعقل,1,Исследование не завершено
نعلمهم,1,Исследование не завершено
نعلن,1,Исследование не завершено
نعليك,1,Исследование не завершено
نعما,1,Исследование не завершено
نعماء,1,Исследование не завершено
نعمركم,1,Исследование не завершено
نعمره,1,Исследование не завершено
نعمه,1,Исследование не завершено
نعود,1,Исследование не завершено
نعيدكم,1,Исследование не завершено
نعيده,1,Исследование не завершено
نعيما,1,Исследование не завершено
نغادر,1,Исследование не завершено
نغرقهم,1,Исследование не завершено
نفاد,1,Исследование не завершено
نفاقا,1,Исследование не завершено
نفحة,1,Исследование не завершено
نفخة,1,Исследование не завершено
نفدت,1,Исследование не завершено
نفشت,1,Исследование не завершено
نفعت,1,Исследование не завершено
نفعه,1,Исследование не завершено
نفعهما,1,Исследование не завершено
نفقا,1,Исследование не завершено
نفقاتهم,1,Исследование не завершено
نفقد,1,Исследование не завершено
نفقه,1,Исследование не завершено
نفوسكم,1,Исследование не завершено
نفيرا,1,Исследование не завершено
نقبا,1,Исследование не завершено
نقتبس,1,Исследование не завершено
نقدر,1,Исследование не завершено
نقذف,1,Исследование не завершено
نقر,1,Исследование не завершено
نقرؤه,1,Исследование не завершено
نقصص,1,Исследование не завершено
نقصصهم,1,Исследование не завершено
نقصه,1,Исследование не завершено
نقضت,1,Исследование не завершено
نقعا,1,Исследование не завершено
نقعد,1,Исследование не завершено
نقيبا,1,Исследование не завершено
نقيض,1,Исследование не завершено
نقيم,1,Исследование не завершено
نكال,1,Исследование не завершено
نكتل,1,Исследование не завершено
نكتم,1,Исследование не завершено
نكث,1,Исследование не завершено
نكح,1,Исследование не завершено
نكحتم,1,Исследование не завершено
نكدا,1,Исследование не завершено
نكر,1,Исследование не завершено
نكرهم,1,Исследование не завершено
نكروا,1,Исследование не завершено
نكسوا,1,Исследование не завершено
نكسوها,1,Исследование не завершено
نكص,1,Исследование не завершено
نكلم,1,Исследование не завершено
نلعنهم,1,Исследование не завершено
نمتعهم,1,Исследование не завершено
نمد,1,Исследование не завершено
نمدهم,1,Исследование не завершено
نملة,1,Исследование не завершено
نمن,1,Исследование не завершено
ننبئكم,1,Исследование не завершено
ننج,1,Исследование не завершено
ننجيك,1,Исследование не завершено
ننزله,1,Исследование не завершено
ننساكم,1,Исследование не завершено
ننساهم,1,Исследование не завершено
ننسخ,1,Исследование не завершено
ننسها,1,Исследование не завершено
ننشزها,1,Исследование не завершено
ننظر,1,Исследование не завершено
ننكسه,1,Исследование не завершено
ننهك,1,Исследование не завершено
نهار,1,Исследование не завершено
نهاكم,1,Исследование не завершено
نهاكما,1,Исследование не завершено
نهدي,1,Исследование не завершено
نهرا,1,Исследование не завершено
نوحيها,1,Исследование не завершено
نورث,1,Исследование не завершено
نوركم,1,Исследование не завершено
نورنا,1,Исследование не завершено
نوف,1,Исследование не завершено
نوله,1,Исследование не завершено
نولي,1,Исследование не завершено
نوم,1,Исследование не завершено
نومكم,1,Исследование не завершено
نيلا,1,Исследование не завершено
هاؤم,1,Исследование не завершено
هاتين,1,Проверяемое соответствие не найдено. Все 1 вхождений — служебные формы или местоимения по QAC v0.4 (указательное местоимение; https://corpus.quran.com/download/). Их грамматическая функция не задаёт независимой измеримой величины для сравнения с частотой.
هاجر,1,Исследование не завершено
هاجرن,1,Исследование не завершено
هادي,1,Исследование не завершено
هاديا,1,Исследование не завершено
هار,1,Исследование не завершено
هاروت,1,Исследование не завершено
هالك,1,Исследование не завершено
هامدة,1,Исследование не завершено
هاوية,1,Исследование не завершено
هجرا,1,Исследование не завершено
هدا,1,Исследование не завершено
هدان,1,Исследование не завершено
هداها,1,Исследование не завершено
هدنا,1,Исследование не завершено
هدي,1,Исследование не завершено
هديا,1,Исследование не завершено
هديتنا,1,Исследование не завершено
هديناه,1,Исследование не завершено
هربا,1,Исследование не завершено
هشيما,1,Исследование не завершено
هضما,1,Исследование не завершено
هضيم,1,Исследование не завершено
هلوعا,1,Исследование не завершено
هما,1,Проверяемое соответствие не найдено. Все 1 вхождений — служебные формы или местоимения по QAC v0.4 (личное/притяжательное местоимение; https://corpus.quran.com/download/). Их грамматическая функция не задаёт независимой измеримой величины для сравнения с частотой.
هماز,1,Исследование не завершено
همزات,1,Исследование не завершено
همزة,1,Исследование не завершено
همسا,1,Исследование не завершено
هواء,1,Исследование не завершено
هون,1,Исследование не завершено
هونا,1,Исследование не завершено
هيت,1,Исследование не завершено
هينا,1,Исследование не завершено
هيه,1,Проверяемое соответствие не найдено. Все 1 вхождений — служебные формы или местоимения по QAC v0.4 (личное/притяжательное местоимение; https://corpus.quran.com/download/). Их грамматическая функция не задаёт независимой измеримой величины для сравнения с частотой.
وآت,1,Исследование не завершено
وآتاه,1,Исследование не завершено
وآتاهم,1,Исследование не завершено
وآتت,1,Исследование не завершено
وآتنا,1,Исследование не завершено
وآتوهن,1,Исследование не завершено
وآتين,1,Исследование не завершено
وآتيناهما,1,Исследование не завершено
وآثارهم,1,Исследование не завершено
وآثر,1,Исследование не завершено
وآخرنا,1,Исследование не завершено
وآلهتك,1,Исследование не завершено
وآمنهم,1,Исследование не завершено
وآويناهما,1,Исследование не завершено
وأبا,1,Исследование не завершено
وأباريق,1,Исследование не завершено
وأبرئ,1,Исследование не завершено
وأبشروا,1,Исследование не завершено
وأبصارا,1,Исследование не завершено
وأبصاركم,1,Исследование не завершено
وأبصرهم,1,Исследование не завершено
وأبكارا,1,Исследование не завершено
وأبكى,1,Исследование не завершено
وأبلغكم,1,Исследование не завершено
وأبناءكم,1,Исследование не завершено
وأبنائنا,1,Исследование не завершено
وأبونا,1,Исследование не завершено
وأبى,1,Исследование не завершено
وأبيه,1,Исследование не завершено
وأتاهم,1,Исследование не завершено
وأتبعناهم,1,Исследование не завершено
وأترفناهم,1,Исследование не завершено
وأتمروا,1,Исследование не завершено
وأتممت,1,Исследование не завершено
وأتممناها,1,Исследование не завершено
وأتموا,1,Исследование не завершено
وأتيناك,1,Исследование не завершено
وأثابهم,1,Исследование не завершено
وأثاروا,1,Исследование не завершено
وأثقالا,1,Исследование не завершено
وأثل,1,Исследование не завершено
وأجدر,1,Исследование не завершено
وأجلب,1,Исследование не завершено
وأجمعوا,1,Исследование не завершено
وأحاط,1,Исследование не завершено
وأحاطت,1,Исследование не завершено
وأحباؤه,1,Исследование не завершено
وأحصوا,1,Исследование не завершено
وأحصى,1,Исследование не завершено
وأحضرت,1,Исследование не завершено
وأحلت,1,Исследование не завершено
وأحلوا,1,Исследование не завершено
وأحيا,1,Исследование не завершено
وأحيط,1,Исследование не завершено
وأحيي,1,Исследование не завершено
وأحييتنا,1,Исследование не завершено
وأحيينا,1,Исследование не завершено
وأخاف,1,Исследование не завершено
وأخبتوا,1,Исследование не завершено
وأخذت,1,Исследование не завершено
وأخذتم,1,Исследование не завершено
وأخذن,1,Исследование не завершено
وأخذناهم,1,Исследование не завершено
وأخذهم,1,Исследование не завершено
وأخذوا,1,Исследование не завершено
وأخرت,1,Исследование не завершено
وأخرج,1,Исследование не завершено
وأخرجت,1,Исследование не завершено
وأخرجنا,1,Исследование не завершено
وأخرجني,1,Исследование не завершено
وأخرجوا,1,Исследование не завершено
وأخرجوكم,1,Исследование не завершено
وأخرجوهم,1,Исследование не завершено
وأخفى,1,Исследование не завершено
وأخلصوا,1,Исследование не завершено
وأخوك,1,Исследование не завершено
وأخوه,1,Исследование не завершено
وأداء,1,Исследование не завершено
وأدبار,1,Исследование не завершено
وأدخلنا,1,Исследование не завершено
وأدخلناه,1,Исследование не завершено
وأدخلناهم,1,Исследование не завершено
وأدخلني,1,Исследование не завершено
وأدخلهم,1,Исследование не завершено
وأدعو,1,Исследование не завершено
وأدنى,1,Исследование не завершено
وأذان,1,Исследование не завершено
وأذن,1,Исследование не завершено
وأرادوا,1,Исследование не завершено
وأرجلهن,1,Исследование не завершено
وأرسلناك,1,Исследование не завершено
وأرسلناه,1,Исследование не завершено
وأرض,1,Исследование не завершено
وأرضا,1,Исследование не завершено
وأرنا,1,Исследование не завершено
وأرى,1,Исследование не завершено
وأزلفنا,1,Исследование не завершено
وأزواج,1,Исследование не завершено
وأزواجه,1,Исследование не завершено
وأسبغ,1,Исследование не завершено
وأسرحكن,1,Исследование не завершено
وأسررت,1,Исследование не завершено
وأسروه,1,Исследование не завершено
وأسقيناكم,1,Исследование не завершено
وأسلحتهم,1,Исследование не завершено
وأسلمت,1,Исследование не завершено
وأسلموا,1,Исследование не завершено
وأسلنا,1,Исследование не завершено
وأسمع,1,Исследование не завершено
وأسيرا,1,Исследование не завершено
وأشربوا,1,Исследование не завершено
وأشرقت,1,Исследование не завершено
وأشرك,1,Исследование не завершено
وأشركه,1,Исследование не завершено
وأشعارها,1,Исследование не завершено
وأشفقن,1,Исследование не завершено
وأشهدهم,1,Исследование не завершено
وأصابه,1,Исследование не завершено
وأصروا,1,Исследование не завершено
وأصفاكم,1,Исследование не завершено
وأصلحا,1,Исследование не завершено
وأصلحنا,1,Исследование не завершено
وأضعف,1,Исследование не завершено
وأضله,1,Исследование не завершено
وأضلهم,1,Исследование не завершено
وأضلوا,1,Исследование не завершено
وأطراف,1,Исследование не завершено
وأطعن,1,Исследование не завершено
وأطغى,1,Исследование не завершено
وأظهره,1,Исследование не завершено
وأعانه,1,Исследование не завершено
وأعتدت,1,Исследование не завершено
وأعتزلكم,1,Исследование не завершено
وأعدوا,1,Исследование не завершено
وأعز,1,Исследование не завершено
وأعطى,1,Исследование не завершено
وأعظم,1,Исследование не завершено
وأعمى,1,Исследование не завершено
وأعنابا,1,Исследование не завершено
وأعوذ,1,Исследование не завершено
وأعينهم,1,Исследование не завершено
وأغطش,1,Исследование не завершено
وأغلالا,1,Исследование не завершено
وأفئدة,1,Исследование не завершено
وأفئدتهم,1,Исследование не завершено
وأفوض,1,Исследование не завершено
وأقبلوا,1,Исследование не завершено
وأقرب,1,Исследование не завершено
وأقرضتم,1,Исследование не завершено
وأقسطوا,1,Исследование не завершено
وأقمن,1,Исследование не завершено
وأقنى,1,Исследование не завершено
وأكبر,1,Исследование не завершено
وأكدى,1,Исследование не завершено
وأكيد,1,Исследование не завершено
وألزمهم,1,Исследование не завершено
وألسنتهم,1,Исследование не завершено
وألف,1,Исследование не завершено
وألفيا,1,Исследование не завершено
وألقت,1,Исследование не завершено
وألقوه,1,Исследование не завершено
وألقي,1,Исследование не завершено
وألقيت,1,Исследование не завершено
وألنا,1,Исследование не завершено
وألوانكم,1,Исследование не завершено
وأمتعتكم,1,Исследование не завершено
وأمددناكم,1,Исследование не завершено
وأمددناهم,1,Исследование не завершено
وأمرنا,1,Исследование не завершено
وأمره,1,Исследование не завершено
وأمرهم,1,Исследование не завершено
وأمروا,1,Исследование не завершено
وأملى,1,Исследование не завершено
وأمم,1,Исследование не завершено
وأمنا,1,Исследование не завершено
وأمهات,1,Исследование не завершено
وأمهاتكم,1,Исследование не завершено
وأمواتا,1,Исследование не завершено
وأموال,1,Исследование не завершено
وأموالا,1,Исследование не завершено
وأمي,1,Исследование не завершено
وأميت,1,Исследование не завершено
وأناب,1,Исследование не завершено
وأنابوا,1,Исследование не завершено
وأناسي,1,Исследование не завершено
وأنبئكم,1,Исследование не завершено
وأنبتت,1,Исследование не завершено
وأنبتها,1,Исследование не завершено
وأنثى,1,Исследование не завершено
وأنصتوا,1,Исследование не завершено
وأنصح,1,Исследование не завершено
وأنعمت,1,Исследование не завершено
وأنفسنا,1,Исследование не завершено
وأنك,1,Проверяемое соответствие не найдено. Все 1 вхождений — служебные формы или местоимения по QAC v0.4 (грамматическая частица; https://corpus.quran.com/download/). Их грамматическая функция не задаёт независимой измеримой величины для сравнения с частотой.
وأنكحوا,1,Исследование не завершено
وأنكم,1,Проверяемое соответствие не найдено. Все 1 вхождений — служебные формы или местоимения по QAC v0.4 (грамматическая частица; https://corpus.quran.com/download/). Их грамматическая функция не задаёт независимой измеримой величины для сравнения с частотой.
وأنيبوا,1,Исследование не завершено
وأهديك,1,Исследование не завершено
وأهش,1,Исследование не завершено
وأهل,1,Исследование не завершено
وأهلكنا,1,Исследование не завершено
وأهلنا,1,Исследование не завершено
وأهلونا,1,Исследование не завершено
وأهلي,1,Исследование не завершено
وأهليكم,1,Исследование не завершено
وأوبارها,1,Исследование не завершено
وأوتيت,1,Исследование не завершено
وأوجس,1,Исследование не завершено
وأورثكم,1,Исследование не завершено
وأوصاني,1,Исследование не завершено
وأولئكم,1,Проверяемое соответствие не найдено. Все 1 вхождений — служебные формы или местоимения по QAC v0.4 (указательное местоимение; https://corpus.quran.com/download/). Их грамматическая функция не задаёт независимой измеримой величины для сравнения с частотой.
وأولات,1,Исследование не завершено
وأولادهم,1,Исследование не завершено
وأولي,1,Исследование не завершено
وأياما,1,Исследование не завершено
وأيدكم,1,Исследование не завершено
وأيده,1,Исследование не завершено
وأيدهم,1,Исследование не завершено
وأيدي,1,Исследование не завершено
وأيديهم,1,Исследование не завершено
وأيمانهم,1,Исследование не завершено
وإثمك,1,Исследование не завершено
وإثمهما,1,Исследование не завершено
وإخراج,1,Исследование не завершено
وإخوان,1,Исследование не завершено
وإخوته,1,Исследование не завершено
وإدبار,1,Исследование не завершено
وإدريس,1,Исследование не завершено
وإرصادا,1,Исследование не завершено
وإسرائيل,1,Исследование не завершено
وإسرافنا,1,Исследование не завершено
وإلهنا,1,Исследование не завершено
وإلي,1,Проверяемое соответствие не найдено. Все 1 вхождений — служебные формы или местоимения по QAC v0.4 (предлог; https://corpus.quran.com/download/). Их грамматическая функция не задаёт независимой измеримой величины для сравнения с частотой.
وإلياس,1,Исследование не завершено
وإمائكم,1,Исследование не завершено
وإناثا,1,Исследование не завершено
وإننا,1,Проверяемое соответствие не найдено. Все 1 вхождений — служебные формы или местоимения по QAC v0.4 (грамматическая частица; https://corpus.quran.com/download/). Их грамматическая функция не задаёт независимой измеримой величины для сравнения с частотой.
وإنني,1,Проверяемое соответствие не найдено. Все 1 вхождений — служебные формы или местоимения по QAC v0.4 (грамматическая частица; https://corpus.quran.com/download/). Их грамматическая функция не задаёт независимой измеримой величины для сравнения с частотой.
وإنهما,1,Проверяемое соответствие не найдено. Все 1 вхождений — служебные формы или местоимения по QAC v0.4 (грамматическая частица; https://corpus.quran.com/download/). Их грамматическая функция не задаёт независимой измеримой величины для сравнения с частотой.
وإياك,1,Проверяемое соответствие не найдено. Все 1 вхождений — служебные формы или местоимения по QAC v0.4 (личное/притяжательное местоимение; https://corpus.quran.com/download/). Их грамматическая функция не задаёт независимой измеримой величины для сравнения с частотой.
وإياهم,1,Проверяемое соответствие не найдено. Все 1 вхождений — служебные формы или местоимения по QAC v0.4 (личное/притяжательное местоимение; https://corpus.quran.com/download/). Их грамматическая функция не задаёт независимой измеримой величины для сравнения с частотой.
وابتغاؤكم,1,Исследование не завершено
وابتلوا,1,Исследование не завершено
وابنها,1,Исследование не завершено
وابيضت,1,Исследование не завершено
واتبعت,1,Исследование не завершено
واتبعتهم,1,Исследование не завершено
واتبعك,1,Исследование не завершено
واتبعنا,1,Исследование не завершено
واتبعون,1,Исследование не завершено
واتبعوه,1,Исследование не завершено
واتخذتموه,1,Исследование не завершено
واترك,1,Исследование не завершено
واتق,1,Исследование не завершено
واتقون,1,Исследование не завершено
واتقين,1,Исследование не завершено
واثقكم,1,Исследование не завершено
واجتبينا,1,Исследование не завершено
واجتبيناهم,1,Исследование не завершено
واجعلني,1,Исследование не завершено
واجعله,1,Исследование не завершено
واجعلوا,1,Исследование не завершено
واجفة,1,Исследование не завершено
واجنبني,1,Исследование не завершено
واحذرهم,1,Исследование не завершено
واحذروا,1,Исследование не завершено
واحصروهم,1,Исследование не завершено
واحفظوا,1,Исследование не завершено
واحلل,1,Исследование не завершено
واختار,1,Исследование не завершено
واختلفوا,1,Исследование не завершено
واخشوا,1,Исследование не завершено
واخشوني,1,Исследование не завершено
وادخلي,1,Исследование не завершено
وادكر,1,Исследование не завершено
واديا,1,Исследование не завершено
واذكرن,1,Исследование не завершено
واذكروه,1,Исследование не завершено
وارتابت,1,Исследование не завершено
وارتبتم,1,Исследование не завершено
وارتقبوا,1,Исследование не завершено
وارجعوا,1,Исследование не завершено
وارجوا,1,Исследование не завершено
وارحم,1,Исследование не завершено
واردها,1,Исследование не завершено
واردهم,1,Исследование не завершено
واردون,1,Исследование не завершено
وارزق,1,Исследование не завершено
وارزقنا,1,Исследование не завершено
وارزقهم,1,Исследование не завершено
وارزقوهم,1,Исследование не завершено
وارعوا,1,Исследование не завершено
واركعوا,1,Исследование не завершено
واركعي,1,Исследование не завершено
وازدادوا,1,Исследование не завершено
وازدجر,1,Исследование не завершено
وازينت,1,Исследование не завершено
واسألهم,1,Исследование не завершено
واستبقا,1,Исследование не завершено
واستحيوا,1,Исследование не завершено
واسترهبوهم,1,Исследование не завершено
واستشهدوا,1,Исследование не завершено
واستعمركم,1,Исследование не завершено
واستعينوا,1,Исследование не завершено
واستغشوا,1,Исследование не завершено
واستغفره,1,Исследование не завершено
واستغفروه,1,Исследование не завершено
واستغفري,1,Исследование не завершено
واستفتحوا,1,Исследование не завершено
واستفزز,1,Исследование не завершено
واستقم,1,Исследование не завершено
واستكبرت,1,Исследование не завершено
واستكبرتم,1,Исследование не завершено
واستمتعتم,1,Исследование не завершено
واستمع,1,Исследование не завершено
واستوت,1,Исследование не завершено
واستوى,1,Исследование не завершено
واستيقنتها,1,Исследование не завершено
واسجد,1,Исследование не завершено
واسجدي,1,Исследование не завершено
واسعا,1,Исследование не завершено
واشتروا,1,Исследование не завершено
واشتعل,1,Исследование не завершено
واشدد,1,Исследование не завершено
واشربي,1,Исследование не завершено
واشهدوا,1,Исследование не завершено
واصب,1,Исследование не завершено
واصبا,1,Исследование не завершено
واصطفاك,1,Исследование не завершено
واصطنعتك,1,Исследование не завершено
واصفح,1,Исследование не завершено
واصفحوا,1,Исследование не завершено
واصنع,1,Исследование не завершено
واضربوا,1,Исследование не завершено
واضربوهن,1,Исследование не завершено
واطمأنوا,1,Исследование не завершено
واعبد,1,Исследование не завершено
واعبدوه,1,Исследование не завершено
واعدنا,1,Исследование не завершено
واعف,1,Исследование не завершено
واعلم,1,Исследование не завершено
واعية,1,Исследование не завершено
واغضض,1,Исследование не завершено
وافعلوا,1,Исследование не завершено
واقصد,1,Исследование не завершено
واقعدوا,1,Исследование не завершено
واكتب,1,Исследование не завершено
واكسوهم,1,Исследование не завершено
واكفروا,1,Исследование не завершено
وال,1,Исследование не завершено
والآخر,1,Исследование не завершено
والآخرين,1,Исследование не завершено
والأحزاب,1,Исследование не завершено
والأذن,1,Исследование не завершено
والأذى,1,Исследование не завершено
والأرحام,1,Исследование не завершено
والأزلام,1,Исследование не завершено
والأصم,1,Исследование не завершено
والأعناق,1,Исследование не завершено
والأغلال,1,Исследование не завершено
والأقدام,1,Исследование не завершено
والأميين,1,Исследование не завершено
والأنصاب,1,Исследование не завершено
والأنف,1,Исследование не завершено
والأنفس,1,Исследование не завершено
والأولين,1,Исследование не завершено
والإثم,1,Исследование не завершено
والإحسان,1,Исследование не завершено
والإشراق,1,Исследование не завершено
والباد,1,Исследование не завершено
والباطل,1,Исследование не завершено
والباطن,1,Исследование не завершено
والبدن,1,Исследование не завершено
والبصر,1,Исследование не завершено
والبغال,1,Исследование не завершено
والبلد,1,Исследование не завершено
والبنون,1,Исследование не завершено
والبنين,1,Исследование не завершено
والبيت,1,Исследование не завершено
والترائب,1,Исследование не завершено
والتفت,1,Исследование не завершено
والتين,1,Исследование не завершено
والثمرات,1,Исследование не завершено
والجان,1,Исследование не завершено
والجبلة,1,Исследование не завершено
والجراد,1,Исследование не завершено
والجروح,1,Исследование не завершено
والجسم,1,Исследование не завершено
والجلود,1,Исследование не завершено
والجوع,1,Исследование не завершено
والحافظات,1,Исследование не завершено
والحافظون,1,Исследование не завершено
والحافظين,1,Исследование не завершено
والحب,1,Исследование не завершено
والحج,1,Исследование не завершено
والحرث,1,Исследование не завершено
والحرمات,1,Исследование не завершено
والحق,1,Исследование не завершено
والحمير,1,Исследование не завершено
والحياة,1,Исследование не завершено
والخاشعات,1,Исследование не завершено
والخاشعين,1,Исследование не завершено
والخبيثون,1,Исследование не завершено
والخنازير,1,Исследование не завершено
والخوف,1,Исследование не завершено
والخير,1,Исследование не завершено
والد,1,Исследование не завершено
والدة,1,Исследование не завершено
والدتك,1,Исследование не завершено
والده,1,Исследование не завершено
والذاريات,1,Исследование не завершено
والذاكرات,1,Исследование не завершено
والذاكرين,1,Исследование не завершено
والذكر,1,Исследование не завершено
والراسخون,1,Исследование не завершено
والربانيون,1,Исследование не завершено
والرجز,1,Исследование не завершено
والرقيم,1,Исследование не завершено
والركب,1,Исследование не завершено
والرهبان,1,Исследование не завершено
والريحان,1,Исследование не завершено
والزاني,1,Исследование не завершено
والزانية,1,Исследование не завершено
والزرع,1,Исследование не завершено
والسائلين,1,Исследование не завершено
والسابحات,1,Исследование не завершено
والسارق,1,Исследование не завершено
والسارقة,1,Исследование не завершено
والسحاب,1,Исследование не завершено
والسراء,1,Исследование не завершено
والسعة,1,Исследование не завершено
والسقف,1,Исследование не завершено
والسلاسل,1,Исследование не завершено
والسميع,1,Исследование не завершено
والسن,1,Исследование не завершено
والسوء,1,Исследование не завершено
والسيئات,1,Исследование не завершено
والشجرة,1,Исследование не завершено
والشعراء,1,Исследование не завершено
والشفع,1,Исследование не завершено
والشمائل,1,Исследование не завершено
والشهر,1,Исследование не завершено
والصائمات,1,Исследование не завершено
والصائمين,1,Исследование не завершено
والصابئون,1,Исследование не завершено
والصابرات,1,Исследование не завершено
والصاحب,1,Исследование не завершено
والصادقات,1,Исследование не завершено
والصافات,1,Исследование не завершено
والصديقين,1,Исследование не завершено
والصلح,1,Исследование не завершено
والصيف,1,Исследование не завершено
والضحى,1,Исследование не завершено
والضفادع,1,Исследование не завершено
والضلال,1,Исследование не завершено
والطارق,1,Исследование не завершено
والطاغوت,1,Исследование не завершено
والطور,1,Исследование не завершено
والطيب,1,Исследование не завершено
والطيبون,1,Исследование не завершено
والظالمون,1,Исследование не завершено
والظالمين,1,Исследование не завершено
والظاهر,1,Исследование не завершено
والعاديات,1,Исследование не завершено
والعافين,1,Исследование не завершено
والعاكفين,1,Исследование не завершено
والعاملين,1,Исследование не завершено
والعبد,1,Исследование не завершено
والعذاب,1,Исследование не завершено
والعزى,1,Исследование не завершено
والعصر,1,Исследование не завершено
والعصيان,1,Исследование не завершено
والعمرة,1,Исследование не завершено
والعمل,1,Исследование не завершено
والعنهم,1,Исследование не завершено
والعير,1,Исследование не завершено
والعين,1,Исследование не завершено
والغارمين,1,Исследование не завершено
والغاوون,1,Исследование не завершено
والغنم,1,Исследование не завершено
والغوا,1,Исследование не завершено
والفؤاد,1,Исследование не завершено
والفتح,1,Исследование не завершено
والفجر,1,Исследование не завершено
والفسوق,1,Исследование не завершено
والقائلين,1,Исследование не завершено
والقائمين,1,Исследование не завершено
والقاسية,1,Исследование не завершено
والقانتات,1,Исследование не завершено
والقلائد,1,Исследование не завершено
والقلم,1,Исследование не завершено
والقمل,1,Исследование не завершено
والقناطير,1,Исследование не завершено
والقواعد,1,Исследование не завершено
والكاظمين,1,Исследование не завершено
والكافرين,1,Исследование не завершено
واللذان,1,Проверяемое соответствие не найдено. Все 1 вхождений — служебные формы или местоимения по QAC v0.4 (относительное местоимение; https://corpus.quran.com/download/). Их грамматическая функция не задаёт независимой измеримой величины для сравнения с частотой.
والمؤتفكة,1,Исследование не завершено
والمؤتون,1,Исследование не завершено
والمؤلفة,1,Исследование не завершено
والمؤمنين,1,Исследование не завершено
والمتردية,1,Исследование не завершено
والمتصدقات,1,Исследование не завершено
والمتصدقين,1,Исследование не завершено
والمجاهدون,1,Исследование не завершено
والمجوس,1,Исследование не завершено
والمرجفون,1,Исследование не завершено
والمرسلات,1,Исследование не завершено
والمروة,1,Исследование не завершено
والمستغفرين,1,Исследование не завершено
والمسكنة,1,Исследование не завершено
والمسلمات,1,Исследование не завершено
والمسيح,1,Исследование не завершено
والمصدقات,1,Исследование не завершено
والمطلقات,1,Исследование не завершено
والمطلوب,1,Исследование не завершено
والمعتر,1,Исследование не завершено
والمغارب,1,Исследование не завершено
والمغفرة,1,Исследование не завершено
والمقيمي,1,Исследование не завершено
والمقيمين,1,Исследование не завершено
والمكذبين,1,Исследование не завершено
والمنخنقة,1,Исследование не завершено
والمنفقين,1,Исследование не завершено
والموتى,1,Исследование не завершено
والموعظة,1,Исследование не завершено
والموفون,1,Исследование не завершено
والموقوذة,1,Исследование не завершено
والنار,1,Исследование не завершено
والنازعات,1,Исследование не завершено
والناشرات,1,Исследование не завершено
والناشطات,1,Исследование не завершено
والناهون,1,Исследование не завершено
والنبي,1,Исследование не завершено
والنبيون,1,Исследование не завершено
والنخيل,1,Исследование не завершено
والنذر,1,Исследование не завершено
والنسل,1,Исследование не завершено
والنطيحة,1,Исследование не завершено
والنوم,1,Исследование не завершено
والنوى,1,Исследование не завершено
والهدى,1,Исследование не завершено
والوالدات,1,Исследование не завершено
والوتر,1,Исследование не завершено
والوزن,1,Исследование не завершено
وامتازوا,1,Исследование не завершено
وامرأة,1,Исследование не завершено
وامرأت,1,Исследование не завершено
وامرأتان,1,Исследование не завершено
وامرأتي,1,Исследование не завершено
وامسحوا,1,Исследование не завершено
وامضوا,1,Исследование не завершено
وانتصروا,1,Исследование не завершено
وانتظر,1,Исследование не завершено
وانتظروا,1,Исследование не завершено
وانحر,1,Исследование не завершено
وانشق,1,Исследование не завершено
وانشقت,1,Исследование не завершено
وانصروا,1,Исследование не завершено
وانطلق,1,Исследование не завершено
وانظرنا,1,Исследование не завершено
وانظروا,1,Исследование не завершено
وانقلبوا,1,Исследование не завершено
وانه,1,Исследование не завершено
واهجرني,1,Исследование не завершено
واهجرهم,1,Исследование не завершено
واهجروهن,1,Исследование не завершено
واهدنا,1,Исследование не завершено
واهية,1,Исследование не завершено
وبئر,1,Исследование не завершено
وبارك,1,Исследование не завершено
وباركنا,1,Исследование не завершено
وباطنة,1,Исследование не завершено
وباطنه,1,Исследование не завершено
وبالآخرة,1,Исследование не завершено
وبالأسحار,1,Исследование не завершено
وبالذي,1,Проверяемое соответствие не найдено. Все 1 вхождений — служебные формы или местоимения по QAC v0.4 (относительное местоимение; https://corpus.quran.com/download/). Их грамматическая функция не задаёт независимой измеримой величины для сравнения с частотой.
وبالرسول,1,Исследование не завершено
وبالزبر,1,Исследование не завершено
وبالكتاب,1,Исследование не завершено
وبالليل,1,Исследование не завершено
وبالمؤمنين,1,Исследование не завершено
وبالنجم,1,Исследование не завершено
وباليوم,1,Исследование не завершено
وبدأ,1,Исследование не завершено
وبدارا,1,Исследование не завершено
وبداره,1,Исследование не завершено
وبدلناهم,1,Исследование не завершено
وبذلك,1,Проверяемое соответствие не найдено. Все 1 вхождений — служебные формы или местоимения по QAC v0.4 (указательное местоимение; https://corpus.quran.com/download/). Их грамматическая функция не задаёт независимой измеримой величины для сравнения с частотой.
وبذي,1,Исследование не завершено
وبرحمته,1,Исследование не завершено
وبرسوله,1,Исследование не завершено
وبرسولي,1,Исследование не завершено
وبرق,1,Исследование не завершено
وبركات,1,Исследование не завершено
وبركاته,1,Исследование не завершено
وبست,1,Исследование не завершено
وبسر,1,Исследование не завершено
وبشرناه,1,Исследование не завершено
وبشروه,1,Исследование не завершено
وبصدهم,1,Исследование не завершено
وبصلها,1,Исследование не завершено
وبطل,1,Исследование не завершено
وبعثنا,1,Исследование не завершено
وبعهد,1,Исследование не завершено
وبعولتهن,1,Исследование не завершено
وبقية,1,Исследование не завершено
وبكفرهم,1,Исследование не завершено
وبكلامي,1,Исследование не завершено
وبكم,1,Исследование не завершено
وبكما,1,Исследование не завершено
وبكيا,1,Исследование не завершено
وبلغ,1,Исследование не завершено
وبلغت,1,Исследование не завершено
وبلغنا,1,Исследование не завершено
وبلوناهم,1,Исследование не завершено
وبمن,1,Проверяемое соответствие не найдено. Все 1 вхождений — служебные формы или местоимения по QAC v0.4 (относительное местоимение; https://corpus.quran.com/download/). Их грамматическая функция не задаёт независимой измеримой величины для сравнения с частотой.
وبناتك,1,Исследование не завершено
وبناتكم,1,Исследование не завершено
وبنعمة,1,Исследование не завершено
وبنعمت,1,Исследование не завершено
وبني,1,Исследование не завершено
وبنينا,1,Исследование не завершено
وبنيه,1,Исследование не завершено
وبوأكم,1,Исследование не завершено
وبيع,1,Исследование не завершено
وبيلا,1,Исследование не завершено
وبينات,1,Исследование не завершено
وبينهما,1,Исследование не завершено
وبينوا,1,Исследование не завершено
وتأبى,1,Исследование не завершено
وتأتون,1,Исследование не завершено
وتأسرون,1,Исследование не завершено
وتأكلون,1,Исследование не завершено
وتؤتوها,1,Исследование не завершено
وتؤوي,1,Исследование не завершено
وتاب,1,Исследование не завершено
وتالله,1,Исследование не завершено
وتبارك,1,Исследование не завершено
وتبتل,1,Исследование не завершено
وتبرئ,1,Исследование не завершено
وتبغونها,1,Исследование не завершено
وتبين,1,Исследование не завершено
وتتخذون,1,Исследование не завершено
وتتلقاهم,1,Исследование не завершено
وتثبيتا,1,Исследование не завершено
وتجارة,1,Исследование не завершено
وتجاهدون,1,Исследование не завершено
وتحبون,1,Исследование не завершено
وتحرير,1,Исследование не завершено
وتحسبهم,1,Исследование не завершено
وتحسبونه,1,Исследование не завершено
وتحشرون,1,Исследование не завершено
وتحمل,1,Исследование не завершено
وتحيتهم,1,Исследование не завершено
وتخر,1,Исследование не завершено
وتخرجون,1,Исследование не завершено
وتخشى,1,Исследование не завершено
وتخفون,1,Исследование не завершено
وتخفي,1,Исследование не завершено
وتخلت,1,Исследование не завершено
وتخلقون,1,Исследование не завершено
وتخونوا,1,Исследование не завершено
وتدعوا,1,Исследование не завершено
وتدعونني,1,Исследование не завершено
وتدلوا,1,Исследование не завершено
وتذكيري,1,Исследование не завершено
وتذل,1,Исследование не завершено
وتذهب,1,Исследование не завершено
وتذوقوا,1,Исследование не завершено
وتربصتم,1,Исследование не завершено
وترجون,1,Исследование не завершено
وترحمنا,1,Исследование не завершено
وترحمني,1,Исследование не завершено
وترزق,1,Исследование не завершено
وترغبون,1,Исследование не завершено
وتركتم,1,Исследование не завершено
وتركهم,1,Исследование не завершено
وتركوك,1,Исследование не завершено
وترهقهم,1,Исследование не завершено
وتزكيهم,1,Исследование не завершено
وتزودوا,1,Исследование не завершено
وتسبحوه,1,Исследование не завершено
وتسبيحه,1,Исследование не завершено
وتستخرجوا,1,Исследование не завершено
وتستخرجون,1,Исследование не завершено
وتسعون,1,Исследование не завершено
وتسلموا,1,Исследование не завершено
وتسليما,1,Исследование не завершено
وتسود,1,Исследование не завершено
وتسير,1,Исследование не завершено
وتشاور,1,Исследование не завершено
وتشتكي,1,Исследование не завершено
وتشهد,1,Исследование не завершено
وتصدق,1,Исследование не завершено
وتصدون,1,Исследование не завершено
وتصدية,1,Исследование не завершено
وتصف,1,Исследование не завершено
وتصفحوا,1,Исследование не завершено
وتصلحوا,1,Исследование не завершено
وتصلية,1,Исследование не завершено
وتضحكون,1,Исследование не завершено
وتضع,1,Исследование не завершено
وتعاونوا,1,Исследование не завершено
وتعز,1,Исследование не завершено
وتعزروه,1,Исследование не завершено
وتعلم,1,Исследование не завершено
وتعمل,1,Исследование не завершено
وتعيها,1,Исследование не завершено
وتغشى,1,Исследование не завершено
وتغفروا,1,Исследование не завершено
وتفاخر,1,Исследование не завершено
وتفريقا,1,Исследование не завершено
وتفقد,1,Исследование не завершено
وتقبل,1,Исследование не завершено
وتقسطوا,1,Исследование не завершено
وتقطعت,1,Исследование не завершено
وتقطعون,1,Исследование не завершено
وتقلبك,1,Исследование не завершено
وتقواها,1,Исследование не завершено
وتقول,1,Исследование не завершено
وتقولوا,1,Исследование не завершено
وتقولون,1,Исследование не завершено
وتكاثر,1,Исследование не завершено
وتكتموا,1,Исследование не завершено
وتكتمون,1,Исследование не завершено
وتكفرون,1,Исследование не завершено
وتكلمنا,1,Исследование не завершено
وتلذ,1,Исследование не завершено
وتله,1,Исследование не завершено
وتماثيل,1,Исследование не завершено
وتمتعوا,1,Исследование не завершено
وتناجوا,1,Исследование не завершено
وتنازعتم,1,Исследование не завершено
وتنزع,1,Исследование не завершено
وتنشق,1,Исследование не завершено
وتنهون,1,Исследование не завершено
وتهدي,1,Исследование не завершено
وتوبوا,1,Исследование не завершено
وتودون,1,Исследование не завершено
وتوفى,1,Исследование не завершено
وتوفيقا,1,Исследование не завершено
وتوقروه,1,Исследование не завершено
وتول,1,Исследование не завершено
وتولج,1,Исследование не завершено
وثاقه,1,Исследование не завершено
وثامنهم,1,Исследование не завершено
وثقالا,1,Исследование не завершено
وثلة,1,Исследование не завершено
وثلثه,1,Исследование не завершено
وثمانية,1,Исследование не завершено
وثيابك,1,Исследование не завершено
وجئتك,1,Исследование не завершено
وجئتكم,1,Исследование не завершено
وجاءته,1,Исследование не завершено
وجاءك,1,Исследование не завершено
وجاءكم,1,Исследование не завершено
وجاءه,1,Исследование не завершено
وجادلهم,1,Исследование не завершено
وجادلوا,1,Исследование не завершено
وجاعل,1,Исследование не завершено
وجاعلوه,1,Исследование не завершено
وجاهد,1,Исследование не завершено
وجاهدهم,1,Исследование не завершено
وجبت,1,Исследование не завершено
وجحدوا,1,Исследование не завершено
وجحيما,1,Исследование не завершено
وجدت,1,Исследование не завершено
وجدتها,1,Исследование не завершено
وجدكم,1,Исследование не завершено
وجدناه,1,Исследование не завершено
وجدوا,1,Исследование не завершено
وجرين,1,Исследование не завершено
وجزاء,1,Исследование не завершено
وجزاهم,1,Исследование не завершено
وجعلت,1,Исследование не завершено
وجعلكم,1,Исследование не завершено
وجعلها,1,Исследование не завершено
وجفان,1,Исследование не завершено
وجلة,1,Исследование не завершено
وجلودهم,1,Исследование не завершено
وجلون,1,Исследование не завершено
وجنت,1,Исследование не завершено
وجنوبهم,1,Исследование не завершено
وجنود,1,Исследование не завершено
وجنودا,1,Исследование не завершено
وجنى,1,Исследование не завершено
وجهاد,1,Исследование не завершено
وجهة,1,Исследование не завершено
وجهت,1,Исследование не завершено
وجهرا,1,Исследование не завершено
وجهركم,1,Исследование не завершено
وجوها,1,Исследование не завершено
وحاجه,1,Исследование не завершено
وحال,1,Исследование не завершено
وحب,1,Исследование не завершено
وحبط,1,Исследование не завершено
وحبل,1,Исследование не завершено
وحجرا,1,Исследование не завершено
وحدائق,1,Исследование не завершено
وحرام,1,Исследование не завершено
وحرث,1,Исследование не завершено
وحرض,1,Исследование не завершено
وحرمنا,1,Исследование не завершено
وحرموا,1,Исследование не завершено
وحريرا,1,Исследование не завершено
وحزنا,1,Исследование не завершено
وحزني,1,Исследование не завершено
وحسبوا,1,Исследование не завершено
وحسنت,1,Исследование не завершено
وحشر,1,Исследование не завершено
وحشرنا,1,Исследование не завершено
وحشرناهم,1,Исследование не завершено
وحصل,1,Исследование не завершено
وحصورا,1,Исследование не завершено
وحصيد,1,Исследование не завершено
وحفدة,1,Исследование не завершено
وحفظناها,1,Исследование не завершено
وحففناهما,1,Исследование не завершено
وحق,1,Исследование не завершено
وحكما,1,Исследование не завершено
وحكمة,1,Исследование не завершено
وحلائل,1,Исследование не завершено
وحلالا,1,Исследование не завершено
وحلوا,1,Исследование не завершено
وحمر,1,Исследование не завершено
وحملت,1,Исследование не завершено
وحملناه,1,Исследование не завершено
وحملناهم,1,Исследование не завершено
وحمله,1,Исследование не завершено
وحملها,1,Исследование не завершено
وحميم,1,Исследование не завершено
وحنانا,1,Исследование не завершено
وحور,1,Исследование не завершено
وحي,1,Исследование не завершено
وحيا,1,Исследование не завершено
وحيدا,1,Исследование не завершено
وحيل,1,Исследование не завершено
وحيه,1,Исследование не завершено
وخاب,1,Исследование не завершено
وخاتم,1,Исследование не завершено
وخاف,1,Исследование не завершено
وخافون,1,Исследование не завершено
وخالاتكم,1,Исследование не завершено
وخذ,1,Исследование не завершено
وخذوا,1,Исследование не завершено
وخذوهم,1,Исследование не завершено
وخرقوا,1,Исследование не завершено
وخروا,1,Исследование не завершено
وخسف,1,Исследование не завершено
وخشعت,1,Исследование не завершено
وخشي,1,Исследование не завершено
وخضتم,1,Исследование не завершено
وخلقنا,1,Исследование не завершено
وخلقناكم,1,Исследование не завершено
وخلقهم,1,Исследование не завершено
وخيفة,1,Исследование не завершено
وداعيا,1,Исследование не завершено
ودانية,1,Исследование не завершено
وداوود,1,Исследование не завершено
ودت,1,Исследование не завершено
ودرسوا,1,Исследование не завершено
ودسر,1,Исследование не завершено
ودع,1,Исследование не завершено
ودعك,1,Исследование не завершено
ودم,1,Исследование не завершено
ودمرنا,1,Исследование не завершено
ودود,1,Исследование не завершено
ودون,1,Исследование не завершено
وديارهم,1,Исследование не завершено
ودية,1,Исследование не завершено
وذات,1,Исследование не завершено
وذر,1,Исследование не завершено
وذرني,1,Исследование не завершено
وذرياتنا,1,Исследование не завершено
وذرية,1,Исследование не завершено
وذريته,1,Исследование не завершено
وذريتها,1,Исследование не завершено
وذكرا,1,Исследование не завершено
وذكرهم,1,Исследование не завершено
وذكروا,1,Исследование не завершено
وذلة,1,Исследование не завершено
وذلكم,1,Проверяемое соответствие не найдено. Все 1 вхождений — служебные формы или местоимения по QAC v0.4 (указательное местоимение; https://corpus.quran.com/download/). Их грамматическая функция не задаёт независимой измеримой величины для сравнения с частотой.
وذللت,1,Исследование не завершено
وذللناها,1,Исследование не завершено
وذو,1,Исследование не завершено
وذي,1,Исследование не завершено
ورأى,1,Исследование не завершено
ورأيت,1,Исследование не завершено
ورأيتهم,1,Исследование не завершено
ورئاء,1,Исследование не завершено
ورئيا,1,Исследование не завершено
وراءه,1,Исследование не завершено
ورائكم,1,Исследование не завершено
ورائي,1,Исследование не завершено
ورابطوا,1,Исследование не завершено
وراعنا,1,Исследование не завершено
ورافعك,1,Исследование не завершено
وراودته,1,Исследование не завершено
وربائبكم,1,Исследование не завершено
وربطنا,1,Исследование не завершено
ورتل,1,Исследование не завершено
ورتلناه,1,Исследование не завершено
ورثة,1,Исследование не завершено
ورثوا,1,Исследование не завершено
ورجلا,1,Исследование не завершено
ورجلك,1,Исследование не завершено
ورحمت,1,Исследование не завершено
ورحمتي,1,Исследование не завершено
وردا,1,Исследование не завершено
وردة,1,Исследование не завершено
وردوا,1,Исследование не завершено
وردوها,1,Исследование не завершено
ورزقا,1,Исследование не завершено
ورزقني,1,Исследование не завершено
ورسالاته,1,Исследование не завершено
ورسلنا,1,Исследование не завершено
ورسول,1,Исследование не завершено
ورسولا,1,Исследование не завершено
ورضي,1,Исследование не завершено
ورضيت,1,Исследование не завершено
ورعد,1,Исследование не завершено
ورفعناه,1,Исследование не завершено
ورقة,1,Исследование не завершено
ورماحكم,1,Исследование не завершено
ورمان,1,Исследование не завершено
ورهبا,1,Исследование не завершено
ورهبانا,1,Исследование не завершено
ورهبانهم,1,Исследование не завершено
ورهبانية,1,Исследование не завершено
ورواحها,1,Исследование не завершено
وروح,1,Исследование не завершено
وريحان,1,Исследование не завершено
وريشا,1,Исследование не завершено
وزادكم,1,Исследование не завершено
وزاده,1,Исследование не завершено
وزادهم,1,Исследование не завершено
وزخرفا,1,Исследование не завершено
وزدناهم,1,Исследование не завершено
وزرا,1,Исследование не завершено
وزرابي,1,Исследование не завершено
وزرع,1,Исследование не завершено
وزرك,1,Исследование не завершено
وزفيرا,1,Исследование не завершено
وزكاة,1,Исследование не завершено
وزلفا,1,Исследование не завершено
وزنا,1,Исследование не завершено
وزنوهم,1,Исследование не завершено
وزهق,1,Исследование не завершено
وزوجه,1,Исследование не завершено
وزيادة,1,Исследование не завершено
وزيتونا,1,Исследование не завершено
وزينا,1,Исследование не завершено
وزينه,1,Исследование не завершено
وسار,1,Исследование не завершено
وسارب,1,Исследование не завершено
وسارعوا,1,Исследование не завершено
وسبحه,1,Исследование не завершено
وسبحوا,1,Исследование не завершено
وسبحوه,1,Исследование не завершено
وسبعة,1,Исследование не завершено
وسبلا,1,Исследование не завершено
وستردون,1,Исследование не завершено
وسخرنا,1,Исследование не завершено
وسرابيل,1,Исследование не завершено
وسراجا,1,Исследование не завершено
وسرحوهن,1,Исследование не завершено
وسررا,1,Исследование не завершено
وسرورا,1,Исследование не завершено
وسطا,1,Исследование не завершено
وسعة,1,Исследование не завершено
وسعيد,1,Исследование не завершено
وسعيرا,1,Исследование не завершено
وسفرا,1,Исследование не завершено
وسق,1,Исследование не завершено
وسقاهم,1,Исследование не завершено
وسقوا,1,Исследование не завершено
وسقياها,1,Исследование не завершено
وسكنتم,1,Исследование не завершено
وسلك,1,Исследование не завершено
وسلموا,1,Исследование не завершено
وسمعنا,1,Исследование не завершено
وسمعهم,1,Исследование не завершено
وسنجزي,1,Исследование не завершено
وسنزيد,1,Исследование не завершено
وسنقول,1,Исследование не завершено
وسواء,1,Исследование не завершено
وسيجزي,1,Исследование не завершено
وسيجنبها,1,Исследование не завершено
وسيحبط,1,Исследование не завершено
وسيحلفون,1,Исследование не завершено
وسيدا,1,Исследование не завершено
وسيرت,1,Исследование не завершено
وسيرى,1,Исследование не завершено
وسيصلون,1,Исследование не завершено
وشاركهم,1,Исследование не завершено
وشاقوا,1,Исследование не завершено
وشاهد,1,Исследование не завершено
وشاورهم,1,Исследование не завершено
وشجرة,1,Исследование не завершено
وشرابك,1,Исследование не завершено
وشركاءكم,1,Исследование не завершено
وشركاؤكم,1,Исследование не завершено
وشروه,1,Исследование не завершено
وشفتين,1,Исследование не завершено
وشقاق,1,Исследование не завершено
وشمال,1,Исследование не завершено
وشهبا,1,Исследование не завершено
وشهيد,1,Исследование не завершено
وشهيق,1,Исследование не завершено
وشيء,1,Исследование не завершено
وشيبة,1,Исследование не завершено
وصابروا,1,Исследование не завершено
وصاحبهما,1,Исследование не завершено
وصالح,1,Исследование не завершено
وصبروا,1,Исследование не завершено
وصبغ,1,Исследование не завершено
وصدف,1,Исследование не завершено
وصدقت,1,Исследование не завершено
وصدها,1,Исследование не завершено
وصدوكم,1,Исследование не завершено
وصفهم,1,Исследование не завершено
وصل,1,Исследование не завершено
وصلنا,1,Исследование не завершено
وصما,1,Исследование не завершено
وصهرا,1,Исследование не завершено
وصى,1,Исследование не завершено
وصيلة,1,Исследование не завершено
وضائق,1,Исследование не завершено
وضحاها,1,Исследование не завершено
وضربنا,1,Исследование не завершено
وضع,1,Исследование не завершено
وضعت,1,Исследование не завершено
وضعف,1,Исследование не завершено
وضعها,1,Исследование не завершено
وضلوا,1,Исследование не завершено
وضياء,1,Исследование не завершено
وطئا,1,Исследование не завершено
وطعام,1,Исследование не завершено
وطعاما,1,Исследование не завершено
وطعامكم,1,Исследование не завершено
وطعامه,1,Исследование не завершено
وطعنا,1,Исследование не завершено
وطعنوا,1,Исследование не завершено
وطلح,1,Исследование не завершено
وطهر,1,Исследование не завершено
وطهرك,1,Исследование не завершено
وطور,1,Исследование не завершено
وظالم,1,Исследование не завершено
وظاهره,1,Исследование не завершено
وظاهروا,1,Исследование не завершено
وظلالهم,1,Исследование не завершено
وظلما,1,Исследование не завершено
وظلها,1,Исследование не завершено
وظننتم,1,Исследование не завершено
وظهر,1,Исследование не завершено
وظهورهم,1,Исследование не завершено
وعاشروهن,1,Исследование не завершено
وعباد,1,Исследование не завершено
وعبد,1,Исследование не завершено
وعبقري,1,Исследование не завершено
وعجبوا,1,Исследование не завершено
وعجلت,1,Исследование не завершено
وعدتنا,1,Исследование не завершено
وعدتهم,1,Исследование не завершено
وعدده,1,Исследование не завершено
وعدسها,1,Исследование не завершено
وعدك,1,Исследование не завершено
وعدلا,1,Исследование не завершено
وعدناه,1,Исследование не завершено
وعدناهم,1,Исследование не завершено
وعدو,1,Исследование не завершено
وعدوا,1,Исследование не завершено
وعدوه,1,Исследование не завершено
وعذابا,1,Исследование не завершено
وعذب,1,Исследование не завершено
وعذبناها,1,Исследование не завершено
وعربي,1,Исследование не завершено
وعرضنا,1,Исследование не завершено
وعرضوا,1,Исследование не завершено
وعزرتموهم,1,Исследование не завершено
وعزروه,1,Исследование не завершено
وعزني,1,Исследование не завершено
وعشرا,1,Исследование не завершено
وعشيرتكم,1,Исследование не завершено
وعصيتم,1,Исследование не завершено
وعظهم,1,Исследование не завершено
وعفا,1,Исследование не завершено
وعقبى,1,Исследование не завершено
وعلامات,1,Исследование не завершено
وعلمتم,1,Исследование не завершено
وعلمتني,1,Исследование не завершено
وعلمك,1,Исследование не завершено
وعلمه,1,Исследование не завершено
وعلوا,1,Исследование не завершено
وعليكم,1,Проверяемое соответствие не найдено. Все 1 вхождений — служебные формы или местоимения по QAC v0.4 (предлог; https://corpus.quran.com/download/). Их грамматическая функция не задаёт независимой измеримой величины для сравнения с частотой.
وعلينا,1,Проверяемое соответствие не найдено. Все 1 вхождений — служебные формы или местоимения по QAC v0.4 (предлог; https://corpus.quran.com/download/). Их грамматическая функция не задаёт независимой измеримой величины для сравнения с частотой.
وعليهم,1,Проверяемое соответствие не найдено. Все 1 вхождений — служебные формы или местоимения по QAC v0.4 (предлог; https://corpus.quran.com/download/). Их грамматическая функция не задаёт независимой измеримой величины для сравнения с частотой.
وعماتكم,1,Исследование не завершено
وعمارة,1,Исследование не завершено
وعمروها,1,Исследование не завершено
وعمله,1,Исследование не завершено
وعميانا,1,Исследование не завершено
وعنب,1,Исследование не завершено
وعنبا,1,Исследование не завершено
وعنت,1,Исследование не завершено
وعندنا,1,Исследование не завершено
وعهدنا,1,Исследование не завершено
وغدوا,1,Исследование не завершено
وغرابيب,1,Исследование не завершено
وغركم,1,Исследование не завершено
وغرهم,1,Исследование не завершено
وغساق,1,Исследование не завершено
وغساقا,1,Исследование не завершено
وغفر,1,Исследование не завершено
وغلقت,1,Исследование не завершено
وغواص,1,Исследование не завершено
وغيض,1,Исследование не завершено
وفاقا,1,Исследование не завершено
وفتح,1,Исследование не завершено
وفتناك,1,Исследование не завершено
وفدا,1,Исследование не завершено
وفديناه,1,Исследование не завершено
وفرادى,1,Исследование не завершено
وفرش,1,Исследование не завершено
وفرشا,1,Исследование не завершено
وفرضناها,1,Исследование не завершено
وفرعها,1,Исследование не завершено
وفريق,1,Исследование не завершено
وفساد,1,Исследование не завершено
وفصل,1,Исследование не завершено
وفصيلته,1,Исследование не завершено
وفضلا,1,Исследование не завершено
وفعلت,1,Исследование не завершено
وفواكه,1,Исследование не завершено
وفوق,1,Исследование не завершено
وفومها,1,Исследование не завершено
وفى,1,Исследование не завершено
وفيه,1,Проверяемое соответствие не найдено. Все 1 вхождений — служебные формы или местоимения по QAC v0.4 (предлог; https://corpus.quran.com/download/). Их грамматическая функция не задаёт независимой измеримой величины для сравнения с частотой.
وقائما,1,Исследование не завершено
وقابل,1,Исследование не завершено
وقاتل,1,Исследование не завершено
وقارا,1,Исследование не завершено
وقاسمهما,1,Исследование не завершено
وقالا,1,Исследование не завершено
وقب,1,Исследование не завершено
وقبائل,1,Исследование не завершено
وقبيله,1,Исследование не завершено
وقتل,1,Исследование не завершено
وقتلت,1,Исследование не завершено
وقثائها,1,Исследование не завершено
وقدت,1,Исследование не завершено
وقدرنا,1,Исследование не завершено
وقدره,1,Исследование не завершено
وقدمنا,1,Исследование не завершено
وقدموا,1,Исследование не завершено
وقدور,1,Исследование не завершено
وقرآنا,1,Исследование не завершено
وقرآنه,1,Исследование не завершено
وقربناه,1,Исследование не завершено
وقرن,1,Исследование не завершено
وقرونا,1,Исследование не завершено
وقري,1,Исследование не завершено
وقص,1,Исследование не завершено
وقصر,1,Исследование не завершено
وقضبا,1,Исследование не завершено
وقضى,1,Исследование не завершено
وقطعن,1,Исследование не завершено
وقطعنا,1,Исследование не завершено
وقعد,1,Исследование не завершено
وقعدوا,1,Исследование не завершено
وقفوهم,1,Исследование не завершено
وقلبوا,1,Исследование не завершено
وقلوبهن,1,Исследование не завершено
وقمرا,1,Исследование не завершено
وقود,1,Исследование не завершено
وقول,1,Исследование не завершено
وقومك,1,Исследование не завершено
وقومها,1,Исследование не завершено
وقومهم,1,Исследование не завершено
وقوموا,1,Исследование не завершено
وقياما,1,Исследование не завершено
وقيضنا,1,Исследование не завершено
وقيله,1,Исследование не завершено
وكأس,1,Исследование не завершено
وكأسا,1,Исследование не завершено
وكادوا,1,Исследование не завершено
وكبراءنا,1,Исследование не завершено
وكبره,1,Исследование не завершено
وكبير,1,Исследование не завершено
وكذبتم,1,Исследование не завершено
وكره,1,Исследование не завершено
وكسوتهن,1,Исследование не завершено
وكشفت,1,Исследование не завершено
وكشفنا,1,Исследование не завершено
وكف,1,Исследование не завершено
وكفرت,1,Исследование не завершено
وكفرتم,1,Исследование не завершено
وكفرنا,1,Исследование не завершено
وكفرهم,1,Исследование не завершено
وكفلها,1,Исследование не завершено
وكلبهم,1,Исследование не завершено
وكلم,1,Исследование не завершено
وكلما,1,Исследование не завершено
وكلماته,1,Исследование не завершено
وكلمة,1,Исследование не завершено
وكلمته,1,Исследование не завершено
وكلمه,1,Исследование не завершено
وكلمهم,1,Исследование не завершено
وكلنا,1,Исследование не завершено
وكلهم,1,Исследование не завершено
وكنوز,1,Исследование не завершено
وكواعب,1,Исследование не завершено
وكونوا,1,Исследование не завершено
ولأبويه,1,Исследование не завершено
ولأبين,1,Исследование не завершено
ولأتم,1,Исследование не завершено
ولأحل,1,Исследование не завершено
ولأخي,1,Исследование не завершено
ولأدخلناهم,1,Исследование не завершено
ولأدخلنكم,1,Исследование не завершено
ولأدخلنهم,1,Исследование не завершено
ولأضلنهم,1,Исследование не завершено
ولأغوينهم,1,Исследование не завершено
ولأمة,1,Исследование не завершено
ولأمنينهم,1,Исследование не завершено
ولأوضعوا,1,Исследование не завершено
ولإخواننا,1,Исследование не завершено
ولات,1,Исследование не завершено
ولاهم,1,Исследование не завершено
ولايتهم,1,Исследование не завершено
ولباس,1,Исследование не завершено
ولبثت,1,Исследование не завершено
ولبثوا,1,Исследование не завершено
ولبيوتهم,1,Исследование не завершено
ولتأت,1,Исследование не завершено
ولتتقوا,1,Исследование не завершено
ولتجدن,1,Исследование не завершено
ولتجدنهم,1,Исследование не завершено
ولتجري,1,Исследование не завершено
ولتجزى,1,Исследование не завершено
ولتسألن,1,Исследование не завершено
ولتستبين,1,Исследование не завершено
ولتسمعن,1,Исследование не завершено
ولتصغى,1,Исследование не завершено
ولتصنع,1,Исследование не завершено
ولتعرفنهم,1,Исследование не завершено
ولتعلم,1,Исследование не завершено
ولتعلموا,1,Исследование не завершено
ولتعلن,1,Исследование не завершено
ولتكبروا,1,Исследование не завершено
ولتكملوا,1,Исследование не завершено
ولتكن,1,Исследование не завершено
ولتكون,1,Исследование не завершено
ولتكونن,1,Исследование не завершено
ولتنازعتم,1,Исследование не завершено
ولتنذر,1,Исследование не завершено
ولتنصرنه,1,Исследование не завершено
ولتنظر,1,Исследование не завершено
ولدت,1,Исследование не завершено
ولدنهم,1,Исследование не завершено
ولده,1,Исследование не завершено
ولذكر,1,Исследование не завершено
ولذلك,1,Проверяемое соответствие не найдено. Все 1 вхождений — служебные формы или местоимения по QAC v0.4 (указательное местоимение; https://corpus.quran.com/download/). Их грамматическая функция не задаёт независимой измеримой величины для сравнения с частотой.
ولربك,1,Исследование не завершено
ولرسوله,1,Исследование не завершено
ولزوجك,1,Исследование не завершено
ولسانا,1,Исследование не завершено
ولستم,1,Исследование не завершено
ولعب,1,Исследование не завершено
ولعبد,1,Исследование не завершено
ولعلا,1,Исследование не завершено
ولعنه,1,Исследование не завершено
ولعنوا,1,Исследование не завершено
ولقاهم,1,Исследование не завершено
ولقومك,1,Исследование не завершено
ولك,1,Проверяемое соответствие не найдено. Все 1 вхождений — служебные формы или местоимения по QAC v0.4 (личное/притяжательное местоимение; https://corpus.quran.com/download/). Их грамматическая функция не задаёт независимой измеримой величины для сравнения с частотой.
ولكنه,1,Проверяемое соответствие не найдено. Все 1 вхождений — служебные формы или местоимения по QAC v0.4 (грамматическая частица; https://corpus.quran.com/download/). Их грамматическая функция не задаёт независимой измеримой величины для сравнения с частотой.
ولكنهم,1,Проверяемое соответствие не найдено. Все 1 вхождений — служебные формы или местоимения по QAC v0.4 (грамматическая частица; https://corpus.quran.com/download/). Их грамматическая функция не задаёт независимой измеримой величины для сравнения с частотой.
وللأرض,1,Исследование не завершено
وللبسنا,1,Исследование не завершено
وللدار,1,Исследование не завершено
وللذين,1,Проверяемое соответствие не найдено. Все 1 вхождений — служебные формы или местоимения по QAC v0.4 (относительное местоимение; https://corpus.quran.com/download/). Их грамматическая функция не задаёт независимой измеримой величины для сравнения с частотой.
وللرجال,1,Исследование не завершено
وللسيارة,1,Исследование не завершено
وللمطلقات,1,Исследование не завершено
ولملئت,1,Исследование не завершено
ولنا,1,Проверяемое соответствие не найдено. Все 1 вхождений — служебные формы или местоимения по QAC v0.4 (личное/притяжательное местоимение; https://corpus.quran.com/download/). Их грамматическая функция не задаёт независимой измеримой величины для сравнения с частотой.
ولنبينه,1,Исследование не завершено
ولنجزين,1,Исследование не завершено
ولنجعلك,1,Исследование не завершено
ولنجعله,1,Исследование не завершено
ولنحمل,1,Исследование не завершено
ولنخرجنهم,1,Исследование не завершено
ولنرسلن,1,Исследование не завершено
ولنسألن,1,Исследование не завершено
ولنسكننكم,1,Исследование не завершено
ولنصبرن,1,Исследование не завершено
ولنعلمه,1,Исследование не завершено
ولنعم,1,Исследование не завершено
ولنكونن,1,Исследование не завершено
ولهديناهم,1,Исследование не завершено
ولهوا,1,Исследование не завершено
ولوالديك,1,Исследование не завершено
ولوموا,1,Исследование не завершено
وليأتينهم,1,Исследование не завершено
وليؤمنوا,1,Исследование не завершено
وليال,1,Исследование не завершено
وليبتلي,1,Исследование не завершено
وليبدلنهم,1,Исследование не завершено
وليبكوا,1,Исследование не завершено
وليبلي,1,Исследование не завершено
وليبينن,1,Исследование не завершено
وليتبروا,1,Исследование не завершено
وليتذكر,1,Исследование не завершено
وليتلطف,1,Исследование не завершено
وليتمتعوا,1,Исследование не завершено
وليجة,1,Исследование не завершено
وليجدوا,1,Исследование не завершено
وليحكم,1,Исследование не завершено
وليحلفن,1,Исследование не завершено
وليحملن,1,Исследование не завершено
وليخزي,1,Исследование не завершено
وليخش,1,Исследование не завершено
وليدا,1,Исследование не завершено
وليدخلوا,1,Исследование не завершено
وليدع,1,Исследование не завершено
وليذكر,1,Исследование не завершено
وليذيقكم,1,Исследование не завершено
وليربط,1,Исследование не завершено
وليرضوه,1,Исследование не завершено
وليسألن,1,Исследование не завершено
وليسألوا,1,Исследование не завершено
وليست,1,Исследование не завершено
وليستعفف,1,Исследование не завершено
وليشهد,1,Исследование не завершено
وليصفحوا,1,Исследование не завершено
وليضربن,1,Исследование не завершено
وليطوفوا,1,Исследование не завершено
وليعفوا,1,Исследование не завершено
وليعلموا,1,Исследование не завершено
وليقترفوا,1,Исследование не завершено
وليقول,1,Исследование не завершено
وليكتب,1,Исследование не завершено
وليكم,1,Исследование не завершено
وليكون,1,Исследование не завершено
وليكونا,1,Исследование не завершено
وليلبسوا,1,Исследование не завершено
وليمسنكم,1,Исследование не завершено
وليمكنن,1,Исследование не завершено
وليملل,1,Исследование не завершено
ولينصرن,1,Исследование не завершено
وليه,1,Исследование не завершено
وليهما,1,Исследование не завершено
وليوفوا,1,Исследование не завершено
وليوفيهم,1,Исследование не завершено
وماء,1,Исследование не завершено
وماذا,1,Проверяемое соответствие не найдено. Все 1 вхождений — служебные формы или местоимения по QAC v0.4 (вопросительная частица/местоимение; https://corpus.quran.com/download/). Их грамматическая функция не задаёт независимой измеримой величины для сравнения с частотой.
وماروت,1,Исследование не завершено
ومتعناهم,1,Исследование не завершено
ومتعوهن,1,Исследование не завершено
ومثواكم,1,Исследование не завершено
ومحرم,1,Исследование не завершено
ومحياي,1,Исследование не завершено
ومخرج,1,Исследование не завершено
ومرساها,1,Исследование не завершено
ومرعاها,1,Исследование не завершено
ومريم,1,Исследование не завершено
ومزاجه,1,Исследование не завершено
ومزقناهم,1,Исследование не завершено
ومساجد,1,Исследование не завершено
ومساكنكم,1,Исследование не завершено
ومستودع,1,Исследование не завершено
ومستودعها,1,Исследование не завершено
ومشارب,1,Исследование не завершено
ومشهود,1,Исследование не завершено
ومصيرا,1,Исследование не завершено
ومضى,1,Исследование не завершено
ومطهرك,1,Исследование не завершено
ومعارج,1,Исследование не завершено
ومعين,1,Исследование не завершено
ومغاربها,1,Исследование не завершено
ومغانم,1,Исследование не завершено
ومقتا,1,Исследование не завершено
ومقصرين,1,Исследование не завершено
ومكرنا,1,Исследование не завершено
وملأه,1,Исследование не завершено
وملئهم,1,Исследование не завершено
وملك,1,Исследование не завершено
وملكا,1,Исследование не завершено
ومماتهم,1,Исследование не завершено
ومماتي,1,Исследование не завершено
ومناة,1,Исследование не завершено
ومنك,1,Проверяемое соответствие не найдено. Все 1 вхождений — служебные формы или местоимения по QAC v0.4 (предлог; https://corpus.quran.com/download/). Их грамматическая функция не задаёт независимой измеримой величины для сравнения с частотой.
ومنه,1,Проверяемое соответствие не найдено. Все 1 вхождений — служебные формы или местоимения по QAC v0.4 (предлог; https://corpus.quran.com/download/). Их грамматическая функция не задаёт независимой измеримой величины для сравнения с частотой.
ومنهاجا,1,Исследование не завершено
ومهدت,1,Исследование не завершено
ومهلهم,1,Исследование не завершено
ومهيمنا,1,Исследование не завершено
ومواليكم,1,Исследование не завершено
وميثاقه,1,Исследование не завершено
وميكال,1,Исследование не завершено
وناداهما,1,Исследование не завершено
ونباتا,1,Исследование не завершено
ونبلو,1,Исследование не завершено
ونبلوكم,1,Исследование не завершено
ونبيا,1,Исследование не завершено
ونتبع,1,Исследование не завершено
ونتجاوز,1,Исследование не завершено
ونجنا,1,Исследование не завершено
ونجينا,1,Исследование не завершено
ونجيناهم,1,Исследование не завершено
ونجيناهما,1,Исследование не завершено
ونحاس,1,Исследование не завершено
ونحشر,1,Исследование не завершено
ونحشره,1,Исследование не завершено
ونحشرهم,1,Исследование не завершено
ونحفظ,1,Исследование не завершено
ونخرج,1,Исследование не завершено
ونخزى,1,Исследование не завершено
ونخلا,1,Исследование не завершено
ونخوفهم,1,Исследование не завершено
ونخيل,1,Исследование не завершено
ونداء,1,Исследование не завершено
وندخلكم,1,Исследование не завершено
وندخلهم,1,Исследование не завершено
ونذرهم,1,Исследование не завершено
ونذكرك,1,Исследование не завершено
ونذير,1,Исследование не завершено
ونذيقه,1,Исследование не завершено
ونراه,1,Исследование не завершено
ونرثه,1,Исследование не завершено
ونرد,1,Исследование не завершено
ونري,1,Исследование не завершено
ونريد,1,Исследование не завершено
ونزداد,1,Исследование не завершено
ونزل,1,Исследование не завершено
ونزلناه,1,Исследование не завершено
ونساءكم,1,Исследование не завершено
ونساءنا,1,Исследование не завершено
ونستحيي,1,Исследование не завершено
ونسرا,1,Исследование не завершено
ونسقيه,1,Исследование не завершено
ونسكي,1,Исследование не завершено
ونسوا,1,Исследование не завершено
ونسوق,1,Исследование не завершено
ونسوه,1,Исследование не завершено
ونصرناه,1,Исследование не завершено
ونصرناهم,1,Исследование не завершено
ونصروه,1,Исследование не завершено
ونصفه,1,Исследование не завершено
ونصله,1,Исследование не завершено
ونصيرا,1,Исследование не завершено
ونضع,1,Исследование не завершено
ونطبع,1,Исследование не завершено
ونطمع,1,Исследование не завершено
ونعمه,1,Исследование не завершено
ونعيم,1,Исследование не завершено
ونفاقا,1,Исследование не завершено
ونفس,1,Исследование не завершено
ونفصل,1,Исследование не завершено
ونفضل,1,Исследование не завершено
ونفور,1,Исследование не завершено
ونقدس,1,Исследование не завершено
ونقر,1,Исследование не завершено
ونقلب,1,Исследование не завершено
ونقلبهم,1,Исследование не завершено
ونكتب,1,Исследование не завершено
ونكفر,1,Исследование не завершено
ونلعب,1,Исследование не завершено
ونمارق,1,Исследование не завершено
ونمد,1,Исследование не завершено
ونمكن,1,Исследование не завершено
ونمنعكم,1,Исследование не завершено
ونمير,1,Исследование не завершено
وننزل,1,Исследование не завершено
وننشئكم,1,Исследование не завершено
ونهارا,1,Исследование не завершено
ونهر,1,Исследование не завершено
ونهوا,1,Исследование не завершено
ونهى,1,Исследование не завершено
ونودوا,1,Исследование не завершено
ونورهم,1,Исследование не завершено
ونيسرك,1,Исследование не завершено
وهؤلاء,1,Проверяемое соответствие не найдено. Все 1 вхождений — служебные формы или местоимения по QAC v0.4 (указательное местоимение; https://corpus.quran.com/download/). Их грамматическая функция не задаёт независимой измеримой величины для сравнения с частотой.
وهاجا,1,Исследование не завершено
وهبت,1,Исследование не завершено
وهبنا,1,Исследование не завершено
وهداه,1,Исследование не завершено
وهديناه,1,Исследование не завершено
وهديناهم,1,Исследование не завершено
وهديناهما,1,Исследование не завершено
وهذه,1,Проверяемое соответствие не найдено. Все 1 вхождений — служебные формы или местоимения по QAC v0.4 (указательное местоимение; https://corpus.quran.com/download/). Их грамматическая функция не задаёт независимой измеримой величины для сравнения с частотой.
وهزي,1,Исследование не завершено
وهما,1,Проверяемое соответствие не найдено. Все 1 вхождений — служебные формы или местоимения по QAC v0.4 (личное/притяжательное местоимение; https://corpus.quran.com/download/). Их грамматическая функция не задаёт независимой измеримой величины для сравнения с частотой.
وهمت,1,Исследование не завершено
وهنا,1,Исследование не завершено
وهنوا,1,Исследование не завершено
وهيئ,1,Исследование не завершено
وواعدنا,1,Исследование не завершено
وواعدناكم,1,Исследование не завершено
ووالد,1,Исследование не завершено
ووجدوا,1,Исследование не завершено
وودوا,1,Исследование не завершено
وورث,1,Исследование не завершено
وورثه,1,Исследование не завершено
ووري,1,Исследование не завершено
ووصى,1,Исследование не завершено
ووضعته,1,Исследование не завершено
ووضعنا,1,Исследование не завершено
ووعدتكم,1,Исследование не завершено
ووقانا,1,Исследование не завершено
ووقع,1,Исследование не завершено
وولده,1,Исследование не завершено
ويأبى,1,Исследование не завершено
ويأتوكم,1,Исследование не завершено
ويأتينا,1,Исследование не завершено
ويأتيه,1,Исследование не завершено
ويأخذ,1,Исследование не завершено
ويأكلون,1,Исследование не завершено
ويأمركم,1,Исследование не завершено
ويأمنوا,1,Исследование не завершено
ويؤتوا,1,Исследование не завершено
ويؤثرون,1,Исследование не завершено
ويؤمنون,1,Исследование не завершено
ويبسط,1,Исследование не завершено
ويبسطوا,1,Исследование не завершено
ويبصرون,1,Исследование не завершено
ويبطل,1,Исследование не завершено
ويبغون,1,Исследование не завершено
ويبقى,1,Исследование не завершено
ويتجنبها,1,Исследование не завершено
ويتخذها,1,Исследование не завершено
ويتخطف,1,Исследование не завершено
ويتربص,1,Исследование не завершено
ويتعد,1,Исследование не завершено
ويتعلمون,1,Исследование не завершено
ويتفكرون,1,Исследование не завершено
ويتقه,1,Исследование не завершено
ويتلوه,1,Исследование не завершено
ويتمتعوا,1,Исследование не завершено
ويتناجون,1,Исследование не завершено
ويتولوا,1,Исследование не завершено
ويتيما,1,Исследование не завершено
ويجادل,1,Исследование не завершено
ويجركم,1,Исследование не завершено
ويجزي,1,Исследование не завершено
ويجزيهم,1,Исследование не завершено
ويجعلكم,1,Исследование не завершено
ويجعله,1,Исследование не завершено
ويحب,1,Исследование не завершено
ويحبون,1,Исследование не завершено
ويحبونه,1,Исследование не завершено
ويحرم,1,Исследование не завершено
ويحرمونه,1,Исследование не завершено
ويحفظن,1,Исследование не завершено
ويحفظوا,1,Исследование не завершено
ويحمل,1,Исследование не завершено
ويحيي,1,Исследование не завершено
ويختار,1,Исследование не завершено
ويخرجكم,1,Исследование не завершено
ويخرجهم,1,Исследование не завершено
ويخرون,1,Исследование не завершено
ويخزهم,1,Исследование не завершено
ويخش,1,Исследование не завершено
ويخشون,1,Исследование не завершено
ويخشونه,1,Исследование не завершено
ويخلد,1,Исследование не завершено
ويخلق,1,Исследование не завершено
ويخوفونك,1,Исследование не завершено
ويدخله,1,Исследование не завершено
ويدرأ,1,Исследование не завершено
ويدع,1,Исследование не завершено
ويدعون,1,Исследование не завершено
ويدعوننا,1,Исследование не завершено
ويذبحون,1,Исследование не завершено
ويذرك,1,Исследование не завершено
ويذرهم,1,Исследование не завершено
ويذكر,1,Исследование не завершено
ويذكروا,1,Исследование не завершено
ويذهبا,1,Исследование не завершено
ويذيق,1,Исследование не завершено
ويربي,1,Исследование не завершено
ويرث,1,Исследование не завершено
ويرجو,1,Исследование не завершено
ويرجون,1,Исследование не завершено
ويرحم,1,Исследование не завершено
ويرزقه,1,Исследование не завершено
ويرضى,1,Исследование не завершено
ويرضين,1,Исследование не завершено
ويرى,1,Исследование не завершено
ويزداد,1,Исследование не завершено
ويزدكم,1,Исследование не завершено
ويزكيكم,1,Исследование не завершено
ويزيد,1,Исследование не завершено
ويسألون,1,Исследование не завершено
ويسارعون,1,Исследование не завершено
ويسبح,1,Исследование не завершено
ويسبحونه,1,Исследование не завершено
ويستأذن,1,Исследование не завершено
ويستبدل,1,Исследование не завершено
ويستبشرون,1,Исследование не завершено
ويستجيب,1,Исследование не завершено
ويستحيي,1,Исследование не завершено
ويستخرجا,1,Исследование не завершено
ويستخلفكم,1,Исследование не завершено
ويستغفروا,1,Исследование не завершено
ويستغفرونه,1,Исследование не завершено
ويستفتونك,1,Исследование не завершено
ويستكبر,1,Исследование не завершено
ويستنبئونك,1,Исследование не завершено
ويستهزأ,1,Исследование не завершено
ويسر,1,Исследование не завершено
ويسفك,1,Исследование не завершено
ويسقون,1,Исследование не завершено
ويسقى,1,Исследование не завершено
ويسقين,1,Исследование не завершено
ويسلموا,1,Исследование не завершено
ويشترون,1,Исследование не завершено
ويشرب,1,Исследование не завершено
ويشف,1,Исследование не завершено
ويشهد,1,Исследование не завершено
ويصبر,1,Исследование не завершено
ويصدكم,1,Исследование не завершено
ويصرفه,1,Исследование не завершено
ويصلح,1,Исследование не завершено
ويصلى,1,Исследование не завершено
ويصنع,1,Исследование не завершено
ويضع,1,Исследование не завершено
ويضل,1,Исследование не завершено
ويضيق,1,Исследование не завершено
ويطاف,1,Исследование не завершено
ويطعمون,1,Исследование не завершено
ويطهركم,1,Исследование не завершено
ويطيعون,1,Исследование не завершено
ويعظم,1,Исследование не завершено
ويعف,1,Исследование не завершено
ويعلمك,1,Исследование не завершено
ويعلمه,1,Исследование не завершено
ويعملون,1,Исследование не завершено
ويعوق,1,Исследование не завершено
ويعيد,1,Исследование не завершено
ويفعل,1,Исследование не завершено
ويقبضن,1,Исследование не завершено
ويقبضون,1,Исследование не завершено
ويقطع,1,Исследование не завершено
ويقللكم,1,Исследование не завершено
ويقولوا,1,Исследование не завершено
ويقيموا,1,Исследование не завершено
ويكأن,1,Проверяемое соответствие не найдено. Все 1 вхождений — служебные формы или местоимения по QAC v0.4 (грамматическая частица; https://corpus.quran.com/download/). Их грамматическая функция не задаёт независимой измеримой величины для сравнения с частотой.
ويكأنه,1,Проверяемое соответствие не найдено. Все 1 вхождений — служебные формы или местоимения по QAC v0.4 (грамматическая частица; https://corpus.quran.com/download/). Их грамматическая функция не задаёт независимой измеримой величины для сравнения с частотой.
ويكتمون,1,Исследование не завершено
ويكشف,1,Исследование не завершено
ويكفرون,1,Исследование не завершено
ويكفوا,1,Исследование не завершено
ويكلم,1,Исследование не завершено
ويكور,1,Исследование не завершено
ويكونون,1,Исследование не завершено
ويلبسون,1,Исследование не завершено
ويلتنا,1,Исследование не завершено
ويلعب,1,Исследование не завершено
ويلعن,1,Исследование не завершено
ويلعنهم,1,Исследование не завершено
ويلقوا,1,Исследование не завершено
ويلقون,1,Исследование не завершено
ويلك,1,Исследование не завершено
ويلههم,1,Исследование не завершено
ويمح,1,Исследование не завершено
ويمحق,1,Исследование не завершено
ويمددكم,1,Исследование не завершено
ويمدهم,1,Исследование не завершено
ويمسك,1,Исследование не завершено
ويمشون,1,Исследование не завершено
ويمشي,1,Исследование не завершено
ويمكر,1,Исследование не завершено
ويمكرون,1,Исследование не завершено
ويمنعون,1,Исследование не завершено
ويمنيهم,1,Исследование не завершено
وينأون,1,Исследование не завершено
وينجي,1,Исследование не завершено
وينذر,1,Исследование не завершено
وينشئ,1,Исследование не завершено
وينشر,1,Исследование не завершено
وينصرك,1,Исследование не завершено
وينصركم,1,Исследование не завершено
وينصرون,1,Исследование не завершено
وينعه,1,Исследование не завершено
وينفقوا,1,Исследование не завершено
وينقلب,1,Исследование не завершено
وينهاهم,1,Исследование не завершено
وينهى,1,Исследование не завершено
ويهب,1,Исследование не завершено
ويهديك,1,Исследование не завершено
ويهديه,1,Исследование не завершено
ويهلك,1,Исследование не завершено
ويهيئ,1,Исследование не завершено
ويوسف,1,Исследование не завершено
ويولون,1,Исследование не завершено
ويومئذ,1,Исследование не завершено
يأتك,1,Исследование не завершено
يأتل,1,Исследование не завершено
يأتمرون,1,Исследование не завершено
يأته,1,Исследование не завершено
يأتوكم,1,Исследование не завершено
يأتونك,1,Исследование не завершено
يأتوننا,1,Исследование не завершено
يأتوني,1,Исследование не завершено
يأتيانها,1,Исследование не завершено
يأتيك,1,Исследование не завершено
يأتينك,1,Исследование не завершено
يأتيها,1,Исследование не завершено
يأخذ,1,Исследование не завершено
يأخذه,1,Исследование не завершено
يأخذوا,1,Исследование не завершено
يأخذون,1,Исследование не завершено
يأخذونها,1,Исследование не завершено
يأخذوه,1,Исследование не завершено
يأكلان,1,Исследование не завершено
يأكلن,1,Исследование не завершено
يأكلوا,1,Исследование не завершено
يألمون,1,Исследование не завершено
يألونكم,1,Исследование не завершено
يأمرهم,1,Исследование не завершено
يأمن,1,Исследование не завершено
يأمنوكم,1,Исследование не завершено
يأن,1,Исследование не завершено
يؤاخذهم,1,Исследование не завершено
يؤتوا,1,Исследование не завершено
يؤتين,1,Исследование не завершено
يؤثر,1,Исследование не завершено
يؤذي,1,Исследование не завершено
يؤذين,1,Исследование не завершено
يؤلف,1,Исследование не завершено
يؤلون,1,Исследование не завершено
يؤيد,1,Исследование не завершено
يئسن,1,Исследование не завершено
يئوده,1,Исследование не завершено
يئوسا,1,Исследование не завершено
يابس,1,Исследование не завершено
ياسين,1,Исследование не завершено
يبايعنك,1,Исследование не завершено
يبايعون,1,Исследование не завершено
يبتغ,1,Исследование не завершено
يبث,1,Исследование не завершено
يبحث,1,Исследование не завершено
يبخس,1,Исследование не завершено
يبخسون,1,Исследование не завершено
يبدلنا,1,Исследование не завершено
يبدله,1,Исследование не завершено
يبدلهما,1,Исследование не завершено
يبدلوا,1,Исследование не завершено
يبدلونه,1,Исследование не завершено
يبدها,1,Исследование не завершено
يبدون,1,Исследование не завершено
يبسا,1,Исследование не завершено
يبسطوا,1,Исследование не завершено
يبشر,1,Исследование не завершено
يبشرهم,1,Исследование не завершено
يبصر,1,Исследование не завершено
يبصروا,1,Исследование не завершено
يبصرونهم,1,Исследование не завершено
يبطش,1,Исследование не завершено
يبطشون,1,Исследование не завершено
يبعثك,1,Исследование не завершено
يبعثكم,1,Исследование не завершено
يبعثوا,1,Исследование не завершено
يبغونكم,1,Исследование не завершено
يبغيان,1,Исследование не завершено
يبلس,1,Исследование не завершено
يبلغا,1,Исследование не завершено
يبلغن,1,Исследование не завершено
يبلغوا,1,Исследование не завершено
يبلغون,1,Исследование не завершено
يبلوكم,1,Исследование не завершено
يبلى,1,Исследование не завершено
يبور,1,Исследование не завершено
يبينها,1,Исследование не завершено
يتأخر,1,Исследование не завершено
يتامى,1,Исследование не завершено
يتب,1,Исследование не завершено
يتبدل,1,Исследование не завершено
يتبعها,1,Исследование не завершено
يتبعهم,1,Исследование не завершено
يتبعوكم,1,Исследование не завершено
يتبوأ,1,Исследование не завершено
يتجرعه,1,Исследование не завершено
يتحاجون,1,Исследование не завершено
يتحاكموا,1,Исследование не завершено
يتخبطه,1,Исследование не завершено
يتخذون,1,Исследование не завершено
يتخطفكم,1,Исследование не завершено
يتخلفوا,1,Исследование не завершено
يتخيرون,1,Исследование не завершено
يتراجعا,1,Исследование не завершено
يتربصون,1,Исследование не завершено
يترددون,1,Исследование не завершено
يترك,1,Исследование не завершено
يتركم,1,Исследование не завершено
يتركوا,1,Исследование не завершено
يتسللون,1,Исследование не завершено
يتسنه,1,Исследование не завершено
يتطهروا,1,Исследование не завершено
يتعارفون,1,Исследование не завершено
يتغامزون,1,Исследование не завершено
يتغير,1,Исследование не завершено
يتفجر,1,Исследование не завершено
يتفرقا,1,Исследование не завершено
يتفرقون,1,Исследование не завершено
يتفضل,1,Исследование не завершено
يتفيأ,1,Исследование не завершено
يتقدم,1,Исследование не завершено
يتقي,1,Исследование не завершено
يتكئون,1,Исследование не завершено
يتكبرون,1,Исследование не завершено
يتكلم,1,Исследование не завершено
يتكلمون,1,Исследование не завершено
يتلاومون,1,Исследование не завершено
يتلقى,1,Исследование не завершено
يتلونه,1,Исследование не завершено
يتمتعون,1,Исследование не завершено
يتمطى,1,Исследование не завершено
يتمنونه,1,Исследование не завершено
يتمنوه,1,Исследование не завершено
يتناهون,1,Исследование не завершено
يتنزل,1,Исследование не завершено
يتوارى,1,Исследование не завершено
يتوفاهن,1,Исследование не завершено
يتوفونهم,1,Исследование не завершено
يتولوا,1,Исследование не завершено
يتولونه,1,Исследование не завершено
يتيمين,1,Исследование не завершено
يتيهون,1,Исследование не завершено
يثبت,1,Исследование не завершено
يثخن,1,Исследование не завершено
يثرب,1,Исследование не завершено
يثقفوكم,1,Исследование не завершено
يثنون,1,Исследование не завершено
يجأرون,1,Исследование не завершено
يجادلنا,1,Исследование не завершено
يجار,1,Исследование не завершено
يجاهد,1,Исследование не завершено
يجاهدون,1,Исследование не завершено
يجاورونك,1,Исследование не завершено
يجب,1,Исследование не завершено
يجبى,1,Исследование не завершено
يجتبيك,1,Исследование не завершено
يجدك,1,Исследование не завершено
يجده,1,Исследование не завершено
يجدونه,1,Исследование не завершено
يجره,1,Исследование не завершено
يجز,1,Исследование не завершено
يجزاه,1,Исследование не завершено
يجعلني,1,Исследование не завершено
يجعلوه,1,Исследование не завершено
يجليها,1,Исследование не завершено
يجمحون,1,Исследование не завершено
يجهلون,1,Исследование не завершено
يجيب,1,Исследование не завершено
يجيرني,1,Исследование не завершено
يحاجوكم,1,Исследование не завершено
يحاجون,1,Исследование не завершено
يحادد,1,Исследование не завершено
يحاربون,1,Исследование не завершено
يحاسب,1,Исследование не завершено
يحاسبكم,1,Исследование не завершено
يحاط,1,Исследование не завершено
يحببكم,1,Исследование не завершено
يحبرون,1,Исследование не завершено
يحبسه,1,Исследование не завершено
يحبهم,1,Исследование не завершено
يحبونكم,1,Исследование не завершено
يحبونهم,1,Исследование не завершено
يحتسب,1,Исследование не завершено
يحتسبوا,1,Исследование не завершено
يحتسبون,1,Исследование не завершено
يحرفونه,1,Исследование не завершено
يحرمون,1,Исследование не завершено
يحزن,1,Исследование не завершено
يحزنهم,1,Исследование не завершено
يحسب,1,Исследование не завершено
يحسبه,1,Исследование не завершено
يحسبهم,1,Исследование не завершено
يحسدون,1,Исследование не завершено
يحسنون,1,Исследование не завершено
يحشروا,1,Исследование не завершено
يحضرون,1,Исследование не завершено
يحضن,1,Исследование не завершено
يحطمنكم,1,Исследование не завершено
يحفظونه,1,Исследование не завершено
يحق,1,Исследование не завершено
يحكمان,1,Исследование не завершено
يحكموك,1,Исследование не завершено
يحكمونك,1,Исследование не завершено
يحلل,1,Исследование не завершено
يحلونه,1,Исследование не завершено
يحمدوا,1,Исследование не завершено
يحملنها,1,Исследование не завершено
يحملوها,1,Исследование не завершено
يحموم,1,Исследование не завершено
يحمى,1,Исследование не завершено
يحور,1,Исследование не завершено
يحول,1,Исследование не завершено
يحيطوا,1,Исследование не завершено
يحيف,1,Исследование не завершено
يحيق,1,Исследование не завершено
يحيك,1,Исследование не завершено
يحيين,1,Исследование не завершено
يحييها,1,Исследование не завершено
يخافا,1,Исследование не завершено
يخافه,1,Исследование не завершено
يخافوا,1,Исследование не завершено
يخالفون,1,Исследование не завершено
يختانون,1,Исследование не завершено
يختم,1,Исследование не завершено
يخدعوك,1,Исследование не завершено
يخدعون,1,Исследование не завершено
يخذلكم,1,Исследование не завершено
يخربون,1,Исследование не завершено
يخرجاكم,1,Исследование не завершено
يخرجن,1,Исследование не завершено
يخرجنكما,1,Исследование не завершено
يخرجهم,1,Исследование не завершено
يخرجوك,1,Исследование не завершено
يخرجوكم,1,Исследование не завершено
يخرجونهم,1,Исследование не завершено
يخروا,1,Исследование не завершено
يخرون,1,Исследование не завершено
يخزي,1,Исследование не завершено
يخزيهم,1,Исследование не завершено
يخسر,1,Исследование не завершено
يخسرون,1,Исследование не завершено
يخش,1,Исследование не завершено
يخشاها,1,Исследование не завершено
يخصمون,1,Исследование не завершено
يخطف,1,Исследование не завершено
يخفين,1,Исследование не завершено
يخل,1,Исследование не завершено
يخلفه,1,Исследование не завершено
يخلفون,1,Исследование не завершено
يخلقكم,1,Исследование не завершено
يخلقوا,1,Исследование не завершено
يخوضون,1,Исследование не завершено
يخيل,1,Исследование не завершено
يدا,1,Исследование не завершено
يدافع,1,Исследование не завершено
يداك,1,Исследование не завершено
يدبروا,1,Исследование не завершено
يدخلنا,1,Исследование не завершено
يدخلنها,1,Исследование не завершено
يدرسونها,1,Исследование не завершено
يدرك,1,Исследование не завершено
يدرككم,1,Исследование не завершено
يدركه,1,Исследование не завершено
يدسه,1,Исследование не завершено
يدعنا,1,Исследование не завершено
يدعوك,1,Исследование не завершено
يدعونني,1,Исследование не завершено
يدعونه,1,Исследование не завершено
يدعوه,1,Исследование не завершено
يدعوهم,1,Исследование не завершено
يدعى,1,Исследование не завершено
يدنين,1,Исследование не завершено
يدينون,1,Исследование не завершено
يديها,1,Исследование не завершено
يذبح,1,Исследование не завершено
يذبحون,1,Исследование не завершено
يذرؤكم,1,Исследование не завершено
يذكرهم,1,Исследование не завершено
يذهب,1,Исследование не завершено
يذوقوا,1,Исследование не завершено
يراد,1,Исследование не завершено
يراك,1,Исследование не завершено
يراها,1,Исследование не завершено
يربو,1,Исследование не завершено
يرتاب,1,Исследование не завершено
يرتابوا,1,Исследование не завершено
يرتدد,1,Исследование не завершено
يرتع,1,Исследование не завершено
يرثني,1,Исследование не завершено
يرجموكم,1,Исследование не завершено
يرحمنا,1,Исследование не завершено
يردك,1,Исследование не завершено
يردن,1,Исследование не завершено
يردونكم,1,Исследование не завершено
يرزقها,1,Исследование не завершено
يرشدون,1,Исследование не завершено
يرضعن,1,Исследование не завершено
يرضه,1,Исследование не завершено
يرضونكم,1,Исследование не завершено
يرضونه,1,Исследование не завершено
يرضوه,1,Исследование не завершено
يرغب,1,Исследование не завершено
يرغبوا,1,Исследование не завершено
يرفعه,1,Исследование не завершено
يرقبوا,1,Исследование не завершено
يرقبون,1,Исследование не завершено
يركبون,1,Исследование не завершено
يركضون,1,Исследование не завершено
يركعون,1,Исследование не завершено
يرم,1,Исследование не завершено
يرهبون,1,Исследование не завершено
يرهق,1,Исследование не завершено
يرهقهما,1,Исследование не завершено
يرونه,1,Исследование не завершено
يرونهم,1,Исследование не завершено
يريدا,1,Исследование не завершено
يريدان,1,Исследование не завершено
يريكموهم,1,Исследование не завершено
يريكهم,1,Исследование не завершено
يريهم,1,Исследование не завершено
يزده,1,Исследование не завершено
يزدهم,1,Исследование не завершено
يزعمون,1,Исследование не завершено
يزغ,1,Исследование не завершено
يزفون,1,Исследование не завершено
يزكون,1,Исследование не завершено
يزنون,1,Исследование не завершено
يزنين,1,Исследование не завершено
يزوجهم,1,Исследование не завершено
يزيدون,1,Исследование не завершено
يزيغ,1,Исследование не завершено
يس,1,Исследование не завершено
يسألكموها,1,Исследование не завершено
يسأله,1,Исследование не завершено
يسأم,1,Исследование не завершено
يسأمون,1,Исследование не завершено
يساقون,1,Исследование не завершено
يسبتون,1,Исследование не завершено
يسبقونا,1,Исследование не завершено
يسبقونه,1,Исследование не завершено
يستأذنوه,1,Исследование не завершено
يستبدل,1,Исследование не завершено
يستثنون,1,Исследование не завершено
يستجيبون,1,Исследование не завершено
يستحبون,1,Исследование не завершено
يستحسرون,1,Исследование не завершено
يستخفنك,1,Исследование не завершено
يستسخرون,1,Исследование не завершено
يستصرخه,1,Исследование не завершено
يستضعف,1,Исследование не завершено
يستضعفون,1,Исследование не завершено
يستعتبوا,1,Исследование не завершено
يستعجلونك,1,Исследование не завершено
يستعففن,1,Исследование не завершено
يستغشون,1,Исследование не завершено
يستغفروا,1,Исследование не завершено
يستغيثان,1,Исследование не завершено
يستغيثوا,1,Исследование не завершено
يستفتحون,1,Исследование не завершено
يستفتونك,1,Исследование не завершено
يستفزهم,1,Исследование не завершено
يستقيم,1,Исследование не завершено
يستنبطونه,1,Исследование не завершено
يستنقذوه,1,Исследование не завершено
يستنكحها,1,Исследование не завершено
يستهزئ,1,Исследование не завершено
يستوفون,1,Исследование не завершено
يسجدان,1,Исследование не завершено
يسجدوا,1,Исследование не завершено
يسجرون,1,Исследование не завершено
يسجن,1,Исследование не завершено
يسخر,1,Исследование не завершено
يسخطون,1,Исследование не завершено
يسر,1,Исследование не завершено
يسرف,1,Исследование не завершено
يسرفوا,1,Исследование не завершено
يسرق,1,Исследование не завершено
يسرقن,1,Исследование не завершено
يسره,1,Исследование не завершено
يسطرون,1,Исследование не завершено
يسطون,1,Исследование не завершено
يسعون,1,Исследование не завершено
يسقى,1,Исследование не завершено
يسكن,1,Исследование не завершено
يسلبهم,1,Исследование не завершено
يسلط,1,Исследование не завершено
يسلك,1,Исследование не завершено
يسلكه,1,Исследование не завершено
يسلم,1,Исследование не завершено
يسلمون,1,Исследование не завершено
يسمعونكم,1,Исследование не завершено
يسمن,1,Исследование не завершено
يسومهم,1,Исследование не завершено
يسيركم,1,Исследование не завершено
يسيغه,1,Исследование не завершено
يشاق,1,Исследование не завершено
يشتري,1,Исследование не завершено
يشربون,1,Исследование не завершено
يشرح,1,Исследование не завершено
يشركن,1,Исследование не завершено
يشرون,1,Исследование не завершено
يشري,1,Исследование не завершено
يشعركم,1,Исследование не завершено
يشعرن,1,Исследование не завершено
يشفعون,1,Исследование не завершено
يشفين,1,Исследование не завершено
يشقق,1,Исследование не завершено
يشقى,1,Исследование не завершено
يشهده,1,Исследование не завершено
يشوي,1,Исследование не завершено
يصب,1,Исследование не завершено
يصبح,1,Исследование не завершено
يصبروا,1,Исследование не завершено
يصبكم,1,Исследование не завершено
يصبها,1,Исследование не завершено
يصحبون,1,Исследование не завершено
يصدقني,1,Исследование не завершено
يصدقوا,1,Исследование не завершено
يصدقون,1,Исследование не завершено
يصدكم,1,Исследование не завершено
يصدنكم,1,Исследование не завершено
يصر,1,Исследование не завершено
يصرف,1,Исследование не завершено
يصرفون,1,Исследование не завершено
يصروا,1,Исследование не завершено
يصرون,1,Исследование не завершено
يصطرخون,1,Исследование не завершено
يصطفي,1,Исследование не завершено
يصعقون,1,Исследование не завершено
يصلبوا,1,Исследование не завершено
يصلحا,1,Исследование не завершено
يصلى,1,Исследование не завершено
يصنع,1,Исследование не завершено
يصهر,1,Исследование не завершено
يصوركم,1,Исследование не завершено
يصيب,1,Исследование не завершено
يصيبنا,1,Исследование не завершено
يضار,1,Исследование не завершено
يضاعفه,1,Исследование не завершено
يضاعفها,1,Исследование не завершено
يضاهئون,1,Исследование не завершено
يضر,1,Исследование не завершено
يضربن,1,Исследование не завершено
يضرعون,1,Исследование не завершено
يضرك,1,Исследование не завершено
يضرنا,1,Исследование не завершено
يضره,1,Исследование не завершено
يضروك,1,Исследование не завершено
يضروكم,1,Исследование не завершено
يضرون,1,Исследование не завершено
يضرونك,1,Исследование не завершено
يضلله,1,Исследование не завершено
يضلهم,1,Исследование не завершено
يضلوا,1,Исследование не завершено
يضلونكم,1,Исследование не завершено
يضلونهم,1,Исследование не завершено
يضيء,1,Исследование не завершено
يضيفوهما,1,Исследование не завершено
يضيق,1,Исследование не завершено
يطئون,1,Исследование не завершено
يطاع,1,Исследование не завершено
يطعمني,1,Исследование не завершено
يطعمها,1,Исследование не завершено
يطعمون,1,Исследование не завершено
يطغى,1,Исследование не завершено
يطفئوا,1,Исследование не завершено
يطلبه,1,Исследование не завершено
يطمع,1,Исследование не завершено
يطمعون,1,Исследование не завершено
يطهر,1,Исследование не завершено
يطهرن,1,Исследование не завершено
يطوفون,1,Исследование не завершено
يطير,1,Исследование не завершено
يطيروا,1,Исследование не завершено
يطيعكم,1,Исследование не завершено
يطيقونه,1,Исследование не завершено
يظاهروا,1,Исследование не завершено
يظهرون,1,Исследование не завершено
يظهروه,1,Исследование не завершено
يعبأ,1,Исследование не завершено
يعبدونني,1,Исследование не завершено
يعبدوها,1,Исследование не завершено
يعتذرون,1,Исследование не завершено
يعتزلوكم,1,Исследование не завершено
يعتصم,1,Исследование не завершено
يعجب,1,Исследование не завершено
يعجبك,1,Исследование не завершено
يعجزون,1,Исследование не завершено
يعجل,1,Исследование не завершено
يعد,1,Исследование не завершено
يعدون,1,Исследование не завершено
يعذبنا,1,Исследование не завершено
يعذبه,1,Исследование не завершено
يعرجون,1,Исследование не завершено
يعرضوا,1,Исследование не завершено
يعرف,1,Исследование не завершено
يعرفن,1,Исследование не завершено
يعرفوا,1,Исследование не завершено
يعرفونها,1,Исследование не завершено
يعرفونهم,1,Исследование не завершено
يعش,1,Исследование не завершено
يعصرون,1,Исследование не завершено
يعصمك,1,Исследование не завершено
يعصمكم,1,Исследование не завершено
يعصمني,1,Исследование не завершено
يعصون,1,Исследование не завершено
يعصينك,1,Исследование не завершено
يعض,1,Исследование не завершено
يعطيك,1,Исследование не завершено
يعظه,1,Исследование не завершено
يعفون,1,Исследование не завершено
يعقلها,1,Исследование не завершено
يعكفون,1,Исследование не завершено
يعلمان,1,Исследование не завершено
يعمروا,1,Исследование не завершено
يعودوا,1,Исследование не завершено
يعوذون,1,Исследование не завершено
يعي,1,Исследование не завершено
يعيد,1,Исследование не завершено
يعيدنا,1,Исследование не завершено
يعيدوكم,1,Исследование не завершено
يغاث,1,Исследование не завершено
يغاثوا,1,Исследование не завершено
يغادر,1,Исследование не завершено
يغتب,1,Исследование не завершено
يغررك,1,Исследование не завершено
يغرنك,1,Исследование не завершено
يغشاه,1,Исследование не завершено
يغشاها,1,Исследование не завершено
يغشاهم,1,Исследование не завершено
يغشيكم,1,Исследование не завершено
يغضضن,1,Исследование не завершено
يغضوا,1,Исследование не завершено
يغضون,1,Исследование не завершено
يغفروا,1,Исследование не завершено
يغفرون,1,Исследование не завершено
يغل,1,Исследование не завершено
يغلب,1,Исследование не завершено
يغلبون,1,Исследование не завершено
يغلل,1,Исследование не завершено
يغلي,1,Исследование не завершено
يغن,1,Исследование не завершено
يغنهم,1,Исследование не завершено
يغنيا,1,Исследование не завершено
يغنيكم,1,Исследование не завершено
يغنيه,1,Исследование не завершено
يغنيهم,1,Исследование не завершено
يغوث,1,Исследование не завершено
يغوصون,1,Исследование не завершено
يغويكم,1,Исследование не завершено
يغير,1,Исследование не завершено
يفتدي,1,Исследование не завершено
يفتر,1,Исследование не завершено
يفتري,1,Исследование не завершено
يفترينه,1,Исследование не завершено
يفتنكم,1,Исследование не завершено
يفتننكم,1,Исследование не завершено
يفتنهم,1,Исследование не завершено
يفتنوك,1,Исследование не завершено
يفجرونها,1,Исследование не завершено
يفر,1,Исследование не завершено
يفرح,1,Исследование не завершено
يفرحوا,1,Исследование не завершено
يفرط,1,Исследование не завершено
يفرطون,1,Исследование не завершено
يفرق,1,Исследование не завершено
يفسح,1,Исследование не завершено
يفسد,1,Исследование не завершено
يفعله,1,Исследование не завершено
يفقهوا,1,Исследование не завершено
يقاتل,1,Исследование не завершено
يقاتلوا,1,Исследование не завершено
يقبض,1,Исследование не завершено
يقتتلان,1,Исследование не завершено
يقترف,1,Исследование не завершено
يقترفون,1,Исследование не завершено
يقتروا,1,Исследование не завершено
يقتلن,1,Исследование не завершено
يقتلوا,1,Исследование не завершено
يقتلوك,1,Исследование не завершено
يقتلونني,1,Исследование не завершено
يقدم,1,Исследование не завершено
يقذف,1,Исследование не завершено
يقربوا,1,Исследование не завершено
يقسم,1,Исследование не завершено
يقسمون,1,Исследование не завершено
يقصرون,1,Исследование не завершено
يقض,1,Исследование не завершено
يقضون,1,Исследование не завершено
يقطعون,1,Исследование не завершено
يقطين,1,Исследование не завершено
يقل,1,Исследование не завершено
يقنت,1,Исследование не завершено
يقنط,1,Исследование не завершено
يقنطون,1,Исследование не завершено
يقولا,1,Исследование не завершено
يقومان,1,Исследование не завершено
يقومون,1,Исследование не завершено
يقيموا,1,Исследование не завершено
يقين,1,Исследование не завершено
يقينا,1,Исследование не завершено
يكبتهم,1,Исследование не завершено
يكبر,1,Исследование не завершено
يكبروا,1,Исследование не завершено
يكتم,1,Исследование не завершено
يكتمن,1,Исследование не завершено
يكتمها,1,Исследование не завершено
يكد,1,Исследование не завершено
يكذبك,1,Исследование не завершено
يكذبونك,1,Исследование не завершено
يكرههن,1,Исследование не завершено
يكرهون,1,Исследование не завершено
يكسبه,1,Исследование не завершено
يكشف,1,Исследование не завершено
يكفروه,1,Исследование не завершено
يكفل,1,Исследование не завершено
يكفله,1,Исследование не завершено
يكفلونه,1,Исследование не завершено
يكفهم,1,Исследование не завершено
يكفون,1,Исследование не завершено
يكفيكم,1,Исследование не завершено
يكلؤكم,1,Исследование не завершено
يكلمنا,1,Исследование не завершено
يكلمه,1,Исследование не завершено
يكنزون,1,Исследование не завершено
يكور,1,Исследование не завершено
يكونا,1,Исследование не завершено
يكونون,1,Исследование не завершено
يكيدون,1,Исследование не завершено
يلبثون,1,Исследование не завершено
يلبسكم,1,Исследование не завершено
يلبسوا,1,Исследование не завершено
يلتقطه,1,Исследование не завершено
يلتقيان,1,Исследование не завершено
يلتكم,1,Исследование не завершено
يلد,1,Исследование не завершено
يلدوا,1,Исследование не завершено
يلعن,1,Исследование не завершено
يلعنهم,1,Исследование не завершено
يلفظ,1,Исследование не завершено
يلق,1,Исследование не завершено
يلقاه,1,Исследование не завершено
يلمزك,1,Исследование не завершено
يلمزون,1,Исследование не завершено
يلونكم,1,Исследование не завершено
يلوون,1,Исследование не завершено
يمارون,1,Исследование не завершено
يمتعكم,1,Исследование не завершено
يمتعون,1,Исследование не завершено
يمحق,1,Исследование не завершено
يمحو,1,Исследование не завершено
يمددكم,1,Исследование не завершено
يمدكم,1,Исследование не завершено
يمده,1,Исследование не завершено
يمدونهم,1,Исследование не завершено
يمرون,1,Исследование не завершено
يمسسكم,1,Исследование не завершено
يمسسهم,1,Исследование не завершено
يمسكون,1,Исследование не завершено
يمسه,1,Исследование не завершено
يمكر,1,Исследование не завершено
يمل,1,Исследование не завершено
يمنون,1,Исследование не завершено
يمنى,1,Исследование не завершено
يمهدون,1,Исследование не завершено
يموتون,1,Исследование не завершено
يموج,1,Исследование не завершено
يميتني,1,Исследование не завершено
يميز,1,Исследование не завершено
يمين,1,Исследование не завершено
ينابيع,1,Исследование не завершено
يناد,1,Исследование не завершено
ينادونك,1,Исследование не завершено
ينادونهم,1,Исследование не завершено
ينادي,1,Исследование не завершено
ينازعنك,1,Исследование не завершено
يناله,1,Исследование не завершено
ينالون,1,Исследование не завершено
ينبئك,1,Исследование не завершено
ينبت,1,Исследование не завершено
ينبوعا,1,Исследование не завершено
ينتظر,1,Исследование не завершено
ينتظرون,1,Исследование не завершено
ينتهون,1,Исследование не завершено
ينجيه,1,Исследование не завершено
ينحتون,1,Исследование не завершено
ينذرون,1,Исследование не завершено
ينزع,1,Исследование не завершено
ينزغ,1,Исследование не завершено
ينسفها,1,Исследование не завершено
ينسى,1,Исследование не завершено
ينسينك,1,Исследование не завершено
ينشأ,1,Исследование не завершено
ينشئ,1,Исследование не завершено
ينشر,1,Исследование не завершено
ينشرون,1,Исследование не завершено
ينصر,1,Исследование не завершено
ينصرنا,1,Исследование не завершено
ينصرونكم,1,Исследование не завершено
ينطلق,1,Исследование не завершено
ينعق,1,Исследование не завершено
ينفد,1,Исследование не завершено
ينفضوا,1,Исследование не завершено
ينفعك,1,Исследование не завершено
ينفعه,1,Исследование не завершено
ينفعونكم,1,Исследование не завершено
ينفقونها,1,Исследование не завершено
ينفوا,1,Исследование не завершено
ينقص,1,Исследование не завершено
ينقصوكم,1,Исследование не завершено
ينقض,1,Исследование не завершено
ينقلبون,1,Исследование не завершено
ينكث,1,Исследование не завершено
ينكحن,1,Исследование не завершено
ينكحها,1,Исследование не завершено
ينكر,1,Исследование не завершено
ينكرونها,1,Исследование не завершено
ينهاهم,1,Исследование не завершено
ينهى,1,Исследование не завершено
يهاجر,1,Исследование не завершено
يهب,1,Исследование не завершено
يهبط,1,Исследование не завершено
يهجعون,1,Исследование не завершено
يهدني,1,Исследование не завершено
يهدوننا,1,Исследование не завершено
يهدى,1,Исследование не завершено
يهديكم,1,Исследование не завершено
يهديني,1,Исследование не завершено
يهلكنا,1,Исследование не завершено
يهن,1,Исследование не завершено
يهوديا,1,Исследование не завершено
يهيمون,1,Исследование не завершено
يوادون,1,Исследование не завершено
يوبقهن,1,Исследование не завершено
يوثق,1,Исследование не завершено
يوجهه,1,Исследование не завершено
يوح,1,Исследование не завершено
يودوا,1,Исследование не завершено
يورث,1,Исследование не завершено
يورثها,1,Исследование не завершено
يوسوس,1,Исследование не завершено
يوصى,1,Исследование не завершено
يوصي,1,Исследование не завершено
يوصيكم,1,Исследование не завершено
يوصين,1,Исследование не завершено
يوعظون,1,Исследование не завершено
يوعون,1,Исследование не завершено
يوفضون,1,Исследование не завершено
يوفق,1,Исследование не завершено
يوفى,1,Исследование не завершено
يوفيهم,1,Исследование не завершено
يوقد,1,Исследование не завершено
يوقدون,1,Исследование не завершено
يوقع,1,Исследование не завершено
يولد,1,Исследование не завершено
يولهم,1,Исследование не завершено
يولوكم,1,Исследование не завершено
يولون,1,Исследование не завершено
